Key,Ticker,Date,Open,High,Low,Close,PrevClose,GapPct,IntradayPct,ReactionScore
AAPL|2024-12-24,AAPL,2024/12/24,255.49,258.21,255.29,258.2,255.27,0.000861833,0.010607069,0.004759927
AAPL|2024-12-26,AAPL,2024/12/26,258.19,260.1,257.63,259.02,258.2,-3.87E-05,0.003214687,0.001309113
AAPL|2024-12-27,AAPL,2024/12/27,257.83,258.7,253.06,255.59,259.02,-0.00459424,-0.008687895,0.006231702
AAPL|2024-12-30,AAPL,2024/12/30,252.23,253.5,250.75,252.2,255.59,-0.013146054,-0.000118939,0.007935208
AAPL|2024-12-31,AAPL,2024/12/31,252.44,253.28,249.43,250.42,252.2,0.000951626,-0.008001901,0.003771736
AAPL|2025-01-02,AAPL,2025/1/2,248.93,249.1,241.8201,243.85,250.42,-0.005950004,-0.020407343,0.01173294
AAPL|2025-01-03,AAPL,2025/1/3,243.36,244.18,241.89,243.36,243.85,-0.002009432,0,0.001205659
AAPL|2025-01-06,AAPL,2025/1/6,244.31,247.33,243.2,245,243.36,0.003903682,0.002824281,0.003471921
AAPL|2025-01-07,AAPL,2025/1/7,242.98,245.55,241.35,242.21,245,-0.008244898,-0.003168985,0.006214533
AAPL|2025-01-08,AAPL,2025/1/8,241.92,243.7123,240.05,242.7,242.21,-0.001197308,0.003224206,0.002008067
AAPL|2025-01-10,AAPL,2025/1/10,240.01,240.16,233,236.85,242.7,-0.011083642,-0.013166118,0.011916633
AAPL|2025-01-13,AAPL,2025/1/13,233.53,234.67,229.72,234.4,236.85,-0.014017311,0.003725431,0.009900559
AAPL|2025-01-14,AAPL,2025/1/14,234.75,236.12,232.472,233.28,234.4,0.001493174,-0.006261981,0.003400697
AAPL|2025-01-15,AAPL,2025/1/15,234.635,238.96,234.43,237.87,233.28,0.005808471,0.013787372,0.009000031
AAPL|2025-01-16,AAPL,2025/1/16,237.35,238.01,228.03,228.26,237.87,-0.002186068,-0.038297872,0.01663079
AAPL|2025-01-17,AAPL,2025/1/17,232.115,232.29,228.48,229.98,228.26,0.016888636,-0.009198027,0.013812392
AAPL|2025-01-21,AAPL,2025/1/21,224,224.42,219.38,222.64,229.98,-0.026002261,-0.006071429,0.018029928
AAPL|2025-01-22,AAPL,2025/1/22,219.79,224.12,219.79,223.83,222.64,-0.012800934,0.018381182,0.015033033
AAPL|2025-01-23,AAPL,2025/1/23,224.74,227.03,222.3,223.66,223.83,0.004065585,-0.004805553,0.004361573
AAPL|2025-01-24,AAPL,2025/1/24,224.78,225.63,221.41,222.78,223.66,0.005007601,-0.008897589,0.006563596
AAPL|2025-01-27,AAPL,2025/1/27,224.02,232.15,223.98,229.86,222.78,0.005566029,0.026069101,0.013767258
AAPL|2025-01-28,AAPL,2025/1/28,230.85,240.19,230.81,238.26,229.86,0.004306969,0.032098765,0.015423688
AAPL|2025-01-29,AAPL,2025/1/29,234.12,239.855,234.01,239.36,238.26,-0.017375976,0.022381685,0.019378259
AAPL|2025-01-30,AAPL,2025/1/30,238.665,240.79,237.21,237.59,239.36,-0.002903576,-0.004504221,0.003543834
AAPL|2025-01-31,AAPL,2025/1/31,247.19,247.19,233.44,236,237.59,0.040405741,-0.045268822,0.042350973
AAPL|2025-02-03,AAPL,2025/2/3,229.99,231.83,225.7,228.01,236,-0.025466102,-0.00860907,0.018723289
AAPL|2025-02-04,AAPL,2025/2/4,227.25,233.13,226.65,232.8,228.01,-0.003333187,0.024422442,0.011768889
AAPL|2025-02-05,AAPL,2025/2/5,228.53,232.67,228.27,232.47,232.8,-0.018341924,0.017240625,0.017901405
AAPL|2025-02-06,AAPL,2025/2/6,231.285,233.8,230.425,233.22,232.47,-0.005097432,0.008366301,0.00640498
AAPL|2025-02-07,AAPL,2025/2/7,232.6,234,227.26,227.63,233.22,-0.002658434,-0.021367154,0.010141922
AAPL|2025-02-10,AAPL,2025/2/10,229.57,230.585,227.2,227.65,227.63,0.008522602,-0.008363462,0.008458946
AAPL|2025-02-11,AAPL,2025/2/11,228.2,235.23,228.13,232.62,227.65,0.002415989,0.019368975,0.009197184
AAPL|2025-02-12,AAPL,2025/2/12,231.2,236.96,230.68,236.87,232.62,-0.006104376,0.024524221,0.013472314
AAPL|2025-02-13,AAPL,2025/2/13,236.91,242.3399,235.57,241.53,236.87,0.000168869,0.019501076,0.007901752
AAPL|2025-02-14,AAPL,2025/2/14,241.25,245.55,240.99,244.6,241.53,-0.001159276,0.01388601,0.00624997
AAPL|2025-02-18,AAPL,2025/2/18,244.15,245.18,241.84,244.47,244.6,-0.001839738,0.00131067,0.001628111
AAPL|2025-02-19,AAPL,2025/2/19,244.66,246.01,243.1604,244.87,244.47,0.000777191,0.000858334,0.000809648
AAPL|2025-02-20,AAPL,2025/2/20,244.94,246.78,244.29,245.83,244.87,0.000285866,0.003633543,0.001624937
AAPL|2025-02-21,AAPL,2025/2/21,245.95,248.69,245.22,245.55,245.83,0.000488142,-0.001626347,0.000943424
AAPL|2025-02-24,AAPL,2025/2/24,244.925,248.86,244.42,247.1,245.55,-0.002545306,0.008880269,0.005079292
AAPL|2025-02-25,AAPL,2025/2/25,248,250,244.91,247.04,247.1,0.00364225,-0.003870968,0.003733737
AAPL|2025-02-26,AAPL,2025/2/26,244.33,244.98,239.13,240.36,247.04,-0.010969883,-0.016248516,0.013081337
AAPL|2025-02-27,AAPL,2025/2/27,239.41,242.46,237.06,237.3,240.36,-0.003952405,-0.008813333,0.005896776
AAPL|2025-02-28,AAPL,2025/2/28,236.95,242.09,230.2,241.84,237.3,-0.001474926,0.020637265,0.009139862
AAPL|2025-03-03,AAPL,2025/3/3,241.79,244.0272,236.112,238.03,241.84,-0.000206748,-0.015550684,0.006344323
AAPL|2025-03-04,AAPL,2025/3/4,237.705,240.07,234.68,235.93,238.03,-0.001365374,-0.007467239,0.00380612
AAPL|2025-03-05,AAPL,2025/3/5,235.42,236.55,229.23,235.74,235.93,-0.002161658,0.001359273,0.001840704
AAPL|2025-03-06,AAPL,2025/3/6,234.435,237.86,233.1581,235.33,235.74,-0.00553576,0.003817689,0.004848532
AAPL|2025-03-07,AAPL,2025/3/7,235.105,241.37,234.76,239.07,235.33,-0.000956104,0.016864805,0.007319585
AAPL|2025-03-10,AAPL,2025/3/10,235.54,236.16,224.22,227.48,239.07,-0.01476555,-0.034219241,0.022547026
AAPL|2025-03-11,AAPL,2025/3/11,223.805,225.8399,217.45,220.84,227.48,-0.016155266,-0.01324814,0.014992416
AAPL|2025-03-12,AAPL,2025/3/12,220.14,221.75,214.91,216.98,220.84,-0.003169716,-0.014354502,0.00764363
AAPL|2025-03-13,AAPL,2025/3/13,215.95,216.8394,208.42,209.68,216.98,-0.004746981,-0.029034499,0.014461988
AAPL|2025-03-14,AAPL,2025/3/14,211.25,213.95,209.58,213.49,209.68,0.0074876,0.01060355,0.00873398
AAPL|2025-03-17,AAPL,2025/3/17,213.31,215.22,209.97,214,213.49,-0.000843131,0.003234729,0.00179977
AAPL|2025-03-18,AAPL,2025/3/18,214.16,215.15,211.49,212.69,214,0.000747664,-0.006864027,0.003194209
AAPL|2025-03-19,AAPL,2025/3/19,214.22,218.76,213.75,215.24,212.69,0.007193568,0.00476146,0.006220725
AAPL|2025-03-20,AAPL,2025/3/20,213.99,217.4899,212.22,214.1,215.24,-0.005807471,0.000514043,0.0036901
AAPL|2025-03-21,AAPL,2025/3/21,211.56,218.84,211.28,218.27,214.1,-0.011863615,0.031716771,0.019804877
AAPL|2025-03-24,AAPL,2025/3/24,221,221.48,218.58,220.73,218.27,0.012507445,-0.001221719,0.007993155
AAPL|2025-03-25,AAPL,2025/3/25,220.77,224.1,220.08,223.75,220.73,0.000181217,0.013498211,0.005508014
AAPL|2025-03-26,AAPL,2025/3/26,223.51,225.02,220.47,221.53,223.75,-0.001072626,-0.008858664,0.004187041
AAPL|2025-03-27,AAPL,2025/3/27,221.39,224.99,220.5601,223.85,221.53,-0.000631969,0.011111613,0.004823826
AAPL|2025-03-28,AAPL,2025/3/28,221.67,223.81,217.68,217.9,223.85,-0.009738664,-0.017007263,0.012646104
AAPL|2025-03-31,AAPL,2025/3/31,217.005,225.62,216.23,222.13,217.9,-0.004107389,0.023616967,0.01191122
AAPL|2025-04-01,AAPL,2025/4/1,219.805,223.68,218.9,223.19,222.13,-0.010466844,0.015400014,0.012440112
AAPL|2025-04-02,AAPL,2025/4/2,221.315,225.19,221.02,223.89,223.19,-0.008400914,0.011635,0.009694548
AAPL|2025-04-03,AAPL,2025/4/3,205.54,207.49,201.25,203.19,223.89,-0.081959891,-0.011433298,0.053749254
AAPL|2025-04-04,AAPL,2025/4/4,193.89,199.88,187.34,188.38,203.19,-0.045769969,-0.028418175,0.038829251
AAPL|2025-04-07,AAPL,2025/4/7,177.2,194.15,174.62,181.46,188.38,-0.059348126,0.024040632,0.045225128
AAPL|2025-04-08,AAPL,2025/4/8,186.7,190.335,169.2101,172.42,181.46,0.028876887,-0.076486342,0.047920669
AAPL|2025-04-09,AAPL,2025/4/9,171.95,200.61,171.89,198.85,172.42,-0.002725902,0.156440826,0.064211871
AAPL|2025-04-10,AAPL,2025/4/10,189.065,194.7799,183,190.42,198.85,-0.049207946,0.007166847,0.032391506
AAPL|2025-04-11,AAPL,2025/4/11,186.1,199.54,186.06,198.15,190.42,-0.022686693,0.064750134,0.039512069
AAPL|2025-04-14,AAPL,2025/4/14,211.44,212.94,201.1621,202.52,198.15,0.067070401,-0.042186909,0.057117004
AAPL|2025-04-15,AAPL,2025/4/15,201.855,203.51,199.8,202.14,202.52,-0.003283626,0.001411905,0.002534938
AAPL|2025-04-16,AAPL,2025/4/16,198.36,200.7,192.37,194.27,202.14,-0.018699911,-0.020619076,0.019467577
AAPL|2025-04-17,AAPL,2025/4/17,197.2,198.8335,194.42,196.98,194.27,0.015082102,-0.001115619,0.009495509
AAPL|2025-04-21,AAPL,2025/4/21,193.265,193.8,189.8112,193.16,196.98,-0.018859783,-0.000543295,0.011533188
AAPL|2025-04-22,AAPL,2025/4/22,196.12,201.59,195.97,199.74,193.16,0.015324084,0.018458087,0.016577685
AAPL|2025-04-23,AAPL,2025/4/23,206,208,202.799,204.6,199.74,0.031340743,-0.006796117,0.021522892
AAPL|2025-04-24,AAPL,2025/4/24,204.89,208.8299,202.94,208.37,204.6,0.0014174,0.016984724,0.007644329
AAPL|2025-04-25,AAPL,2025/4/25,206.365,209.75,206.2,209.28,208.37,-0.009622306,0.014125457,0.011423567
AAPL|2025-04-28,AAPL,2025/4/28,210,211.5,207.46,210.14,209.28,0.003440367,0.000666667,0.002330887
AAPL|2025-04-29,AAPL,2025/4/29,208.693,212.24,208.37,211.21,210.14,-0.006885886,0.012060778,0.008955843
AAPL|2025-04-30,AAPL,2025/4/30,209.3,213.58,206.6705,212.5,211.21,-0.009043132,0.015289059,0.011541503
AAPL|2025-05-01,AAPL,2025/5/1,209.08,214.56,208.9,213.32,212.5,-0.016094118,0.020279319,0.017768198
AAPL|2025-05-02,AAPL,2025/5/2,206.09,206.99,202.16,205.35,213.32,-0.033892743,-0.003590664,0.021771912
AAPL|2025-05-05,AAPL,2025/5/5,203.1,204.1,198.21,198.89,205.35,-0.010956903,-0.020728705,0.014865624
AAPL|2025-05-06,AAPL,2025/5/6,198.21,200.65,197.02,198.51,198.89,-0.003418975,0.001513546,0.002656804
AAPL|2025-05-07,AAPL,2025/5/7,199.17,199.44,193.25,196.25,198.51,0.00332477,-0.014660842,0.007859199
AAPL|2025-05-08,AAPL,2025/5/8,197.72,200.05,194.6796,197.49,196.25,0.007490446,-0.001163261,0.004959572
AAPL|2025-05-09,AAPL,2025/5/9,199,200.5399,197.535,198.53,197.49,0.007645957,-0.002361809,0.005532298
AAPL|2025-05-12,AAPL,2025/5/12,210.97,211.2679,206.75,210.79,198.53,0.062660555,-0.000853202,0.037937614
AAPL|2025-05-13,AAPL,2025/5/13,210.43,213.4,209,212.93,210.79,-0.001707861,0.011880435,0.005776891
AAPL|2025-05-14,AAPL,2025/5/14,212.43,213.94,210.5801,212.33,212.93,-0.00234819,-0.000470743,0.001597211
AAPL|2025-05-15,AAPL,2025/5/15,210.95,212.96,209.54,211.45,212.33,-0.006499317,0.00237023,0.004847682
AAPL|2025-05-16,AAPL,2025/5/16,212.36,212.57,209.77,211.26,211.45,0.004303618,-0.005179883,0.004654124
AAPL|2025-05-19,AAPL,2025/5/19,207.91,209.48,204.26,208.78,211.26,-0.015857238,0.004184503,0.011188144
AAPL|2025-05-20,AAPL,2025/5/20,207.67,208.47,205.03,206.86,208.78,-0.005316601,-0.003900419,0.004750128
AAPL|2025-05-21,AAPL,2025/5/21,205.17,207.04,200.71,202.09,206.86,-0.008169777,-0.015011941,0.010906643
AAPL|2025-05-22,AAPL,2025/5/22,200.71,202.75,199.7,201.36,202.09,-0.006828641,0.003238503,0.005392586
AAPL|2025-05-23,AAPL,2025/5/23,193.665,197.7,193.46,195.27,201.36,-0.038215137,0.008287507,0.026244085
AAPL|2025-05-27,AAPL,2025/5/27,198.3,200.74,197.43,200.21,195.27,0.015516976,0.009631871,0.013162934
AAPL|2025-05-28,AAPL,2025/5/28,200.59,202.73,199.9,200.42,200.21,0.001898007,-0.0008475,0.001477804
AAPL|2025-05-29,AAPL,2025/5/29,203.575,203.81,198.51,199.95,200.42,0.015741942,-0.017806705,0.016567847
AAPL|2025-05-30,AAPL,2025/5/30,199.37,201.96,196.78,200.85,199.95,-0.002900725,0.007423384,0.004709789
AAPL|2025-06-02,AAPL,2025/6/2,200.28,202.13,200.12,201.7,200.85,-0.002837939,0.007090074,0.004538793
AAPL|2025-06-03,AAPL,2025/6/3,201.35,203.77,200.955,203.27,201.7,-0.00173525,0.009535634,0.004855404
AAPL|2025-06-04,AAPL,2025/6/4,202.91,206.24,202.1,202.82,203.27,-0.001771043,-0.000443546,0.001240045
AAPL|2025-06-05,AAPL,2025/6/5,203.5,204.75,200.15,200.63,202.82,0.003352727,-0.014103194,0.007652914
AAPL|2025-06-06,AAPL,2025/6/6,203,205.7,202.05,203.92,200.63,0.01181279,0.00453202,0.008900482
AAPL|2025-06-09,AAPL,2025/6/9,204.39,206,200.02,201.45,203.92,0.002304825,-0.014384265,0.007136601
AAPL|2025-06-10,AAPL,2025/6/10,200.6,204.35,200.57,202.67,201.45,-0.004219409,0.010319043,0.006659263
AAPL|2025-06-11,AAPL,2025/6/11,203.5,204.5,198.41,198.78,202.67,0.004095327,-0.023194103,0.011734838
AAPL|2025-06-12,AAPL,2025/6/12,199.08,199.68,197.3601,199.2,198.78,0.001509206,0.000602773,0.001146633
AAPL|2025-06-13,AAPL,2025/6/13,199.73,200.37,195.7,196.45,199.2,0.002660643,-0.01642217,0.008165254
AAPL|2025-06-16,AAPL,2025/6/16,197.3,198.685,196.5636,198.42,196.45,0.004326801,0.005676635,0.004866734
AAPL|2025-06-17,AAPL,2025/6/17,197.2,198.39,195.21,195.64,198.42,-0.006148574,-0.007910751,0.006853444
AAPL|2025-06-18,AAPL,2025/6/18,195.94,197.57,195.07,196.58,195.64,0.001533429,0.003266306,0.00222658
AAPL|2025-06-20,AAPL,2025/6/20,198.235,201.7,196.855,201,196.58,0.008418964,0.013948092,0.010630615
AAPL|2025-06-23,AAPL,2025/6/23,201.625,202.3,198.96,201.5,201,0.003109453,-0.000619963,0.002113657
AAPL|2025-06-24,AAPL,2025/6/24,202.59,203.44,200.2,200.3,201.5,0.005409429,-0.011303618,0.007767105
AAPL|2025-06-25,AAPL,2025/6/25,201.45,203.67,200.6201,201.56,200.3,0.005741388,0.000546041,0.003663249
AAPL|2025-06-26,AAPL,2025/6/26,201.43,202.64,199.46,201,201.56,-0.000644969,-0.002134737,0.001240876
AAPL|2025-06-27,AAPL,2025/6/27,201.89,203.22,200,201.08,201,0.004427861,-0.004012086,0.004261551
AAPL|2025-06-30,AAPL,2025/6/30,202.01,207.39,199.2607,205.17,201.08,0.004625025,0.01564279,0.009032131
AAPL|2025-07-01,AAPL,2025/7/1,206.665,210.1865,206.1401,207.82,205.17,0.00728664,0.005588755,0.006607486
AAPL|2025-07-02,AAPL,2025/7/2,208.91,213.34,208.14,212.44,207.82,0.005244923,0.016897228,0.009905845
AAPL|2025-07-03,AAPL,2025/7/3,212.145,214.65,211.8101,213.55,212.44,-0.001388627,0.006622829,0.003482308
AAPL|2025-07-07,AAPL,2025/7/7,212.68,216.23,208.8,209.95,213.55,-0.004073987,-0.012836186,0.007578867
AAPL|2025-07-08,AAPL,2025/7/8,210.1,211.43,208.45,210.01,209.95,0.000714456,-0.000428367,0.00060002
AAPL|2025-07-09,AAPL,2025/7/9,209.53,211.33,207.22,211.14,210.01,-0.002285605,0.007683864,0.004444909
AAPL|2025-07-10,AAPL,2025/7/10,210.505,213.48,210.03,212.41,211.14,-0.003007483,0.009049666,0.005424356
AAPL|2025-07-11,AAPL,2025/7/11,210.565,212.13,209.86,211.16,212.41,-0.008686032,0.002825731,0.006341911
AAPL|2025-07-14,AAPL,2025/7/14,209.925,210.91,207.54,208.62,211.16,-0.005848646,-0.006216506,0.00599579
AAPL|2025-07-15,AAPL,2025/7/15,209.22,211.89,208.92,209.11,208.62,0.002876043,-0.000525762,0.00193593
AAPL|2025-07-16,AAPL,2025/7/16,210.295,212.4,208.64,210.16,209.11,0.005666874,-0.000641955,0.003656906
AAPL|2025-07-17,AAPL,2025/7/17,210.57,211.8,209.59,210.02,210.16,0.001950895,-0.002611958,0.00221532
AAPL|2025-07-18,AAPL,2025/7/18,210.87,211.79,209.7045,211.18,210.02,0.004047234,0.0014701,0.00301638
AAPL|2025-07-21,AAPL,2025/7/21,212.1,215.78,211.63,212.48,211.18,0.004356473,0.001791608,0.003330527
AAPL|2025-07-22,AAPL,2025/7/22,213.14,214.95,212.2301,214.4,212.48,0.003106175,0.005911607,0.004228348
AAPL|2025-07-23,AAPL,2025/7/23,215,215.15,212.41,214.15,214.4,0.002798507,-0.003953488,0.0032605
AAPL|2025-07-24,AAPL,2025/7/24,213.9,215.69,213.53,213.76,214.15,-0.001167406,-0.000654511,0.000962248
AAPL|2025-07-25,AAPL,2025/7/25,214.7,215.24,213.4,213.88,213.76,0.004397455,-0.003819283,0.004166186
AAPL|2025-07-28,AAPL,2025/7/28,214.03,214.845,213.06,214.05,213.88,0.000701328,9.34E-05,0.000458175
AAPL|2025-07-29,AAPL,2025/7/29,214.175,214.81,210.82,211.27,214.05,0.000583976,-0.013563675,0.005775855
AAPL|2025-07-30,AAPL,2025/7/30,211.895,212.39,207.72,209.05,211.27,0.0029583,-0.013426461,0.007145564
AAPL|2025-07-31,AAPL,2025/7/31,208.49,209.84,207.16,207.57,209.05,-0.002678785,-0.004412682,0.003372344
AAPL|2025-08-01,AAPL,2025/8/1,210.865,213.58,201.5,202.38,207.57,0.015874163,-0.040239015,0.025620104
AAPL|2025-08-04,AAPL,2025/8/4,204.505,207.88,201.675,203.35,202.38,0.010500049,-0.005647784,0.008559143
AAPL|2025-08-05,AAPL,2025/8/5,203.4,205.34,202.16,202.92,203.35,0.000245881,-0.002359882,0.001091482
AAPL|2025-08-06,AAPL,2025/8/6,205.63,215.38,205.59,213.25,202.92,0.013355017,0.03705685,0.02283575
AAPL|2025-08-07,AAPL,2025/8/7,218.875,220.85,216.58,220.03,213.25,0.026377491,0.005276985,0.017937289
AAPL|2025-08-08,AAPL,2025/8/8,220.83,231,219.25,229.35,220.03,0.003635868,0.038581714,0.017614206
AAPL|2025-08-11,AAPL,2025/8/11,227.92,229.56,224.76,227.18,229.35,-0.006235012,-0.003246753,0.005039708
AAPL|2025-08-12,AAPL,2025/8/12,228.005,230.8,227.07,229.65,227.18,0.003631482,0.007214754,0.005064791
AAPL|2025-08-13,AAPL,2025/8/13,231.07,235,230.43,233.33,229.65,0.006183322,0.009780586,0.007622228
AAPL|2025-08-14,AAPL,2025/8/14,234.055,235.12,230.85,232.78,233.33,0.003107187,-0.005447438,0.004043287
AAPL|2025-08-15,AAPL,2025/8/15,234,234.28,229.335,231.59,232.78,0.005241,-0.010299145,0.007264258
AAPL|2025-08-18,AAPL,2025/8/18,231.7,233.12,230.11,230.89,231.59,0.000474977,-0.0034959,0.001683346
AAPL|2025-08-19,AAPL,2025/8/19,231.275,232.87,229.35,230.56,230.89,0.001667461,-0.003091558,0.002237099
AAPL|2025-08-20,AAPL,2025/8/20,229.98,230.47,225.77,226.01,230.56,-0.002515614,-0.017262371,0.008414317
AAPL|2025-08-21,AAPL,2025/8/21,226.27,226.52,223.7804,224.9,226.01,0.001150392,-0.006054713,0.00311212
AAPL|2025-08-22,AAPL,2025/8/22,226.17,229.09,225.41,227.76,224.9,0.005646954,0.00703011,0.006200217
AAPL|2025-08-25,AAPL,2025/8/25,226.48,229.3,226.23,227.16,227.76,-0.005619951,0.003002473,0.00457296
AAPL|2025-08-26,AAPL,2025/8/26,226.87,229.49,224.69,229.31,227.16,-0.001276633,0.010755058,0.005068003
AAPL|2025-08-27,AAPL,2025/8/27,228.61,230.9,228.26,230.49,229.31,-0.003052636,0.008223612,0.005121027
AAPL|2025-08-28,AAPL,2025/8/28,230.82,233.41,229.335,232.56,230.49,0.001431732,0.007538342,0.003874376
AAPL|2025-08-29,AAPL,2025/8/29,232.51,233.38,231.37,232.14,232.56,-0.000214998,-0.001591329,0.000765531
AAPL|2025-09-02,AAPL,2025/9/2,229.25,230.85,226.97,229.72,232.14,-0.012449384,0.002050164,0.008289696
AAPL|2025-09-03,AAPL,2025/9/3,237.21,238.85,234.36,238.47,229.72,0.03260491,0.005311749,0.021687646
AAPL|2025-09-04,AAPL,2025/9/4,238.45,239.8999,236.74,239.78,238.47,-8.39E-05,0.005577689,0.002281396
AAPL|2025-09-05,AAPL,2025/9/5,239.995,241.32,238.4901,239.69,239.78,0.000896655,-0.00127086,0.001046337
AAPL|2025-09-08,AAPL,2025/9/8,239.3,240.15,236.34,237.88,239.69,-0.001627102,-0.005933974,0.003349851
AAPL|2025-09-09,AAPL,2025/9/9,237,238.7805,233.36,234.35,237.88,-0.003699344,-0.011181435,0.00669218
AAPL|2025-09-10,AAPL,2025/9/10,232.185,232.42,225.95,226.79,234.35,-0.009238319,-0.023235782,0.014837304
AAPL|2025-09-11,AAPL,2025/9/11,226.875,230.45,226.65,230.03,226.79,0.000374796,0.013906336,0.005787412
AAPL|2025-09-12,AAPL,2025/9/12,229.22,234.51,229.02,234.07,230.03,-0.00352128,0.021158712,0.010576253
AAPL|2025-09-15,AAPL,2025/9/15,237,238.19,235.03,236.7,234.07,0.012517623,-0.001265823,0.008016903
AAPL|2025-09-16,AAPL,2025/9/16,237.175,241.22,236.3235,238.15,236.7,0.00200676,0.004110889,0.002848411
AAPL|2025-09-17,AAPL,2025/9/17,238.97,240.1,237.7301,238.99,238.15,0.003443208,8.37E-05,0.002099402
AAPL|2025-09-18,AAPL,2025/9/18,239.97,241.2,236.65,237.88,238.99,0.00410059,-0.008709422,0.005944123
AAPL|2025-09-19,AAPL,2025/9/19,241.225,246.3,240.2106,245.5,237.88,0.014061712,0.017722044,0.015525845
AAPL|2025-09-22,AAPL,2025/9/22,248.3,256.64,248.12,256.08,245.5,0.011405295,0.031333065,0.019376403
AAPL|2025-09-23,AAPL,2025/9/23,255.875,257.34,253.58,254.43,256.08,-0.000800531,-0.005647289,0.002739234
AAPL|2025-09-24,AAPL,2025/9/24,255.22,255.74,251.04,252.31,254.43,0.00310498,-0.011401928,0.006423759
AAPL|2025-09-25,AAPL,2025/9/25,253.205,257.17,251.712,256.87,252.31,0.003547224,0.014474438,0.007918109
AAPL|2025-09-26,AAPL,2025/9/26,254.095,257.6,253.78,255.46,256.87,-0.01080313,0.005372007,0.008630681
AAPL|2025-09-29,AAPL,2025/9/29,254.56,255,253.01,254.43,255.46,-0.003523056,-0.000510685,0.002318108
AAPL|2025-09-30,AAPL,2025/9/30,254.855,255.919,253.11,254.63,254.43,0.001670401,-0.000882855,0.001355382
AAPL|2025-10-01,AAPL,2025/10/1,255.04,258.79,254.93,255.45,254.63,0.001610179,0.001607591,0.001609144
AAPL|2025-10-02,AAPL,2025/10/2,256.575,258.18,254.15,257.13,255.45,0.004403993,0.00216311,0.00350764
AAPL|2025-10-03,AAPL,2025/10/3,254.665,259.24,253.95,258.02,257.13,-0.00958659,0.01317417,0.011021622
AAPL|2025-10-06,AAPL,2025/10/6,257.99,259.07,255.05,256.69,258.02,-0.00011627,-0.005038955,0.002085344
AAPL|2025-10-07,AAPL,2025/10/7,256.805,257.4,255.43,256.48,256.69,0.000448011,-0.001265552,0.000775027
AAPL|2025-10-08,AAPL,2025/10/8,256.52,258.52,256.11,258.06,256.48,0.000155958,0.006003431,0.002494947
AAPL|2025-10-09,AAPL,2025/10/9,257.805,258,253.14,254.04,258.06,-0.000988142,-0.014604061,0.00643451
AAPL|2025-10-10,AAPL,2025/10/10,254.94,256.38,244,245.27,254.04,0.003542749,-0.037930493,0.017297847
AAPL|2025-10-13,AAPL,2025/10/13,249.38,249.69,245.56,247.66,245.27,0.016757043,-0.006897105,0.012813068
AAPL|2025-10-14,AAPL,2025/10/14,246.6,248.845,244.7,247.77,247.66,-0.004280061,0.004744526,0.004465847
AAPL|2025-10-15,AAPL,2025/10/15,249.485,251.82,247.47,249.34,247.77,0.006921742,-0.000581197,0.004385524
AAPL|2025-10-16,AAPL,2025/10/16,248.25,249.04,245.13,247.45,249.34,-0.004371541,-0.003222558,0.003911948
AAPL|2025-10-17,AAPL,2025/10/17,248.02,253.38,247.27,252.29,247.45,0.002303496,0.017216354,0.008268639
AAPL|2025-10-20,AAPL,2025/10/20,255.885,264.375,255.63,262.24,252.29,0.014249475,0.024835375,0.018483835
AAPL|2025-10-21,AAPL,2025/10/21,261.88,265.29,261.83,262.77,262.24,-0.001372788,0.003398503,0.002183074
AAPL|2025-10-22,AAPL,2025/10/22,262.65,262.85,255.43,258.45,262.77,-0.000456673,-0.015990862,0.006670349
AAPL|2025-10-23,AAPL,2025/10/23,259.94,260.62,258.0101,259.58,258.45,0.005765138,-0.001384935,0.004013057
AAPL|2025-10-24,AAPL,2025/10/24,261.19,264.13,259.18,262.82,259.58,0.006202327,0.006240668,0.006217663
AAPL|2025-10-27,AAPL,2025/10/27,264.88,269.12,264.6501,268.81,262.82,0.007838064,0.014836907,0.010637601
AAPL|2025-10-28,AAPL,2025/10/28,268.985,269.89,268.15,269,268.81,0.000651017,5.58E-05,0.000412917
AAPL|2025-10-29,AAPL,2025/10/29,269.275,271.41,267.11,269.7,269,0.001022305,0.001578312,0.001244708
AAPL|2025-10-30,AAPL,2025/10/30,271.99,274.14,268.48,271.4,269.7,0.008490916,-0.002169197,0.005962228
AAPL|2025-10-31,AAPL,2025/10/31,276.99,277.32,269.16,270.37,271.4,0.020596905,-0.02389978,0.021918055
AAPL|2025-11-03,AAPL,2025/11/3,270.42,270.85,266.25,269.05,270.37,0.000184932,-0.005066193,0.002137436
AAPL|2025-11-04,AAPL,2025/11/4,268.325,271.486,267.615,270.04,269.05,-0.002694666,0.006391503,0.004173401
AAPL|2025-11-05,AAPL,2025/11/5,268.61,271.7,266.93,270.14,270.04,-0.005295512,0.00569599,0.005455703
AAPL|2025-11-06,AAPL,2025/11/6,267.89,273.4,267.89,269.77,270.14,-0.008329015,0.007017806,0.007804531
AAPL|2025-11-07,AAPL,2025/11/7,269.795,272.29,266.77,268.47,269.77,9.27E-05,-0.004911136,0.002020057
AAPL|2025-11-10,AAPL,2025/11/10,268.96,273.73,267.455,269.43,268.47,0.001825157,0.001747472,0.001794083
AAPL|2025-11-11,AAPL,2025/11/11,269.81,275.91,269.8,275.25,269.43,0.001410385,0.020162336,0.008911166
AAPL|2025-11-12,AAPL,2025/11/12,275,275.73,271.7,273.47,275.25,-0.000908265,-0.005563636,0.002770414
AAPL|2025-11-13,AAPL,2025/11/13,274.11,276.699,272.09,272.95,273.47,0.002340293,-0.004231878,0.003096927
AAPL|2025-11-14,AAPL,2025/11/14,271.05,275.96,269.6,272.41,272.95,-0.006960982,0.005017524,0.006183599
AAPL|2025-11-17,AAPL,2025/11/17,268.815,270.49,265.73,267.46,272.41,-0.013197019,-0.005040641,0.009934468
AAPL|2025-11-18,AAPL,2025/11/18,269.99,270.71,265.32,267.44,267.46,0.009459358,-0.009444794,0.009453533
AAPL|2025-11-19,AAPL,2025/11/19,265.525,272.21,265.5,268.56,267.44,-0.007160485,0.011430185,0.008868365
AAPL|2025-11-20,AAPL,2025/11/20,270.83,275.43,265.92,266.25,268.56,0.008452487,-0.016910977,0.011835883
AAPL|2025-11-21,AAPL,2025/11/21,265.95,273.33,265.67,271.49,266.25,-0.001126761,0.020830983,0.00900845
AAPL|2025-11-24,AAPL,2025/11/24,270.9,277,270.9,275.92,271.49,-0.002173192,0.018530823,0.008716245
AAPL|2025-11-25,AAPL,2025/11/25,275.27,280.38,275.25,276.97,275.92,-0.002355755,0.006175755,0.003883755
AAPL|2025-11-26,AAPL,2025/11/26,276.96,279.53,276.63,277.55,276.97,-3.61E-05,0.002130272,0.000873772
AAPL|2025-11-28,AAPL,2025/11/28,277.26,279,275.9865,278.85,277.55,-0.001044857,0.005734689,0.00292079
AAPL|2025-12-01,AAPL,2025/12/1,278.01,283.42,276.14,283.1,278.85,-0.003012372,0.018308694,0.009130901
AAPL|2025-12-02,AAPL,2025/12/2,283,287.4,282.6301,286.19,283.1,-0.000353232,0.011272085,0.004720773
AAPL|2025-12-03,AAPL,2025/12/3,286.2,288.62,283.3,284.15,286.19,3.49E-05,-0.007162823,0.002886094
AAPL|2025-12-04,AAPL,2025/12/4,284.095,284.73,278.59,280.7,284.15,-0.00019356,-0.011950228,0.004896227
AAPL|2025-12-05,AAPL,2025/12/5,280.54,281.14,278.05,278.78,280.7,-0.000570004,-0.006273615,0.002851448
AAPL|2025-12-08,AAPL,2025/12/8,278.13,279.6693,276.15,277.89,278.78,-0.002331588,-0.000862906,0.001744115
AAPL|2025-12-09,AAPL,2025/12/9,278.16,280.03,276.92,277.18,277.89,0.000971607,-0.003523152,0.001992225
AAPL|2025-12-10,AAPL,2025/12/10,277.75,279.75,276.44,278.78,277.18,0.002056425,0.003708371,0.002717204
AAPL|2025-12-11,AAPL,2025/12/11,279.095,279.59,273.81,278.03,278.78,0.001129923,-0.003815905,0.002204316
AAPL|2025-12-12,AAPL,2025/12/12,277.9,279.22,276.82,278.28,278.03,-0.000467575,0.001367398,0.000827505
AAPL|2025-12-15,AAPL,2025/12/15,280.15,280.15,272.84,274.11,278.28,0.006719851,-0.021559879,0.012655862
AAPL|2025-12-16,AAPL,2025/12/16,272.82,275.5,271.79,274.61,274.11,-0.00470614,0.006561103,0.005448125
AAPL|2025-12-17,AAPL,2025/12/17,275.01,276.16,271.64,271.84,274.61,0.001456611,-0.011526854,0.005484708
AAPL|2025-12-18,AAPL,2025/12/18,273.605,273.63,266.95,272.19,271.84,0.00649279,-0.005171689,0.00596435
AAPL|2025-12-19,AAPL,2025/12/19,272.145,274.6,269.9,273.67,272.19,-0.000165326,0.00560363,0.002340648
AAPL|2025-12-22,AAPL,2025/12/22,272.86,273.88,270.505,270.97,273.67,-0.002959769,-0.006926629,0.004546513
AAPL|2025-12-23,AAPL,2025/12/23,270.84,272.5,269.56,272.36,270.97,-0.000479758,0.00561217,0.002532723
AAPL|2025-12-24,AAPL,2025/12/24,272.34,275.43,272.195,273.81,272.36,-7.34E-05,0.005397665,0.002203125
AAPL|2025-12-26,AAPL,2025/12/26,274.16,275.37,272.86,273.4,273.81,0.001278259,-0.002772104,0.001875797
AAPL|2025-12-29,AAPL,2025/12/29,272.69,274.36,272.35,273.76,273.4,-0.002596928,0.00392387,0.003127704
AAPL|2025-12-30,AAPL,2025/12/30,272.81,274.08,272.28,273.08,273.76,-0.003470193,0.0009897,0.002477996
AAPL|2025-12-31,AAPL,2025/12/31,273.06,273.68,271.75,271.86,273.08,-7.32E-05,-0.004394639,0.001801799
AAPL|2026-01-02,AAPL,2026/1/2,272.255,277.84,269,271.01,271.86,0.001452954,-0.004572919,0.00270094
AAPL|2026-01-05,AAPL,2026/1/5,270.64,271.51,266.14,267.26,271.01,-0.001365263,-0.012488915,0.005814724
AAPL|2026-01-06,AAPL,2026/1/6,267,267.55,262.12,262.36,267.26,-0.000972835,-0.017378277,0.007535012
AAPL|2026-01-07,AAPL,2026/1/7,263.2,263.68,259.81,260.33,262.36,0.003201708,-0.010904255,0.006282727
AAPL|2026-01-08,AAPL,2026/1/8,257.02,259.29,255.7,259.04,260.33,-0.012714631,0.007859311,0.010772503
AAPL|2026-01-09,AAPL,2026/1/9,259.075,260.21,256.22,259.37,259.04,0.000135114,0.001138666,0.000536535
AAPL|2026-01-12,AAPL,2026/1/12,259.16,261.3,256.8,260.25,259.37,-0.000809654,0.004205896,0.002168151
AAPL|2026-01-13,AAPL,2026/1/13,258.72,261.81,258.39,261.05,260.25,-0.005878963,0.009005875,0.007129728
AAPL|2026-01-14,AAPL,2026/1/14,259.49,261.82,256.71,259.96,261.05,-0.005975867,0.001811245,0.004310018
AAPL|2026-01-15,AAPL,2026/1/15,260.65,261.04,257.05,258.21,259.96,0.002654255,-0.009361212,0.005337038
AAPL|2026-01-16,AAPL,2026/1/16,257.9,258.9,254.93,255.53,258.21,-0.001200573,-0.009189608,0.004396187
AAPL|2026-01-20,AAPL,2026/1/20,252.73,254.79,243.42,246.7,255.53,-0.010957618,-0.023859455,0.016118352
AAPL|2026-01-21,AAPL,2026/1/21,248.7,251.56,245.18,247.65,246.7,0.008107013,-0.004221954,0.006552989
AAPL|2026-01-22,AAPL,2026/1/22,249.2,251,248.15,248.35,247.65,0.006258833,-0.003410915,0.005119666
AAPL|2026-01-23,AAPL,2026/1/23,247.32,249.41,244.68,248.04,248.35,-0.004147373,0.002911208,0.003652907
AAPL|2026-01-26,AAPL,2026/1/26,251.48,256.56,249.8,255.41,248.04,0.013868731,0.015627485,0.014572233
AAPL|2026-01-27,AAPL,2026/1/27,259.17,261.95,258.21,258.27,255.41,0.014721428,-0.003472624,0.010221907
AAPL|2026-01-28,AAPL,2026/1/28,257.65,258.855,254.51,256.44,258.27,-0.002400589,-0.004696293,0.00331887
AAPL|2026-01-29,AAPL,2026/1/29,258,259.65,254.41,258.28,256.44,0.006083294,0.001085271,0.004084085
AAPL|2026-01-30,AAPL,2026/1/30,255.165,261.8999,252.18,259.48,258.28,-0.012060554,0.016910626,0.014000583
AAPL|2026-02-02,AAPL,2026/2/2,260.03,270.49,259.205,270.01,259.48,0.002119624,0.038380187,0.016623849
AAPL|2026-02-03,AAPL,2026/2/3,269.2,271.875,267.61,269.48,270.01,-0.002999889,0.001040119,0.002215981
AAPL|2026-02-04,AAPL,2026/2/4,272.285,278.95,272.285,276.49,269.48,0.010408936,0.015443377,0.012422712
AAPL|2026-02-05,AAPL,2026/2/5,278.13,279.5,273.23,275.91,276.49,0.005931498,-0.007981879,0.006751651
AAPL|2026-02-06,AAPL,2026/2/6,277.12,280.905,276.925,278.12,275.91,0.004385488,0.003608545,0.004074711
AAPL|2026-02-09,AAPL,2026/2/9,277.905,278.2,271.7,274.62,278.12,-0.000773048,-0.011820586,0.005192063
AAPL|2026-02-10,AAPL,2026/2/10,274.885,275.37,272.94,273.68,274.62,0.00096497,-0.004383651,0.002332442
AAPL|2026-02-11,AAPL,2026/2/11,274.695,280.18,274.45,275.5,273.68,0.003708711,0.002930523,0.003397436
AAPL|2026-02-12,AAPL,2026/2/12,275.59,275.72,260.18,261.73,275.5,0.000326679,-0.050292101,0.020312847
AAPL|2026-02-13,AAPL,2026/2/13,262.01,262.23,255.45,255.78,261.73,0.001069805,-0.023777718,0.01015297
AAPL|2026-02-17,AAPL,2026/2/17,258.05,266.29,255.54,263.88,255.78,0.008874814,0.022592521,0.014361897
AAPL|2026-02-18,AAPL,2026/2/18,263.6,266.82,262.45,264.35,263.88,-0.001061088,0.00284522,0.001774741
AAPL|2026-02-19,AAPL,2026/2/19,262.6,264.48,260.05,260.58,264.35,-0.006620011,-0.007692308,0.00704893
AAPL|2026-02-20,AAPL,2026/2/20,258.97,264.75,258.16,264.58,260.58,-0.006178525,0.021662741,0.012372211
AAPL|2026-02-23,AAPL,2026/2/23,263.49,269.43,263.381,266.18,264.58,-0.004119737,0.010209116,0.006555489
AAPL|2026-02-24,AAPL,2026/2/24,267.86,274.89,267.71,272.14,266.18,0.006311519,0.015978496,0.01017831
AMZN|2024-12-24,AMZN,2024/12/24,226.94,229.14,226.13,229.05,225.06,0.008353328,0.009297612,0.008731041
AMZN|2024-12-26,AMZN,2024/12/26,228.5,228.5,226.6706,227.05,229.05,-0.002401222,-0.006345733,0.003979027
AMZN|2024-12-27,AMZN,2024/12/27,225.6,226.03,220.9,223.75,227.05,-0.006386259,-0.008200355,0.007111897
AMZN|2024-12-30,AMZN,2024/12/30,220.06,222.9972,218.43,221.3,223.75,-0.01649162,0.005634827,0.012148903
AMZN|2024-12-31,AMZN,2024/12/31,222.965,223.2299,218.94,219.39,221.3,0.007523723,-0.016033907,0.010927797
AMZN|2025-01-02,AMZN,2025/1/2,222.03,225.15,218.19,220.22,219.39,0.012033365,-0.008152052,0.01048084
AMZN|2025-01-03,AMZN,2025/1/3,222.505,225.36,221.62,224.19,220.22,0.010375988,0.007572864,0.009254738
AMZN|2025-01-06,AMZN,2025/1/6,226.78,228.835,224.84,227.61,224.19,0.011552701,0.003659935,0.008395594
AMZN|2025-01-07,AMZN,2025/1/7,227.9,228.381,221.46,222.11,227.61,0.001274109,-0.02540588,0.010926817
AMZN|2025-01-08,AMZN,2025/1/8,223.185,223.52,220.2,222.13,222.11,0.004839944,-0.00472702,0.004794775
AMZN|2025-01-10,AMZN,2025/1/10,221.46,221.71,216.5,218.94,222.13,-0.003016252,-0.01137903,0.006361363
AMZN|2025-01-13,AMZN,2025/1/13,218.06,219.4,216.47,218.46,218.94,-0.004019366,0.001834358,0.003145363
AMZN|2025-01-14,AMZN,2025/1/14,220.44,221.82,216.2,217.76,218.46,0.009063444,-0.012157503,0.010301068
AMZN|2025-01-15,AMZN,2025/1/15,222.83,223.57,220.75,223.35,217.76,0.023282513,0.002333618,0.014902955
AMZN|2025-01-16,AMZN,2025/1/16,224.42,224.65,220.31,220.66,223.35,0.004790687,-0.0167543,0.009576132
AMZN|2025-01-17,AMZN,2025/1/17,225.84,226.51,223.08,225.94,220.66,0.023475029,0.000442791,0.014262134
AMZN|2025-01-21,AMZN,2025/1/21,228.9,231.78,226.94,230.71,225.94,0.013100823,0.007907383,0.011023447
AMZN|2025-01-22,AMZN,2025/1/22,232.02,235.44,231.19,235.01,230.71,0.005678124,0.01288682,0.008561602
AMZN|2025-01-23,AMZN,2025/1/23,234.1,235.52,231.51,235.42,235.01,-0.003872176,0.005638616,0.004578752
AMZN|2025-01-24,AMZN,2025/1/24,234.5,236.4,232.93,234.85,235.42,-0.003907909,0.001492537,0.00294176
AMZN|2025-01-27,AMZN,2025/1/27,226.21,235.61,225.86,235.42,234.85,-0.03678944,0.04071438,0.038359416
AMZN|2025-01-28,AMZN,2025/1/28,234.29,241.77,233.98,238.15,235.42,-0.004799932,0.016475308,0.009470083
AMZN|2025-01-29,AMZN,2025/1/29,239.015,240.39,236.15,237.07,238.15,0.003632165,-0.008137565,0.005434325
AMZN|2025-01-30,AMZN,2025/1/30,237.14,237.95,232.22,234.64,237.07,0.000295271,-0.010542296,0.004394081
AMZN|2025-01-31,AMZN,2025/1/31,236.5,240.29,236.41,237.68,234.64,0.007927037,0.004989429,0.006751994
AMZN|2025-02-03,AMZN,2025/2/3,234.06,239.25,232.9,237.42,237.68,-0.015230562,0.014355294,0.014880455
AMZN|2025-02-04,AMZN,2025/2/4,239.01,242.52,238.03,242.06,237.42,0.006696993,0.012760972,0.009122585
AMZN|2025-02-05,AMZN,2025/2/5,237.02,238.32,235.2,236.17,242.06,-0.020821284,-0.003586195,0.013927248
AMZN|2025-02-06,AMZN,2025/2/6,238.01,239.6599,236.01,238.83,236.17,0.007790998,0.003445233,0.006052692
AMZN|2025-02-07,AMZN,2025/2/7,232.5,234.81,228.06,229.15,238.83,-0.026504208,-0.014408602,0.021665966
AMZN|2025-02-10,AMZN,2025/2/10,230.545,233.92,229.2,233.14,229.15,0.006087715,0.011255937,0.008155004
AMZN|2025-02-11,AMZN,2025/2/11,231.92,233.44,230.13,232.76,233.14,-0.005232907,0.003621939,0.00458852
AMZN|2025-02-12,AMZN,2025/2/12,230.46,231.18,228.16,228.93,232.76,-0.009881423,-0.006638896,0.008584412
AMZN|2025-02-13,AMZN,2025/2/13,228.85,230.42,227.52,230.37,228.93,-0.000349452,0.006641905,0.002866433
AMZN|2025-02-14,AMZN,2025/2/14,229.2,229.89,227.23,228.68,230.37,-0.005078786,-0.002268761,0.003954776
AMZN|2025-02-18,AMZN,2025/2/18,228.82,229.3,223.72,226.65,228.68,0.000612209,-0.009483437,0.0041607
AMZN|2025-02-19,AMZN,2025/2/19,225.52,226.83,223.71,226.63,226.65,-0.004985661,0.004921958,0.00496018
AMZN|2025-02-20,AMZN,2025/2/20,224.775,225.13,221.81,222.88,226.63,-0.008185148,-0.008430653,0.00828335
AMZN|2025-02-21,AMZN,2025/2/21,223.28,223.31,214.74,216.58,222.88,0.001794688,-0.030007166,0.013079679
AMZN|2025-02-24,AMZN,2025/2/24,217.45,217.715,212.42,212.71,216.58,0.004016991,-0.021798115,0.011129441
AMZN|2025-02-25,AMZN,2025/2/25,211.63,213.34,204.16,212.8,212.71,-0.005077335,0.005528517,0.005257808
AMZN|2025-02-26,AMZN,2025/2/26,214.94,218.16,213.09,214.35,212.8,0.010056391,-0.002744952,0.007131815
AMZN|2025-02-27,AMZN,2025/2/27,218.35,219.97,208.37,208.74,214.35,0.018661068,-0.044011907,0.028801404
AMZN|2025-02-28,AMZN,2025/2/28,208.65,212.62,206.99,212.28,208.74,-0.000431158,0.017397556,0.007217717
AMZN|2025-03-03,AMZN,2025/3/3,213.352,214.01,202.55,205.02,212.28,0.005049934,-0.039052833,0.018651094
AMZN|2025-03-04,AMZN,2025/3/4,200.11,206.8,197.432,203.8,205.02,-0.023948883,0.018439858,0.021745273
AMZN|2025-03-05,AMZN,2025/3/5,204.8,209.98,203.26,208.36,203.8,0.004906771,0.017382813,0.009897188
AMZN|2025-03-06,AMZN,2025/3/6,204.4,205.77,198.3015,200.7,208.36,-0.019005567,-0.018101761,0.018644045
AMZN|2025-03-07,AMZN,2025/3/7,199.49,202.2653,192.53,199.25,200.7,-0.006028899,-0.001203068,0.004098566
AMZN|2025-03-10,AMZN,2025/3/10,195.6,196.73,190.85,194.54,199.25,-0.018318695,-0.005419223,0.013158906
AMZN|2025-03-11,AMZN,2025/3/11,193.9,200.18,193.4,196.59,194.54,-0.003289812,0.01387313,0.007523139
AMZN|2025-03-12,AMZN,2025/3/12,200.72,201.52,195.29,198.89,196.59,0.02100819,-0.009117178,0.016251785
AMZN|2025-03-13,AMZN,2025/3/13,198.165,198.8799,191.82,193.89,198.89,-0.003645231,-0.021572932,0.010816311
AMZN|2025-03-14,AMZN,2025/3/14,197.41,198.65,195.32,197.95,193.89,0.018154624,0.002735424,0.011986944
AMZN|2025-03-17,AMZN,2025/3/17,198.77,199,194.3247,195.74,197.95,0.00414246,-0.015243749,0.008582976
AMZN|2025-03-18,AMZN,2025/3/18,192.52,194,189.38,192.82,195.74,-0.016450393,0.00155828,0.010493548
AMZN|2025-03-19,AMZN,2025/3/19,193.38,195.965,191.96,195.54,192.82,0.002904263,0.011169718,0.006210445
AMZN|2025-03-20,AMZN,2025/3/20,193.07,199.32,192.3,194.95,195.54,-0.012631687,0.009737401,0.011473972
AMZN|2025-03-21,AMZN,2025/3/21,192.9,196.99,192.52,196.21,194.95,-0.010515517,0.01715915,0.01317297
AMZN|2025-03-24,AMZN,2025/3/24,200,203.64,199.95,203.26,196.21,0.019316039,0.0163,0.018109623
AMZN|2025-03-25,AMZN,2025/3/25,203.595,206.21,203.22,205.71,203.26,0.001648135,0.010388271,0.00514419
AMZN|2025-03-26,AMZN,2025/3/26,205.835,206.01,199.925,201.13,205.71,0.000607652,-0.022858115,0.009507837
AMZN|2025-03-27,AMZN,2025/3/27,200.89,203.79,199.2821,201.36,201.13,-0.001193258,0.002339589,0.00165179
AMZN|2025-03-28,AMZN,2025/3/28,198.42,199.26,191.881,192.72,201.36,-0.014600715,-0.028726943,0.020251206
AMZN|2025-03-31,AMZN,2025/3/31,188.19,191.33,184.4,190.26,192.72,-0.023505604,0.010999522,0.018503171
AMZN|2025-04-01,AMZN,2025/4/1,187.86,193.93,187.2,192.17,190.26,-0.012614317,0.022942617,0.016745637
AMZN|2025-04-02,AMZN,2025/4/2,187.66,198.34,187.66,196.01,192.17,-0.023468804,0.044495364,0.031879428
AMZN|2025-04-03,AMZN,2025/4/3,182.995,184.13,176.92,178.41,196.01,-0.066399673,-0.025055329,0.049861936
AMZN|2025-04-04,AMZN,2025/4/4,167.145,178.1436,166,171,178.41,-0.06314108,0.023063807,0.04711017
AMZN|2025-04-07,AMZN,2025/4/7,162,183.4099,161.38,175.26,171,-0.052631579,0.081851852,0.064319688
AMZN|2025-04-08,AMZN,2025/4/8,185.23,185.9,168.57,170.66,175.26,0.056886911,-0.078658965,0.065595732
AMZN|2025-04-09,AMZN,2025/4/9,172.115,192.65,169.93,191.1,170.66,0.008525724,0.110304157,0.049237097
AMZN|2025-04-10,AMZN,2025/4/10,185.44,186.8692,175.8518,181.22,191.1,-0.029618001,-0.022756687,0.026873475
AMZN|2025-04-11,AMZN,2025/4/11,179.93,185.86,178,184.87,181.22,-0.00711842,0.027455121,0.0152531
AMZN|2025-04-14,AMZN,2025/4/14,186.84,187.44,179.23,182.12,184.87,0.010656137,-0.025262256,0.016498585
AMZN|2025-04-15,AMZN,2025/4/15,181.41,182.35,177.9331,179.59,182.12,-0.003898528,-0.010032523,0.006352126
AMZN|2025-04-16,AMZN,2025/4/16,176.29,179.1046,171.41,174.33,179.59,-0.018375188,-0.011118044,0.01547233
AMZN|2025-04-17,AMZN,2025/4/17,176,176.21,172,172.61,174.33,0.009579533,-0.019261364,0.013452265
AMZN|2025-04-21,AMZN,2025/4/21,169.6,169.6,165.285,167.32,172.61,-0.017438155,-0.013443396,0.015840252
AMZN|2025-04-22,AMZN,2025/4/22,169.845,176.78,169.35,173.18,167.32,0.015090844,0.01963555,0.016908726
AMZN|2025-04-23,AMZN,2025/4/23,183.45,187.38,180.19,180.6,173.18,0.05930246,-0.015535568,0.041795703
AMZN|2025-04-24,AMZN,2025/4/24,180.915,186.74,180.18,186.54,180.6,0.001744186,0.031091949,0.013483291
AMZN|2025-04-25,AMZN,2025/4/25,187.62,189.94,185.49,188.99,186.54,0.005789643,0.007301993,0.006394583
AMZN|2025-04-28,AMZN,2025/4/28,190.105,190.22,184.885,187.7,188.99,0.005899783,-0.012650903,0.008600231
AMZN|2025-04-29,AMZN,2025/4/29,183.99,188.0158,183.68,187.39,187.7,-0.019765583,0.018479265,0.019251056
AMZN|2025-04-30,AMZN,2025/4/30,182.17,185.05,178.85,184.42,187.39,-0.027856342,0.012351101,0.021654246
AMZN|2025-05-01,AMZN,2025/5/1,190.63,191.8071,187.5,190.2,184.42,0.033673137,-0.002255679,0.021106154
AMZN|2025-05-02,AMZN,2025/5/2,191.435,192.88,186.4,189.98,190.2,0.006493165,-0.007600491,0.006936095
AMZN|2025-05-05,AMZN,2025/5/5,186.51,188.18,185.53,186.35,189.98,-0.018265081,-0.000857863,0.011302193
AMZN|2025-05-06,AMZN,2025/5/6,184.57,187.93,183.85,185.01,186.35,-0.009551918,0.002383919,0.006684719
AMZN|2025-05-07,AMZN,2025/5/7,185.56,190.99,185.01,188.71,185.01,0.002972812,0.016975641,0.008573944
AMZN|2025-05-08,AMZN,2025/5/8,191.43,194.33,188.82,192.08,188.71,0.014413651,0.003395497,0.010006389
AMZN|2025-05-09,AMZN,2025/5/9,193.375,194.69,191.16,193.06,192.08,0.006741983,-0.001628959,0.004696773
AMZN|2025-05-12,AMZN,2025/5/12,210.71,211.66,205.75,208.64,193.06,0.091422356,-0.009823929,0.058782985
AMZN|2025-05-13,AMZN,2025/5/13,211.08,214.84,210.1,211.37,208.64,0.011694785,0.001373887,0.007566426
AMZN|2025-05-14,AMZN,2025/5/14,211.45,211.93,208.85,210.25,211.37,0.000378483,-0.0056751,0.00249713
AMZN|2025-05-15,AMZN,2025/5/15,206.45,206.88,202.673,205.17,210.25,-0.018073722,-0.006200048,0.013324252
AMZN|2025-05-16,AMZN,2025/5/16,206.85,206.85,204.374,205.59,205.17,0.008188332,-0.006091371,0.007349547
AMZN|2025-05-19,AMZN,2025/5/19,201.645,206.62,201.26,206.16,205.59,-0.019188676,0.022390835,0.02046954
AMZN|2025-05-20,AMZN,2025/5/20,204.628,205.5899,202.65,204.07,206.16,-0.007431121,-0.0027269,0.005549433
AMZN|2025-05-21,AMZN,2025/5/21,201.61,203.455,200.06,201.12,204.07,-0.012054687,-0.002430435,0.008204986
AMZN|2025-05-22,AMZN,2025/5/22,201.38,205.76,200.16,203.1,201.12,0.001292761,0.008541067,0.004192083
AMZN|2025-05-23,AMZN,2025/5/23,198.9,202.37,197.85,200.99,203.1,-0.020679468,0.010507793,0.016610798
AMZN|2025-05-27,AMZN,2025/5/27,203.085,206.69,202.19,206.02,200.99,0.010423404,0.014452077,0.012034873
AMZN|2025-05-28,AMZN,2025/5/28,205.915,207.66,204.41,204.72,206.02,-0.000509659,-0.005803365,0.002627142
AMZN|2025-05-29,AMZN,2025/5/29,208.025,208.81,204.23,205.7,204.72,0.016144002,-0.011176541,0.014157017
AMZN|2025-05-30,AMZN,2025/5/30,204.84,205.99,201.695,205.01,205.7,-0.004180846,0.000829916,0.002840474
AMZN|2025-06-02,AMZN,2025/6/2,204.98,207,202.68,206.65,205.01,-0.000146334,0.008147136,0.003346655
AMZN|2025-06-03,AMZN,2025/6/3,207.105,208.9469,205.03,205.71,206.65,0.00220179,-0.006735714,0.00401536
AMZN|2025-06-04,AMZN,2025/6/4,206.55,208.18,205.18,207.23,205.71,0.004083418,0.003292181,0.003766923
AMZN|2025-06-05,AMZN,2025/6/5,209.55,212.81,207.56,207.91,207.23,0.01119529,-0.007826294,0.009847692
AMZN|2025-06-06,AMZN,2025/6/6,212.4,213.8699,210.5,213.57,207.91,0.021595883,0.005508475,0.01516092
AMZN|2025-06-09,AMZN,2025/6/9,214.75,217.85,212.88,216.98,213.57,0.005525121,0.010384168,0.007468739
AMZN|2025-06-10,AMZN,2025/6/10,216.78,217.69,214.15,217.61,216.98,-0.000921744,0.003828766,0.002084553
AMZN|2025-06-11,AMZN,2025/6/11,217.41,218.4,212.89,213.2,217.61,-0.000919075,-0.019364335,0.008297179
AMZN|2025-06-12,AMZN,2025/6/12,211.78,213.58,211.33,213.24,213.2,-0.006660413,0.006893947,0.006753826
AMZN|2025-06-13,AMZN,2025/6/13,209.96,214.05,209.62,212.1,213.24,-0.01538173,0.010192418,0.013306005
AMZN|2025-06-16,AMZN,2025/6/16,212.31,217.06,211.6,216.1,212.1,0.000990099,0.017851255,0.007734562
AMZN|2025-06-17,AMZN,2025/6/17,215.195,217.41,214.56,214.82,216.1,-0.004187876,-0.001742606,0.003209768
AMZN|2025-06-18,AMZN,2025/6/18,215.09,217.96,212.34,212.52,214.82,0.001256866,-0.011948487,0.005533514
AMZN|2025-06-20,AMZN,2025/6/20,214.68,214.89,208.2709,209.69,212.52,0.010163749,-0.023243898,0.015395809
AMZN|2025-06-23,AMZN,2025/6/23,209.79,210.39,207.3101,208.47,209.69,0.000476894,-0.006292006,0.002802939
AMZN|2025-06-24,AMZN,2025/6/24,212.135,214.34,211.045,212.77,208.47,0.017580467,0.002993377,0.011745631
AMZN|2025-06-25,AMZN,2025/6/25,214.615,216.03,211.11,211.99,212.77,0.008671335,-0.012231205,0.010095283
AMZN|2025-06-26,AMZN,2025/6/26,213.12,218.035,212.01,217.12,211.99,0.00533044,0.018768769,0.010705772
AMZN|2025-06-27,AMZN,2025/6/27,219.92,223.3,216.74,223.3,217.12,0.012896094,0.015369225,0.013885347
AMZN|2025-06-30,AMZN,2025/6/30,223.52,223.82,219.12,219.39,223.3,0.000985222,-0.018477094,0.007981971
AMZN|2025-07-01,AMZN,2025/7/1,219.5,221.875,217.93,220.46,219.39,0.00050139,0.004373576,0.002050265
AMZN|2025-07-02,AMZN,2025/7/2,219.73,221.6,219.06,219.92,220.46,-0.003311258,0.000864698,0.002332634
AMZN|2025-07-03,AMZN,2025/7/3,221.82,224.01,221.36,223.41,219.92,0.008639505,0.007167974,0.008050893
AMZN|2025-07-07,AMZN,2025/7/7,223,224.29,222.37,223.47,223.41,-0.001835191,0.002107623,0.001944164
AMZN|2025-07-08,AMZN,2025/7/8,223.915,224,218.43,219.36,223.47,0.001991319,-0.020342541,0.009331808
AMZN|2025-07-09,AMZN,2025/7/9,221.07,224.29,220.47,222.54,219.36,0.007795405,0.006649478,0.007337034
AMZN|2025-07-10,AMZN,2025/7/10,221.55,222.79,219.7,222.26,222.54,-0.004448638,0.003204694,0.003951061
AMZN|2025-07-11,AMZN,2025/7/11,223.58,226.6799,222.37,225.02,222.26,0.00593899,0.006440648,0.006139653
AMZN|2025-07-14,AMZN,2025/7/14,225.07,226.66,224.24,225.69,225.02,0.000222202,0.002754699,0.001235201
AMZN|2025-07-15,AMZN,2025/7/15,226.2,227.27,225.455,226.35,225.69,0.002259737,0.00066313,0.001621094
AMZN|2025-07-16,AMZN,2025/7/16,225.875,226.1,222.18,223.19,226.35,-0.00209852,-0.011887106,0.006013954
AMZN|2025-07-17,AMZN,2025/7/17,223.32,224.5,222.51,223.88,223.19,0.000582463,0.002507612,0.001352523
AMZN|2025-07-18,AMZN,2025/7/18,225.14,226.4,222.98,226.13,223.88,0.005628015,0.004397264,0.005135715
AMZN|2025-07-21,AMZN,2025/7/21,225.835,229.69,225.65,229.3,226.13,-0.001304559,0.01534306,0.00691996
AMZN|2025-07-22,AMZN,2025/7/22,229.68,230,226.35,227.47,229.3,0.001657218,-0.009622083,0.004843164
AMZN|2025-07-23,AMZN,2025/7/23,228.47,228.79,227.09,228.29,227.47,0.004396184,-0.00078785,0.00295285
AMZN|2025-07-24,AMZN,2025/7/24,229.17,236,228.64,232.23,228.29,0.003854746,0.013352533,0.007653861
AMZN|2025-07-25,AMZN,2025/7/25,232.22,232.48,231.18,231.44,232.23,-4.31E-05,-0.003358884,0.00136939
AMZN|2025-07-28,AMZN,2025/7/28,233.35,234.29,232.25,232.79,231.44,0.008252679,-0.002399829,0.005911539
AMZN|2025-07-29,AMZN,2025/7/29,234.15,234.72,230.31,231.01,232.79,0.005842175,-0.013410207,0.008869388
AMZN|2025-07-30,AMZN,2025/7/30,231.64,231.8,229.29,230.19,231.01,0.002727155,-0.006259713,0.004140178
AMZN|2025-07-31,AMZN,2025/7/31,235.77,236.53,231.4,234.11,230.19,0.024240845,-0.00704076,0.017360811
AMZN|2025-08-01,AMZN,2025/8/1,217.21,220.4399,212.8,214.75,234.11,-0.072188288,-0.011325445,0.047843151
AMZN|2025-08-04,AMZN,2025/8/4,217.4,217.44,211.42,211.65,214.75,0.01233993,-0.026448942,0.017983535
AMZN|2025-08-05,AMZN,2025/8/5,213.05,216.3,212.87,213.75,211.65,0.006614694,0.003285614,0.005283062
AMZN|2025-08-06,AMZN,2025/8/6,214.695,222.65,213.7409,222.31,213.75,0.004421053,0.035468921,0.0168402
AMZN|2025-08-07,AMZN,2025/8/7,221,226.22,220.82,223.13,222.31,-0.005892672,0.009638009,0.007390807
AMZN|2025-08-08,AMZN,2025/8/8,223.14,223.8,221.8836,222.69,223.13,4.48E-05,-0.002016671,0.000833559
AMZN|2025-08-11,AMZN,2025/8/11,221.78,223.05,220.4,221.3,222.69,-0.004086398,-0.002164307,0.003317562
AMZN|2025-08-12,AMZN,2025/8/12,222.23,223.5,219.05,221.47,221.3,0.00420244,-0.00341988,0.003889416
AMZN|2025-08-13,AMZN,2025/8/13,222,224.9185,222,224.56,221.47,0.002393101,0.011531532,0.006048473
AMZN|2025-08-14,AMZN,2025/8/14,227.4,233.11,227.02,230.98,224.56,0.012646954,0.015743184,0.013885446
AMZN|2025-08-15,AMZN,2025/8/15,232.58,234.08,229.807,231.03,230.98,0.006927007,-0.006664374,0.006821953
AMZN|2025-08-18,AMZN,2025/8/18,230.225,231.91,228.33,231.49,231.03,-0.003484396,0.005494625,0.004288488
AMZN|2025-08-19,AMZN,2025/8/19,230.09,230.5283,227.12,228.01,231.49,-0.006047777,-0.009039941,0.007244643
AMZN|2025-08-20,AMZN,2025/8/20,227.12,227.27,220.915,223.81,228.01,-0.003903338,-0.014573794,0.00817152
AMZN|2025-08-21,AMZN,2025/8/21,222.65,222.78,220.5,221.95,223.81,-0.005182968,-0.003143948,0.00436736
AMZN|2025-08-22,AMZN,2025/8/22,222.79,229.14,220.82,228.84,221.95,0.003784636,0.027155617,0.013133029
AMZN|2025-08-25,AMZN,2025/8/25,227.35,229.6,227.31,227.94,228.84,-0.006511099,0.002595118,0.004944707
AMZN|2025-08-26,AMZN,2025/8/26,227.11,229,226.02,228.71,227.94,-0.003641309,0.007045044,0.005002803
AMZN|2025-08-27,AMZN,2025/8/27,228.57,229.87,227.81,229.12,228.71,-0.000612129,0.002406265,0.001329783
AMZN|2025-08-28,AMZN,2025/8/28,229.005,232.71,228.02,231.6,229.12,-0.00050192,0.01133163,0.004833804
AMZN|2025-08-29,AMZN,2025/8/29,231.32,231.8125,228.16,229,231.6,-0.001208981,-0.010029397,0.004737147
AMZN|2025-09-02,AMZN,2025/9/2,223.52,226.17,221.83,225.34,229,-0.023930131,0.008142448,0.017615058
AMZN|2025-09-03,AMZN,2025/9/3,225.21,227.1699,224.36,225.99,225.34,-0.000576906,0.003463434,0.001731517
AMZN|2025-09-04,AMZN,2025/9/4,231.185,235.77,230.78,235.68,225.99,0.022987743,0.019443303,0.021569967
AMZN|2025-09-05,AMZN,2025/9/5,235.19,236,231.93,232.33,235.68,-0.00207909,-0.012160381,0.006111607
AMZN|2025-09-08,AMZN,2025/9/8,234.94,237.6,233.75,235.84,232.33,0.011234021,0.003830765,0.008272718
AMZN|2025-09-09,AMZN,2025/9/9,236.355,238.85,235.08,238.24,235.84,0.002183684,0.007975291,0.004500327
AMZN|2025-09-10,AMZN,2025/9/10,237.515,237.68,229.0962,230.33,238.24,-0.00304315,-0.030250721,0.013926178
AMZN|2025-09-11,AMZN,2025/9/11,231.49,231.53,229.3377,229.95,230.33,0.005036252,-0.006652555,0.005682773
AMZN|2025-09-12,AMZN,2025/9/12,230.35,230.79,226.29,228.15,229.95,0.001739509,-0.009550684,0.004863979
AMZN|2025-09-15,AMZN,2025/9/15,230.625,233.73,230.32,231.43,228.15,0.010848126,0.003490515,0.007905082
AMZN|2025-09-16,AMZN,2025/9/16,232.935,235.9,232.23,234.05,231.43,0.006503046,0.004786743,0.005816525
AMZN|2025-09-17,AMZN,2025/9/17,233.77,234.3,228.71,231.62,234.05,-0.001196326,-0.009197074,0.004396625
AMZN|2025-09-18,AMZN,2025/9/18,232.5,233.48,228.79,231.23,231.62,0.003799326,-0.005462366,0.004464542
AMZN|2025-09-19,AMZN,2025/9/19,232.37,234.16,229.7,231.48,231.23,0.004930156,-0.003830099,0.004490133
AMZN|2025-09-22,AMZN,2025/9/22,230.56,230.565,227.51,227.63,231.48,-0.003974425,-0.012708189,0.007467931
AMZN|2025-09-23,AMZN,2025/9/23,227.83,227.86,220.07,220.71,227.63,0.000878619,-0.031251372,0.01302772
AMZN|2025-09-24,AMZN,2025/9/24,224.15,224.56,219.45,220.21,220.71,0.015586063,-0.017577515,0.016382644
AMZN|2025-09-25,AMZN,2025/9/25,220.06,220.67,216.47,218.15,220.21,-0.000681168,-0.008679451,0.003880481
AMZN|2025-09-26,AMZN,2025/9/26,219.08,221.05,218.02,219.78,218.15,0.004263122,0.00319518,0.003835945
AMZN|2025-09-29,AMZN,2025/9/29,220.08,222.6,219.3,222.17,219.78,0.001365001,0.009496547,0.00461762
AMZN|2025-09-30,AMZN,2025/9/30,222.03,222.24,217.89,219.57,222.17,-0.000630148,-0.011079584,0.004809922
AMZN|2025-10-01,AMZN,2025/10/1,217.36,222.15,216.61,220.63,219.57,-0.010065127,0.015044166,0.012056743
AMZN|2025-10-02,AMZN,2025/10/2,221.01,222.81,218.945,222.41,220.63,0.001722341,0.006334555,0.003567226
AMZN|2025-10-03,AMZN,2025/10/3,223.44,224.2,219.34,219.51,222.41,0.004631087,-0.017588614,0.009814098
AMZN|2025-10-06,AMZN,2025/10/6,221,221.73,216.03,220.9,219.51,0.006787846,-0.000452489,0.004253703
AMZN|2025-10-07,AMZN,2025/10/7,220.88,222.89,220.17,221.78,220.9,-9.05E-05,0.004074611,0.001684167
AMZN|2025-10-08,AMZN,2025/10/8,222.92,226.73,221.19,225.22,221.78,0.005140229,0.010317603,0.007211179
AMZN|2025-10-09,AMZN,2025/10/9,224.995,228.21,221.75,227.74,225.22,-0.000999023,0.012200271,0.005479522
AMZN|2025-10-10,AMZN,2025/10/10,226.21,228.25,216,216.37,227.74,-0.006718187,-0.043499403,0.021430674
AMZN|2025-10-13,AMZN,2025/10/13,217.7,220.68,217.04,220.07,216.37,0.006146878,0.010886541,0.008042743
AMZN|2025-10-14,AMZN,2025/10/14,215.555,219.32,212.6,216.39,220.07,-0.020516199,0.003873721,0.013859208
AMZN|2025-10-15,AMZN,2025/10/15,216.62,217.71,212.66,215.57,216.39,0.001062896,-0.004847198,0.002576617
AMZN|2025-10-16,AMZN,2025/10/16,215.67,218.59,212.8101,214.47,215.57,0.000463886,-0.005564056,0.002503954
AMZN|2025-10-17,AMZN,2025/10/17,214.56,214.8,211.03,213.04,214.47,0.000419639,-0.007084265,0.00308549
AMZN|2025-10-20,AMZN,2025/10/20,213.88,216.69,213.59,216.48,213.04,0.003942922,0.012156349,0.007228293
AMZN|2025-10-21,AMZN,2025/10/21,218.43,223.32,217.99,222.03,216.48,0.009007761,0.016481253,0.011997157
AMZN|2025-10-22,AMZN,2025/10/22,219.3,220.005,216.52,217.95,222.03,-0.012295636,-0.006155951,0.009839762
AMZN|2025-10-23,AMZN,2025/10/23,219,221.3,218.18,221.09,217.95,0.004817619,0.009543379,0.006707923
AMZN|2025-10-24,AMZN,2025/10/24,221.97,225.4,221.9,224.21,221.09,0.00398028,0.010091454,0.006424749
AMZN|2025-10-27,AMZN,2025/10/27,227.66,228.4,225.54,226.97,224.21,0.01538736,-0.003030835,0.01044475
AMZN|2025-10-28,AMZN,2025/10/28,228.215,231.485,226.21,229.25,226.97,0.005485306,0.004535197,0.005105263
AMZN|2025-10-29,AMZN,2025/10/29,231.672,232.82,227.76,230.3,229.25,0.010564885,-0.005922166,0.008707798
AMZN|2025-10-30,AMZN,2025/10/30,227.06,228.44,222.75,222.86,230.3,-0.014068606,-0.018497313,0.015840089
AMZN|2025-10-31,AMZN,2025/10/31,250.1,250.5,243.98,244.22,222.86,0.122229202,-0.023510596,0.08274176
AMZN|2025-11-03,AMZN,2025/11/3,255.36,258.6,252.9,254,244.22,0.04561461,-0.005325815,0.029499092
AMZN|2025-11-04,AMZN,2025/11/4,250.38,257.01,248.66,249.32,254,-0.014251969,-0.004233565,0.010244607
AMZN|2025-11-05,AMZN,2025/11/5,249.03,251,246.16,250.2,249.32,-0.001163164,0.004698229,0.00257719
AMZN|2025-11-06,AMZN,2025/11/6,249.155,250.38,242.17,243.04,250.2,-0.004176659,-0.024542955,0.012323177
AMZN|2025-11-07,AMZN,2025/11/7,242.9,244.9,238.49,244.41,243.04,-0.000576037,0.00621655,0.002832242
AMZN|2025-11-10,AMZN,2025/11/10,248.34,251.75,245.59,248.4,244.41,0.016079538,0.000241604,0.009744365
AMZN|2025-11-11,AMZN,2025/11/11,248.41,249.7499,247.23,249.1,248.4,4.03E-05,0.002777666,0.001135221
AMZN|2025-11-12,AMZN,2025/11/12,250.235,250.37,243.75,244.2,249.1,0.004556403,-0.02411733,0.012380774
AMZN|2025-11-13,AMZN,2025/11/13,243.05,243.75,236.5,237.58,244.2,-0.004709255,-0.022505657,0.011827816
AMZN|2025-11-14,AMZN,2025/11/14,235.06,238.73,232.89,234.69,237.58,-0.010606953,-0.001574066,0.006993799
AMZN|2025-11-17,AMZN,2025/11/17,233.25,234.6,229.19,232.87,234.69,-0.006135754,-0.001629153,0.004333113
AMZN|2025-11-18,AMZN,2025/11/18,228.1,230.2,222.42,222.55,232.87,-0.020483532,-0.024331434,0.022022692
AMZN|2025-11-19,AMZN,2025/11/19,223.735,223.735,218.52,222.69,222.55,0.005324646,-0.004670704,0.005063069
AMZN|2025-11-20,AMZN,2025/11/20,227.05,227.41,216.74,217.14,222.69,0.019578787,-0.043646774,0.029205982
AMZN|2025-11-21,AMZN,2025/11/21,216.345,222.21,215.18,220.69,217.14,-0.003661232,0.020083663,0.010230204
AMZN|2025-11-24,AMZN,2025/11/24,222.555,227.33,222.27,226.28,220.69,0.008450768,0.016737436,0.011765435
AMZN|2025-11-25,AMZN,2025/11/25,226.38,230.52,223.8,229.67,226.28,0.00044193,0.014533086,0.006078393
AMZN|2025-11-26,AMZN,2025/11/26,230.74,231.7474,228.77,229.16,229.67,0.004658858,-0.006847534,0.005534329
AMZN|2025-11-28,AMZN,2025/11/28,231.24,233.285,230.22,233.22,229.16,0.009076628,0.008562532,0.00887099
AMZN|2025-12-01,AMZN,2025/12/1,233.22,235.797,232.25,233.88,233.22,0,0.002829946,0.001131978
AMZN|2025-12-02,AMZN,2025/12/2,235.005,238.97,233.55,234.42,233.88,0.004810159,-0.002489309,0.003881819
AMZN|2025-12-03,AMZN,2025/12/3,233.35,233.38,230.61,232.38,234.42,-0.004564457,-0.004156846,0.004401413
AMZN|2025-12-04,AMZN,2025/12/4,232.77,233.5,226.8,229.11,232.38,0.001678286,-0.015723676,0.007296442
AMZN|2025-12-05,AMZN,2025/12/5,230.32,231.24,228.547,229.53,229.11,0.005281306,-0.00343001,0.004540788
AMZN|2025-12-08,AMZN,2025/12/8,229.59,230.83,226.27,226.89,229.53,0.000261404,-0.011760094,0.00486088
AMZN|2025-12-09,AMZN,2025/12/9,226.84,228.57,225.11,227.92,226.89,-0.000220371,0.004761065,0.002036649
AMZN|2025-12-10,AMZN,2025/12/10,228.805,232.42,228.46,231.78,227.92,0.003882941,0.013002338,0.0075307
AMZN|2025-12-11,AMZN,2025/12/11,230.71,232.11,228.6901,230.28,231.78,-0.004616447,-0.001863812,0.003515393
AMZN|2025-12-12,AMZN,2025/12/12,229.87,230.08,225.12,226.19,230.28,-0.001780441,-0.016009049,0.007471884
AMZN|2025-12-15,AMZN,2025/12/15,227.93,227.93,221.5,222.54,226.19,0.007692648,-0.023647611,0.014074633
AMZN|2025-12-16,AMZN,2025/12/16,223.035,223.66,221.1304,222.56,222.54,0.002224319,-0.002129711,0.002186476
AMZN|2025-12-17,AMZN,2025/12/17,224.655,225.19,220.99,221.27,222.56,0.009413192,-0.015067548,0.011674934
AMZN|2025-12-18,AMZN,2025/12/18,225.705,229.225,224.41,226.76,221.27,0.020043386,0.004674243,0.013895729
AMZN|2025-12-19,AMZN,2025/12/19,226.76,229.125,225.58,227.35,226.76,0,0.00260187,0.001040748
AMZN|2025-12-22,AMZN,2025/12/22,228.61,229.48,226.71,228.43,227.35,0.005542116,-0.000787367,0.003640216
AMZN|2025-12-23,AMZN,2025/12/23,229.055,232.445,228.73,232.14,228.43,0.002736068,0.013468381,0.007028993
AMZN|2025-12-24,AMZN,2025/12/24,232.13,232.95,231.33,232.38,232.14,-4.31E-05,0.001076983,0.00045664
AMZN|2025-12-26,AMZN,2025/12/26,232.035,232.99,231.18,232.52,232.38,-0.001484637,0.002090202,0.001726863
AMZN|2025-12-29,AMZN,2025/12/29,231.94,232.6,230.77,232.07,232.52,-0.002494409,0.00056049,0.001720841
AMZN|2025-12-30,AMZN,2025/12/30,231.205,232.77,230.2,232.53,232.07,-0.003727324,0.005730845,0.004528732
AMZN|2025-12-31,AMZN,2025/12/31,232.905,232.99,230.12,230.82,232.53,0.001612695,-0.008952148,0.004548476
AMZN|2026-01-02,AMZN,2026/1/2,231.34,235.458,224.7,226.5,230.82,0.002252838,-0.020921587,0.009720338
AMZN|2026-01-05,AMZN,2026/1/5,228.84,234,227.18,233.06,226.5,0.010331126,0.018440832,0.013575008
AMZN|2026-01-06,AMZN,2026/1/6,232.1,243.18,232.07,240.93,233.06,-0.004119111,0.038043947,0.017689045
AMZN|2026-01-07,AMZN,2026/1/7,239.61,245.29,239.52,241.56,240.93,-0.00547877,0.008138225,0.006542552
AMZN|2026-01-08,AMZN,2026/1/8,243.06,246.41,241.88,246.29,241.56,0.006209637,0.0132889,0.009041342
AMZN|2026-01-09,AMZN,2026/1/9,244.568,247.86,242.24,247.38,246.29,-0.006991758,0.011497825,0.008794185
AMZN|2026-01-12,AMZN,2026/1/12,246.73,248.94,245.96,246.47,247.38,-0.002627537,-0.001053783,0.001998035
AMZN|2026-01-13,AMZN,2026/1/13,246.53,247.66,240.25,242.6,246.47,0.000243437,-0.015941265,0.006522568
AMZN|2026-01-14,AMZN,2026/1/14,241.15,241.28,236.22,236.65,242.6,-0.005976917,-0.018660585,0.011050384
AMZN|2026-01-15,AMZN,2026/1/15,239.31,240.65,236.63,238.18,236.65,0.011240228,-0.004721909,0.0086329
AMZN|2026-01-16,AMZN,2026/1/16,239.085,239.57,236.41,239.12,238.18,0.003799647,0.000146391,0.002338345
AMZN|2026-01-20,AMZN,2026/1/20,233.76,235.09,229.34,231,239.12,-0.022415524,-0.011806982,0.018172107
AMZN|2026-01-21,AMZN,2026/1/21,231.085,232.3,226.88,231.31,231,0.000367965,0.000973668,0.000610246
AMZN|2026-01-22,AMZN,2026/1/22,234.045,235.72,230.9,234.34,231.31,0.011823959,0.001260441,0.007598552
AMZN|2026-01-23,AMZN,2026/1/23,234.955,240.45,234.57,239.16,234.34,0.002624392,0.017897044,0.008733453
AMZN|2026-01-26,AMZN,2026/1/26,239.98,240.95,237.54,238.42,239.16,0.003428667,-0.006500542,0.004657417
AMZN|2026-01-27,AMZN,2026/1/27,239.685,244.88,238.08,244.68,238.42,0.005305763,0.020839852,0.011519399
AMZN|2026-01-28,AMZN,2026/1/28,246.365,247.775,241.53,243.01,244.68,0.006886546,-0.013618006,0.00957913
AMZN|2026-01-29,AMZN,2026/1/29,242.82,243,236.742,241.73,243.01,-0.000781861,-0.004488922,0.002264685
AMZN|2026-01-30,AMZN,2026/1/30,239.89,243.315,237.64,239.3,241.73,-0.007611798,-0.002459461,0.005550863
AMZN|2026-02-02,AMZN,2026/2/2,238.31,245.6299,238.17,242.96,239.3,-0.004137066,0.0195124,0.0102872
AMZN|2026-02-03,AMZN,2026/2/3,244.975,246.35,235.45,238.62,242.96,0.008293546,-0.025941423,0.015352697
AMZN|2026-02-04,AMZN,2026/2/4,238.86,238.86,231.82,232.99,238.62,0.001005783,-0.024575065,0.010433496
AMZN|2026-02-05,AMZN,2026/2/5,224.91,226.31,220.38,222.69,232.99,-0.0346796,-0.009870615,0.024756006
AMZN|2026-02-06,AMZN,2026/2/6,202.7,211.44,200.31,210.32,222.69,-0.089766042,0.037592501,0.068896626
AMZN|2026-02-09,AMZN,2026/2/9,208.97,212.81,203.35,208.72,210.32,-0.00641879,-0.001196344,0.004329812
AMZN|2026-02-10,AMZN,2026/2/10,208.795,212.6499,206.411,206.96,208.72,0.000359333,-0.008788525,0.00373101
AMZN|2026-02-11,AMZN,2026/2/11,208.06,208.57,202.49,204.08,206.96,0.005315037,-0.019129097,0.010840661
AMZN|2026-02-12,AMZN,2026/2/12,203.96,203.96,197.56,199.6,204.08,-0.000588005,-0.021376741,0.008903499
AMZN|2026-02-13,AMZN,2026/2/13,198.88,201.16,197.275,198.79,199.6,-0.003607214,-0.000452534,0.002345342
AMZN|2026-02-17,AMZN,2026/2/17,198.125,201.7362,196,201.15,198.79,-0.003345239,0.015268139,0.008114399
AMZN|2026-02-18,AMZN,2026/2/18,202.07,206.86,201.51,204.79,201.15,0.004573701,0.013460682,0.008128494
AMZN|2026-02-19,AMZN,2026/2/19,203.8,205.6396,202.81,204.86,204.79,-0.00483422,0.005201178,0.004981003
AMZN|2026-02-20,AMZN,2026/2/20,204.76,211.17,203.75,210.11,204.86,-0.000488138,0.02612815,0.010744143
AMZN|2026-02-23,AMZN,2026/2/23,208.095,208.43,203.11,205.27,210.11,-0.009590215,-0.01357553,0.011184341
AMZN|2026-02-24,AMZN,2026/2/24,205.47,210.36,203.25,208.56,205.27,0.000974326,0.015038692,0.006600073
GOOGL|2024-12-24,GOOGL,2024/12/24,194.84,196.11,193.78,196.11,194.63,0.00107897,0.006518169,0.00325465
GOOGL|2024-12-26,GOOGL,2024/12/26,195.15,196.748,194.375,195.6,196.11,-0.004895212,0.002305919,0.003859495
GOOGL|2024-12-27,GOOGL,2024/12/27,194.95,195.32,190.65,192.76,195.6,-0.003323108,-0.01123365,0.006487325
GOOGL|2024-12-30,GOOGL,2024/12/30,189.8,192.55,189.12,191.24,192.76,-0.015355883,0.007586934,0.012248303
GOOGL|2024-12-31,GOOGL,2024/12/31,191.075,191.96,188.51,189.3,191.24,-0.00086279,-0.009289546,0.004233493
GOOGL|2025-01-02,GOOGL,2025/1/2,190.65,192,187.5,189.43,189.3,0.007131537,-0.006399161,0.006838587
GOOGL|2025-01-03,GOOGL,2025/1/3,191.37,193.21,189.975,191.79,189.43,0.01024125,0.002194701,0.007022631
GOOGL|2025-01-06,GOOGL,2025/1/6,193.98,198.2222,193.85,196.87,191.79,0.011418739,0.014898443,0.012810621
GOOGL|2025-01-07,GOOGL,2025/1/7,197.11,201,194.6,195.49,196.87,0.001219079,-0.008218761,0.004018952
GOOGL|2025-01-08,GOOGL,2025/1/8,192.57,196.29,192.38,193.95,195.49,-0.014936825,0.007166225,0.011828585
GOOGL|2025-01-10,GOOGL,2025/1/10,194.295,196.52,190.31,192.04,193.95,0.001778809,-0.011606063,0.005709711
GOOGL|2025-01-13,GOOGL,2025/1/13,190.07,191.18,187.36,191.01,192.04,-0.01025828,0.004945546,0.008133186
GOOGL|2025-01-14,GOOGL,2025/1/14,191.24,191.98,188.3082,189.66,191.01,0.001204125,-0.00826187,0.004027223
GOOGL|2025-01-15,GOOGL,2025/1/15,193.09,196.36,191.86,195.55,189.66,0.018084994,0.012740173,0.015947066
GOOGL|2025-01-16,GOOGL,2025/1/16,194.14,195.48,192.81,192.91,195.55,-0.007210432,-0.006335634,0.006860513
GOOGL|2025-01-17,GOOGL,2025/1/17,196.53,197.23,193.75,196,192.91,0.018765227,-0.002696789,0.012337852
GOOGL|2025-01-21,GOOGL,2025/1/21,199.07,202.29,197.87,198.05,196,0.015663265,-0.005123826,0.011447489
GOOGL|2025-01-22,GOOGL,2025/1/22,199.06,200.48,197.53,198.37,198.05,0.005099722,-0.003466292,0.00444635
GOOGL|2025-01-23,GOOGL,2025/1/23,198.14,200.3,195.2,197.98,198.37,-0.00115945,-0.00080751,0.001018674
GOOGL|2025-01-24,GOOGL,2025/1/24,198.1,200.9,198,200.21,197.98,0.000606122,0.010651186,0.004624148
GOOGL|2025-01-27,GOOGL,2025/1/27,192.41,196.88,190.73,191.81,200.21,-0.038959093,-0.003118341,0.024622792
GOOGL|2025-01-28,GOOGL,2025/1/28,192.745,195.48,190.68,195.3,191.81,0.004874616,0.013255856,0.008227112
GOOGL|2025-01-29,GOOGL,2025/1/29,195.555,196.785,193.43,195.41,195.3,0.001305684,-0.000741479,0.001080002
GOOGL|2025-01-30,GOOGL,2025/1/30,198,201.4,197.67,200.87,195.41,0.013254184,0.014494949,0.01375049
GOOGL|2025-01-31,GOOGL,2025/1/31,202,205.48,201.8,204.02,200.87,0.005625529,0.01,0.007375317
GOOGL|2025-02-03,GOOGL,2025/2/3,200.69,203.75,200.1,201.23,204.02,-0.016321929,0.002690717,0.010869444
GOOGL|2025-02-04,GOOGL,2025/2/4,203.39,207.05,202.81,206.38,201.23,0.010733986,0.014700821,0.01232072
GOOGL|2025-02-05,GOOGL,2025/2/5,191.07,192.75,188.03,191.33,206.38,-0.074183545,0.001360758,0.04505443
GOOGL|2025-02-06,GOOGL,2025/2/6,189.5,192.1,188.72,191.6,191.33,-0.009564627,0.011081794,0.010171494
GOOGL|2025-02-07,GOOGL,2025/2/7,191.05,191.18,183.24,185.34,191.6,-0.002870564,-0.029887464,0.013677324
GOOGL|2025-02-10,GOOGL,2025/2/10,187.35,188.2,185.86,186.47,185.34,0.010844934,-0.004697091,0.008385797
GOOGL|2025-02-11,GOOGL,2025/2/11,185.03,186.94,184.28,185.32,186.47,-0.007722422,0.001567313,0.005260378
GOOGL|2025-02-12,GOOGL,2025/2/12,183.22,185.11,181.83,183.61,185.32,-0.01133175,0.002128589,0.007650486
GOOGL|2025-02-13,GOOGL,2025/2/13,184.32,186.28,183.14,186.14,183.61,0.003866892,0.009874132,0.006269788
GOOGL|2025-02-14,GOOGL,2025/2/14,185.055,186.4,184.32,185.23,186.14,-0.005828946,0.000945665,0.003875633
GOOGL|2025-02-18,GOOGL,2025/2/18,185.6,185.96,181.7401,183.77,185.23,0.001997517,-0.009859914,0.005142475
GOOGL|2025-02-19,GOOGL,2025/2/19,184.07,185.46,183.59,185.27,183.77,0.001632475,0.006519259,0.003587189
GOOGL|2025-02-20,GOOGL,2025/2/20,184.8,185.31,182.72,184.56,185.27,-0.002536838,-0.001298701,0.002041583
GOOGL|2025-02-21,GOOGL,2025/2/21,185.15,185.34,179.08,179.66,184.56,0.003196792,-0.029651634,0.013778729
GOOGL|2025-02-24,GOOGL,2025/2/24,181.99,183.12,178.885,179.25,179.66,0.012968941,-0.015055772,0.013803674
GOOGL|2025-02-25,GOOGL,2025/2/25,178.04,178.74,174.6939,175.42,179.25,-0.006750349,-0.014715794,0.009936527
GOOGL|2025-02-26,GOOGL,2025/2/26,175.07,176.08,171.5807,172.73,175.42,-0.001995211,-0.013366082,0.00654356
GOOGL|2025-02-27,GOOGL,2025/2/27,173.99,174.56,167.94,168.5,172.73,0.007294622,-0.031553538,0.016998188
GOOGL|2025-02-28,GOOGL,2025/2/28,168.68,170.61,166.77,170.28,168.5,0.001068249,0.009485416,0.004435116
GOOGL|2025-03-03,GOOGL,2025/3/3,171.925,173.37,165.93,167.01,170.28,0.009660559,-0.028588047,0.017231554
GOOGL|2025-03-04,GOOGL,2025/3/4,166.24,173.2946,165.8,170.92,167.01,-0.004610502,0.028152069,0.014027129
GOOGL|2025-03-05,GOOGL,2025/3/5,170.52,173.78,169.06,173.02,170.92,-0.002340276,0.014661037,0.00726858
GOOGL|2025-03-06,GOOGL,2025/3/6,170.53,174.81,170.5,172.35,173.02,-0.0143914,0.010672609,0.012903883
GOOGL|2025-03-07,GOOGL,2025/3/7,171.26,174.97,170.27,173.86,172.35,-0.00632434,0.015181595,0.009867242
GOOGL|2025-03-10,GOOGL,2025/3/10,168.26,168.46,163.69,165.87,173.86,-0.032209824,-0.014204208,0.025007578
GOOGL|2025-03-11,GOOGL,2025/3/11,164.91,166.75,161.37,164.04,165.87,-0.005787665,-0.005275605,0.005582841
GOOGL|2025-03-12,GOOGL,2025/3/12,166.58,167.6399,163.53,167.11,164.04,0.015484028,0.003181654,0.010563079
GOOGL|2025-03-13,GOOGL,2025/3/13,166.035,166.13,162.11,162.76,167.11,-0.006432889,-0.019724757,0.011749636
GOOGL|2025-03-14,GOOGL,2025/3/14,163.27,166.49,162.45,165.49,162.76,0.003133448,0.013597109,0.007318912
GOOGL|2025-03-17,GOOGL,2025/3/17,165.03,166.3,163.67,164.29,165.49,-0.002779624,-0.004484033,0.003461388
GOOGL|2025-03-18,GOOGL,2025/3/18,163.675,164.25,156.72,160.67,164.29,-0.003743381,-0.018359554,0.00958985
GOOGL|2025-03-19,GOOGL,2025/3/19,161.76,165.87,161,163.89,160.67,0.006784092,0.013167656,0.009337517
GOOGL|2025-03-20,GOOGL,2025/3/20,161.57,164.89,160.96,162.8,163.89,-0.014155836,0.007612799,0.011538622
GOOGL|2025-03-21,GOOGL,2025/3/21,161.205,164.24,160.8901,163.99,162.8,-0.009797297,0.017276139,0.012788834
GOOGL|2025-03-24,GOOGL,2025/3/24,167.065,168.32,165.14,167.68,163.99,0.018751143,0.003681202,0.012723167
GOOGL|2025-03-25,GOOGL,2025/3/25,168.98,170.63,168.315,170.56,167.68,0.007752863,0.009350219,0.008391805
GOOGL|2025-03-26,GOOGL,2025/3/26,169,169.61,164.84,165.06,170.56,-0.009146341,-0.023313609,0.014813249
GOOGL|2025-03-27,GOOGL,2025/3/27,164.63,165.42,162,162.24,165.06,-0.002605113,-0.014517403,0.007370029
GOOGL|2025-03-28,GOOGL,2025/3/28,160.49,161.82,153.63,154.33,162.24,-0.010786489,-0.038382454,0.021824875
GOOGL|2025-03-31,GOOGL,2025/3/31,153.11,155.54,150.662,154.64,154.33,-0.007905138,0.009992816,0.008740209
GOOGL|2025-04-01,GOOGL,2025/4/1,153.62,158.1,153.62,157.07,154.64,-0.006595965,0.022458013,0.012940784
GOOGL|2025-04-02,GOOGL,2025/4/2,155.15,158.4052,154.7,157.04,157.07,-0.012223849,0.01218176,0.012207013
GOOGL|2025-04-03,GOOGL,2025/4/3,151.11,152.7799,150.39,150.72,157.04,-0.03776108,-0.002580901,0.023689009
GOOGL|2025-04-04,GOOGL,2025/4/4,148.01,151.07,145.38,145.6,150.72,-0.017980361,-0.016282684,0.01730129
GOOGL|2025-04-07,GOOGL,2025/4/7,141.55,152.85,140.53,146.75,145.6,-0.027815934,0.036736136,0.031384015
GOOGL|2025-04-08,GOOGL,2025/4/8,151.22,152.24,143.03,144.7,146.75,0.030459966,-0.04311599,0.035522376
GOOGL|2025-04-09,GOOGL,2025/4/9,144.415,159.55,143.905,158.71,144.7,-0.001969592,0.098985562,0.04077598
GOOGL|2025-04-10,GOOGL,2025/4/10,156.54,157.72,149.93,152.82,158.71,-0.013672736,-0.023763894,0.0177092
GOOGL|2025-04-11,GOOGL,2025/4/11,152.9,157.67,152.82,157.14,152.82,0.000523492,0.027730543,0.011406312
GOOGL|2025-04-14,GOOGL,2025/4/14,159.995,161.72,157.56,159.07,157.14,0.018168512,-0.005781431,0.01321368
GOOGL|2025-04-15,GOOGL,2025/4/15,159.125,159.65,155.21,156.31,159.07,0.00034576,-0.017690495,0.007283654
GOOGL|2025-04-16,GOOGL,2025/4/16,153.1,155.89,151.51,153.33,156.31,-0.020536114,0.001502286,0.012922583
GOOGL|2025-04-17,GOOGL,2025/4/17,154.29,154.68,148.5,151.16,153.33,0.006261006,-0.020286474,0.011871193
GOOGL|2025-04-21,GOOGL,2025/4/21,148.88,148.945,146.1,147.67,151.16,-0.015083355,-0.008127351,0.012300954
GOOGL|2025-04-22,GOOGL,2025/4/22,148.89,152.19,148.54,151.47,147.67,0.008261665,0.017328229,0.01188829
GOOGL|2025-04-23,GOOGL,2025/4/23,155.61,157.525,153.81,155.35,151.47,0.027332145,-0.001670844,0.017067624
GOOGL|2025-04-24,GOOGL,2025/4/24,156.15,159.59,155.79,159.28,155.35,0.005149662,0.020044829,0.011107729
GOOGL|2025-04-25,GOOGL,2025/4/25,165.07,166.1,161.04,161.96,159.28,0.03635108,-0.018840492,0.029346845
GOOGL|2025-04-28,GOOGL,2025/4/28,162.425,163.15,158.6,160.61,161.96,0.002871079,-0.011174388,0.006192403
GOOGL|2025-04-29,GOOGL,2025/4/29,160.325,160.74,157.52,160.16,160.61,-0.001774485,-0.00102916,0.001476355
GOOGL|2025-04-30,GOOGL,2025/4/30,157.975,159.27,155.4,158.8,160.16,-0.013642607,0.005222345,0.010274503
GOOGL|2025-05-01,GOOGL,2025/5/1,160.45,161.95,158.91,161.3,158.8,0.010390428,0.0052976,0.008353297
GOOGL|2025-05-02,GOOGL,2025/5/2,163.405,164.97,161.87,164.03,161.3,0.013050217,0.003824852,0.009360071
GOOGL|2025-05-05,GOOGL,2025/5/5,163,165.39,162.72,164.21,164.03,-0.006279339,0.007423313,0.006736929
GOOGL|2025-05-06,GOOGL,2025/5/6,162.17,164.8,161.19,163.23,164.21,-0.012423117,0.006536351,0.01006841
GOOGL|2025-05-07,GOOGL,2025/5/7,164.08,165,147.84,151.38,163.23,0.005207376,-0.077401268,0.034084933
GOOGL|2025-05-08,GOOGL,2025/5/8,155,155.93,152.9,154.28,151.38,0.023913331,-0.004645161,0.016206063
GOOGL|2025-05-09,GOOGL,2025/5/9,154.17,155.05,152.2,152.75,154.28,-0.000712989,-0.009210612,0.004112038
GOOGL|2025-05-12,GOOGL,2025/5/12,157.485,159.1,156.25,158.46,152.75,0.030998363,0.006191066,0.021075444
GOOGL|2025-05-13,GOOGL,2025/5/13,158.79,160.57,156.16,159.53,158.46,0.002082544,0.004660243,0.003113624
GOOGL|2025-05-14,GOOGL,2025/5/14,159.96,167,159.61,165.37,159.53,0.002695418,0.033820955,0.015145633
GOOGL|2025-05-15,GOOGL,2025/5/15,165.84,166.205,162.3732,163.96,165.37,0.002842112,-0.011336228,0.006239758
GOOGL|2025-05-16,GOOGL,2025/5/16,167.725,169.35,165.62,166.19,163.96,0.022962918,-0.009151886,0.017438505
GOOGL|2025-05-19,GOOGL,2025/5/19,164.51,166.64,164.22,166.54,166.19,-0.010108911,0.012339675,0.011001217
GOOGL|2025-05-20,GOOGL,2025/5/20,166.43,168.5,162.9,163.98,166.54,-0.000660502,-0.014720904,0.006284663
GOOGL|2025-05-21,GOOGL,2025/5/21,163.69,173.14,163.56,168.56,163.98,-0.001768508,0.029751359,0.012961649
GOOGL|2025-05-22,GOOGL,2025/5/22,171.85,176.77,170.71,170.87,168.56,0.019518272,-0.005702648,0.013992023
GOOGL|2025-05-23,GOOGL,2025/5/23,169.055,169.96,167.89,168.47,170.87,-0.01062211,-0.003460412,0.007757431
GOOGL|2025-05-27,GOOGL,2025/5/27,170.16,173.17,170,172.9,168.47,0.01003146,0.016102492,0.012459872
GOOGL|2025-05-28,GOOGL,2025/5/28,173.16,175.265,171.9107,172.36,172.9,0.001503759,-0.004620005,0.002750257
GOOGL|2025-05-29,GOOGL,2025/5/29,174,174.4193,170.63,171.86,172.36,0.009514969,-0.012298851,0.010628521
GOOGL|2025-05-30,GOOGL,2025/5/30,171.35,172.205,167.44,171.74,171.86,-0.002967532,0.002276043,0.002690936
GOOGL|2025-06-02,GOOGL,2025/6/2,167.84,169.87,167.39,169.03,171.74,-0.022708746,0.007090086,0.016461282
GOOGL|2025-06-03,GOOGL,2025/6/3,167.49,168.475,165.28,166.18,169.03,-0.009110809,-0.007821362,0.00859503
GOOGL|2025-06-04,GOOGL,2025/6/4,166.735,168.215,166.36,168.05,166.18,0.003339752,0.007886766,0.005158558
GOOGL|2025-06-05,GOOGL,2025/6/5,170.34,170.93,167.59,168.21,168.05,0.013626897,-0.012504403,0.013177899
GOOGL|2025-06-06,GOOGL,2025/6/6,170.83,174.5,170.83,173.68,168.21,0.015575768,0.016683252,0.016018762
GOOGL|2025-06-09,GOOGL,2025/6/9,174.54,176.47,174.37,176.09,173.68,0.004951635,0.008880486,0.006523175
GOOGL|2025-06-10,GOOGL,2025/6/10,176.2,181.105,174.91,178.6,176.09,0.000624681,0.013620885,0.005823162
GOOGL|2025-06-11,GOOGL,2025/6/11,179.77,180.37,176.75,177.35,178.6,0.006550952,-0.013461645,0.009315229
GOOGL|2025-06-12,GOOGL,2025/6/12,176.18,176.72,174.745,175.7,177.35,-0.006597124,-0.002724486,0.005048069
GOOGL|2025-06-13,GOOGL,2025/6/13,172.44,177.13,172.385,174.67,175.7,-0.018554354,0.012932034,0.016305426
GOOGL|2025-06-16,GOOGL,2025/6/16,174.73,176.94,174.65,176.77,174.67,0.000343505,0.011675156,0.004876165
GOOGL|2025-06-17,GOOGL,2025/6/17,175.7,177.3648,174.58,175.95,176.77,-0.006053063,0.00142288,0.00420099
GOOGL|2025-06-18,GOOGL,2025/6/18,176.01,176.56,173.2,173.32,175.95,0.000341006,-0.015283223,0.006317893
GOOGL|2025-06-20,GOOGL,2025/6/20,173.945,174.34,165.46,166.64,173.32,0.003606047,-0.041996033,0.018962041
GOOGL|2025-06-23,GOOGL,2025/6/23,166.27,167.34,162,165.19,166.64,-0.002220355,-0.006495459,0.003930397
GOOGL|2025-06-24,GOOGL,2025/6/24,166.92,168.22,166.13,166.77,165.19,0.010472789,-0.000898634,0.006643127
GOOGL|2025-06-25,GOOGL,2025/6/25,167.63,172.36,167.55,170.68,166.77,0.005156803,0.018194834,0.010372015
GOOGL|2025-06-26,GOOGL,2025/6/26,172.43,173.69,169.94,173.54,170.68,0.010253105,0.006437395,0.008726821
GOOGL|2025-06-27,GOOGL,2025/6/27,173.54,178.68,171.73,178.53,173.54,0,0.028754178,0.011501671
GOOGL|2025-06-30,GOOGL,2025/6/30,180.78,181.23,174.58,176.23,178.53,0.012602924,-0.025168713,0.01762924
GOOGL|2025-07-01,GOOGL,2025/7/1,175.735,176.09,173.53,175.84,176.23,-0.002808829,0.000597491,0.001924294
GOOGL|2025-07-02,GOOGL,2025/7/2,175.54,178.86,175.07,178.64,175.84,-0.001706096,0.017659793,0.008087575
GOOGL|2025-07-03,GOOGL,2025/7/3,178.5,179.67,177.05,179.53,178.64,-0.000783699,0.005770308,0.002778343
GOOGL|2025-07-07,GOOGL,2025/7/7,179.06,179.297,175.68,176.79,179.53,-0.002617947,-0.012677315,0.006641694
GOOGL|2025-07-08,GOOGL,2025/7/8,177.85,177.95,172.81,174.36,176.79,0.005995814,-0.019623278,0.0114468
GOOGL|2025-07-09,GOOGL,2025/7/9,175.25,179.44,172.77,176.62,174.36,0.005104382,0.007817404,0.006189591
GOOGL|2025-07-10,GOOGL,2025/7/10,175.63,178.429,174.38,177.62,176.62,-0.005605254,0.011330638,0.007895408
GOOGL|2025-07-11,GOOGL,2025/7/11,176.785,181.43,176.48,180.19,177.62,-0.004701047,0.019260684,0.010524902
GOOGL|2025-07-14,GOOGL,2025/7/14,181.01,183.67,179.68,181.56,180.19,0.004550752,0.003038506,0.003945854
GOOGL|2025-07-15,GOOGL,2025/7/15,182.81,184.22,181.6,182,181.56,0.006884776,-0.00443083,0.005903198
GOOGL|2025-07-16,GOOGL,2025/7/16,183.235,184.327,182.03,182.97,182,0.006785714,-0.00144623,0.004649921
GOOGL|2025-07-17,GOOGL,2025/7/17,182.14,184.06,180.48,183.58,182.97,-0.004536263,0.007906006,0.00588416
GOOGL|2025-07-18,GOOGL,2025/7/18,185.4,186.42,183.71,185.06,183.58,0.009913934,-0.001833873,0.006681909
GOOGL|2025-07-21,GOOGL,2025/7/21,186.25,190.285,186.15,190.1,185.06,0.006430347,0.020671141,0.012126665
GOOGL|2025-07-22,GOOGL,2025/7/22,191.495,191.645,187.46,191.34,190.1,0.007338243,-0.000809421,0.004726714
GOOGL|2025-07-23,GOOGL,2025/7/23,191.5,192.53,189.18,190.23,191.34,0.000836208,-0.006631854,0.003154466
GOOGL|2025-07-24,GOOGL,2025/7/24,197.03,197.95,191,192.17,190.23,0.035746202,-0.024666294,0.031314239
GOOGL|2025-07-25,GOOGL,2025/7/25,191.98,194.33,191.26,193.18,192.17,-0.000988708,0.006250651,0.003093485
GOOGL|2025-07-28,GOOGL,2025/7/28,193.65,194.05,190.84,192.58,193.18,0.002432964,-0.005525432,0.003669951
GOOGL|2025-07-29,GOOGL,2025/7/29,192.43,195.92,192.08,195.75,192.58,-0.000778897,0.017253027,0.007368549
GOOGL|2025-07-30,GOOGL,2025/7/30,195.6,197.5999,194.685,196.53,195.75,-0.000766284,0.004754601,0.002361611
GOOGL|2025-07-31,GOOGL,2025/7/31,195.71,195.99,191.09,191.9,196.53,-0.004172391,-0.01946758,0.010290466
GOOGL|2025-08-01,GOOGL,2025/8/1,189.025,190.83,187.82,189.13,191.9,-0.014981761,0.000555482,0.00921125
GOOGL|2025-08-04,GOOGL,2025/8/4,190.29,195.27,190.12,195.04,189.13,0.006133347,0.0249619,0.013664769
GOOGL|2025-08-05,GOOGL,2025/8/5,194.71,197.8599,193.885,194.67,195.04,-0.001691961,-0.000205434,0.00109735
GOOGL|2025-08-06,GOOGL,2025/8/6,194.5,196.63,193.67,196.09,194.67,-0.000873273,0.008174807,0.003793887
GOOGL|2025-08-07,GOOGL,2025/8/7,197.06,197.54,194.33,196.52,196.09,0.004946708,-0.002740282,0.004064138
GOOGL|2025-08-08,GOOGL,2025/8/8,197.22,202.61,197.17,201.42,196.52,0.003561978,0.021296015,0.010655593
GOOGL|2025-08-11,GOOGL,2025/8/11,200.935,201.475,199.07,201,201.42,-0.002407904,0.000323488,0.001574137
GOOGL|2025-08-12,GOOGL,2025/8/12,201.365,204.5,200.59,203.34,201,0.00181592,0.00980806,0.005012776
GOOGL|2025-08-13,GOOGL,2025/8/13,204.13,204.53,197.5101,201.96,203.34,0.003885119,-0.010630481,0.006583263
GOOGL|2025-08-14,GOOGL,2025/8/14,201.5,204.44,201.225,202.94,201.96,-0.002277679,0.007146402,0.004225168
GOOGL|2025-08-15,GOOGL,2025/8/15,203.85,206.44,201.28,203.9,202.94,0.004484084,0.000245278,0.002788562
GOOGL|2025-08-18,GOOGL,2025/8/18,204.2,205.265,202.49,203.5,203.9,0.001471309,-0.003428012,0.00225399
GOOGL|2025-08-19,GOOGL,2025/8/19,203.03,203.44,199.96,201.57,203.5,-0.002309582,-0.007191056,0.004262172
GOOGL|2025-08-20,GOOGL,2025/8/20,200.73,201.28,196.595,199.32,201.57,-0.004167287,-0.007024361,0.005310117
GOOGL|2025-08-21,GOOGL,2025/8/21,199.745,202.48,199.43,199.75,199.32,0.00213225,2.50E-05,0.001289363
GOOGL|2025-08-22,GOOGL,2025/8/22,202.73,208.54,201.3,206.09,199.75,0.014918648,0.016573768,0.015580696
GOOGL|2025-08-25,GOOGL,2025/8/25,206.43,210.52,205.28,208.49,206.09,0.001649765,0.00997917,0.004981527
GOOGL|2025-08-26,GOOGL,2025/8/26,207.51,207.85,205.7,207.14,208.49,-0.004700465,-0.001783047,0.003533498
GOOGL|2025-08-27,GOOGL,2025/8/27,205.7,208.91,205.65,207.48,207.14,-0.00695182,0.008653379,0.007632443
GOOGL|2025-08-28,GOOGL,2025/8/28,207.25,212.22,206.9,211.64,207.48,-0.001108541,0.021182147,0.009137983
GOOGL|2025-08-29,GOOGL,2025/8/29,210.51,214.645,210.2,212.91,211.64,-0.005339255,0.011400884,0.007763907
GOOGL|2025-09-02,GOOGL,2025/9/2,208.44,211.675,206.195,211.35,212.91,-0.020994787,0.013960852,0.018181213
GOOGL|2025-09-03,GOOGL,2025/9/3,226.21,231.31,224.79,230.66,211.35,0.070309912,0.019671986,0.050054742
GOOGL|2025-09-04,GOOGL,2025/9/4,229.65,232.37,226.11,232.3,230.66,-0.004378739,0.011539299,0.007242963
GOOGL|2025-09-05,GOOGL,2025/9/5,232.2,235.76,231.9,235,232.3,-0.000430478,0.01205857,0.005081715
GOOGL|2025-09-08,GOOGL,2025/9/8,235.47,238.13,233.67,234.04,235,0.002,-0.00607296,0.003629184
GOOGL|2025-09-09,GOOGL,2025/9/9,234.165,240.47,233.229,239.63,234.04,0.000534097,0.023338244,0.009655756
GOOGL|2025-09-10,GOOGL,2025/9/10,238.9,241.66,237.85,239.17,239.63,-0.003046363,0.00113018,0.00227989
GOOGL|2025-09-11,GOOGL,2025/9/11,239.88,242.25,236.25,240.37,239.17,0.0029686,0.002042688,0.002598235
GOOGL|2025-09-12,GOOGL,2025/9/12,240.37,242.075,238,240.8,240.37,0,0.001788909,0.000715564
GOOGL|2025-09-15,GOOGL,2025/9/15,244.66,252.4099,244.66,251.61,240.8,0.0160299,0.028406769,0.020980648
GOOGL|2025-09-16,GOOGL,2025/9/16,252.08,253.04,249.47,251.16,251.61,0.00186797,-0.003649635,0.002580636
GOOGL|2025-09-17,GOOGL,2025/9/17,251.22,251.6,246.28,249.53,251.16,0.000238892,-0.006727171,0.002834203
GOOGL|2025-09-18,GOOGL,2025/9/18,251.68,253.99,249.8,252.03,249.53,0.008616198,0.001390655,0.005725981
GOOGL|2025-09-19,GOOGL,2025/9/19,253.25,256,251.81,254.72,252.03,0.004840694,0.005804541,0.005226233
GOOGL|2025-09-22,GOOGL,2025/9/22,254.43,255.78,250.3,252.53,254.72,-0.001138505,-0.007467673,0.003670172
GOOGL|2025-09-23,GOOGL,2025/9/23,253.04,254.36,250.48,251.66,252.53,0.002019562,-0.005453683,0.003393211
GOOGL|2025-09-24,GOOGL,2025/9/24,251.66,252.3501,246.44,247.14,251.66,0,-0.017960741,0.007184296
GOOGL|2025-09-25,GOOGL,2025/9/25,244.4,246.49,240.74,245.79,247.14,-0.011086833,0.005687398,0.008927059
GOOGL|2025-09-26,GOOGL,2025/9/26,247.065,249.42,245.97,246.54,245.79,0.005187355,-0.002124947,0.003962392
GOOGL|2025-09-29,GOOGL,2025/9/29,247.85,251.1486,242.77,244.05,246.54,0.005313539,-0.015331854,0.009320865
GOOGL|2025-09-30,GOOGL,2025/9/30,242.81,243.29,239.245,243.1,244.05,-0.005080926,0.001194349,0.003526295
GOOGL|2025-10-01,GOOGL,2025/10/1,240.75,246.3,238.61,244.9,243.1,-0.009666804,0.017237799,0.012695202
GOOGL|2025-10-02,GOOGL,2025/10/2,245.15,246.81,242.3,245.69,244.9,0.001020825,0.002202733,0.001493588
GOOGL|2025-10-03,GOOGL,2025/10/3,244.49,246.3,241.655,245.35,245.69,-0.004884204,0.003517526,0.004337533
GOOGL|2025-10-06,GOOGL,2025/10/6,244.78,251.32,244.58,250.43,245.35,-0.002323212,0.023081951,0.010626707
GOOGL|2025-10-07,GOOGL,2025/10/7,248.27,250.44,245.52,245.76,250.43,-0.008625165,-0.010109961,0.009219083
GOOGL|2025-10-08,GOOGL,2025/10/8,244.96,246.005,243.82,244.62,245.76,-0.003255208,-0.001387982,0.002508318
GOOGL|2025-10-09,GOOGL,2025/10/9,244.47,244.76,239.15,241.53,244.62,-0.000613196,-0.012026015,0.005178324
GOOGL|2025-10-10,GOOGL,2025/10/10,241.43,244.09,235.84,236.57,241.53,-0.000414027,-0.020130058,0.00830044
GOOGL|2025-10-13,GOOGL,2025/10/13,240.21,244.5,239.71,244.15,236.57,0.015386566,0.016402315,0.015792866
GOOGL|2025-10-14,GOOGL,2025/10/14,241.23,247.12,240.51,245.45,244.15,-0.011959861,0.017493678,0.014173388
GOOGL|2025-10-15,GOOGL,2025/10/15,247.245,252.11,245.99,251.03,245.45,0.007313098,0.015308702,0.01051134
GOOGL|2025-10-16,GOOGL,2025/10/16,251.765,256.96,250.101,251.46,251.03,0.002927937,-0.001211447,0.002241341
GOOGL|2025-10-17,GOOGL,2025/10/17,250.76,254.22,247.81,253.3,251.46,-0.002783743,0.010129207,0.005721929
GOOGL|2025-10-20,GOOGL,2025/10/20,254.69,257.33,254.23,256.55,253.3,0.005487564,0.007302996,0.006213737
GOOGL|2025-10-21,GOOGL,2025/10/21,254.74,254.88,244.15,250.46,256.55,-0.007055155,-0.016801445,0.010953671
GOOGL|2025-10-22,GOOGL,2025/10/22,254.37,256.36,249.29,251.69,250.46,0.015611275,-0.010535834,0.013581099
GOOGL|2025-10-23,GOOGL,2025/10/23,252.98,255.04,251.85,253.08,251.69,0.005125353,0.000395288,0.003233327
GOOGL|2025-10-24,GOOGL,2025/10/24,256.58,261.68,255.315,259.92,253.08,0.013829619,0.013017382,0.013504724
GOOGL|2025-10-27,GOOGL,2025/10/27,264.815,270.14,264.28,269.27,259.92,0.018832718,0.016823065,0.018028857
GOOGL|2025-10-28,GOOGL,2025/10/28,269.69,270.73,266.5,267.47,269.27,0.001559773,-0.008231673,0.004228533
GOOGL|2025-10-29,GOOGL,2025/10/29,267.75,275.336,267.67,274.57,267.47,0.001046846,0.025471522,0.010816717
GOOGL|2025-10-30,GOOGL,2025/10/30,291.59,291.59,280.06,281.48,274.57,0.061987836,-0.034671971,0.05106149
GOOGL|2025-10-31,GOOGL,2025/10/31,283.21,286,277.03,281.19,281.48,0.006146085,-0.007132517,0.006540658
GOOGL|2025-11-03,GOOGL,2025/11/3,282.175,285.53,279.8,283.72,281.19,0.00350297,0.005475326,0.004291912
GOOGL|2025-11-04,GOOGL,2025/11/4,276.75,281.27,276.26,277.54,283.72,-0.024566474,0.002854562,0.015881709
GOOGL|2025-11-05,GOOGL,2025/11/5,278.87,286.415,277.34,284.31,277.54,0.004792102,0.019507297,0.01067818
GOOGL|2025-11-06,GOOGL,2025/11/6,285.33,288.35,281.14,284.75,284.31,0.003587633,-0.002032734,0.002965674
GOOGL|2025-11-07,GOOGL,2025/11/7,283.205,283.78,275.19,278.83,284.75,-0.005425812,-0.015448174,0.009434757
GOOGL|2025-11-10,GOOGL,2025/11/10,284.42,290.8,282.855,290.1,278.83,0.020048058,0.019970466,0.020017021
GOOGL|2025-11-11,GOOGL,2025/11/11,287.745,291.915,287.32,291.31,290.1,-0.00811789,0.012389442,0.009826511
GOOGL|2025-11-12,GOOGL,2025/11/12,291.675,292.005,283.69,286.71,291.31,0.001252961,-0.017022371,0.007560725
GOOGL|2025-11-13,GOOGL,2025/11/13,282.34,282.84,277.24,278.57,286.71,-0.015241882,-0.013352695,0.014486207
GOOGL|2025-11-14,GOOGL,2025/11/14,271.405,278.56,270.7,276.41,278.57,-0.025720645,0.018441075,0.022808817
GOOGL|2025-11-17,GOOGL,2025/11/17,285.775,293.95,283.57,285.02,276.41,0.033880829,-0.002641939,0.021385273
GOOGL|2025-11-18,GOOGL,2025/11/18,287.915,288.8,278.2,284.28,285.02,0.010157182,-0.012625254,0.011144411
GOOGL|2025-11-19,GOOGL,2025/11/19,287.16,303.81,286.63,292.81,284.28,0.010130857,0.019675442,0.013948691
GOOGL|2025-11-20,GOOGL,2025/11/20,304.54,306.42,288.67,289.45,292.81,0.040060107,-0.049550141,0.043856121
GOOGL|2025-11-21,GOOGL,2025/11/21,296.415,303.92,293.845,299.66,289.45,0.024062878,0.010947489,0.018816722
GOOGL|2025-11-24,GOOGL,2025/11/24,311.13,319.48,309.595,318.58,299.66,0.038276714,0.023944975,0.032544018
GOOGL|2025-11-25,GOOGL,2025/11/25,326.21,328.83,317.65,323.44,318.58,0.023950028,-0.008491463,0.017766602
GOOGL|2025-11-26,GOOGL,2025/11/26,320.68,324.5,316.79,319.95,323.44,-0.008533267,-0.002276413,0.006030525
GOOGL|2025-11-28,GOOGL,2025/11/28,323.365,326.85,316.79,320.18,319.95,0.010673543,-0.009849551,0.010343946
GOOGL|2025-12-01,GOOGL,2025/12/1,317.7,319.85,313.89,314.89,320.18,-0.007745643,-0.008844822,0.008185315
GOOGL|2025-12-02,GOOGL,2025/12/2,316.74,318.38,313.91,315.81,314.89,0.005875067,-0.002936162,0.004699505
GOOGL|2025-12-03,GOOGL,2025/12/3,315.89,321.58,314.1,319.63,315.81,0.000253317,0.011839564,0.004887816
GOOGL|2025-12-04,GOOGL,2025/12/4,322.225,322.36,314.7,317.62,319.63,0.008118762,-0.014291256,0.01058776
GOOGL|2025-12-05,GOOGL,2025/12/5,319.49,323.16,319.165,321.27,317.62,0.005887539,0.005571379,0.005761075
GOOGL|2025-12-08,GOOGL,2025/12/8,320.05,320.44,311.2219,313.72,321.27,-0.003797429,-0.01977816,0.010189721
GOOGL|2025-12-09,GOOGL,2025/12/9,312.37,317.99,311.895,317.08,313.72,-0.0043032,0.015078273,0.008613229
GOOGL|2025-12-10,GOOGL,2025/12/10,315.83,321.31,314.68,320.21,317.08,-0.003942223,0.01386822,0.007912622
GOOGL|2025-12-11,GOOGL,2025/12/11,320.08,321.12,308.6,312.43,320.21,-0.000405984,-0.023900275,0.0098037
GOOGL|2025-12-12,GOOGL,2025/12/12,313.7,314.87,305.56,309.29,312.43,0.004064911,-0.014058017,0.008062153
GOOGL|2025-12-15,GOOGL,2025/12/15,311.315,311.42,304.88,308.22,309.29,0.006547253,-0.009941699,0.007905032
GOOGL|2025-12-16,GOOGL,2025/12/16,304.945,310.77,302.59,306.57,308.22,-0.010625527,0.00532883,0.008506848
GOOGL|2025-12-17,GOOGL,2025/12/17,308.01,308.09,296.12,296.72,306.57,0.004697133,-0.036654654,0.017480141
GOOGL|2025-12-18,GOOGL,2025/12/18,301.72,303.96,299.2308,302.46,296.72,0.016850903,0.002452605,0.011091584
GOOGL|2025-12-19,GOOGL,2025/12/19,301.73,307.25,300.97,307.16,302.46,-0.002413542,0.017996222,0.008646614
GOOGL|2025-12-22,GOOGL,2025/12/22,309.875,310.13,305.3,309.78,307.16,0.008839042,-0.000306575,0.005426055
GOOGL|2025-12-23,GOOGL,2025/12/23,309.625,314.94,309.32,314.35,309.78,-0.000500355,0.015260396,0.006404371
GOOGL|2025-12-24,GOOGL,2025/12/24,314.77,315.08,311.92,314.09,314.35,0.00133609,-0.002160308,0.001665777
GOOGL|2025-12-26,GOOGL,2025/12/26,314.48,315.085,312.275,313.51,314.09,0.001241682,-0.003084457,0.001978792
GOOGL|2025-12-29,GOOGL,2025/12/29,311.365,314.02,310.62,313.56,313.51,-0.006841887,0.007049604,0.006924974
GOOGL|2025-12-30,GOOGL,2025/12/30,312.5,316.95,312.46,313.85,313.56,-0.003380533,0.00432,0.00375632
GOOGL|2025-12-31,GOOGL,2025/12/31,312.845,314.58,311.44,313,313.85,-0.003202167,0.000495453,0.002119481
GOOGL|2026-01-02,GOOGL,2026/1/2,316.9,322.5,310.33,315.15,313,0.012460064,-0.005522247,0.009684937
GOOGL|2026-01-05,GOOGL,2026/1/5,317.655,319.015,314.63,316.54,315.15,0.007948596,-0.003510097,0.006173197
GOOGL|2026-01-06,GOOGL,2026/1/6,316.4,320.94,311.78,314.34,316.54,-0.000442282,-0.006510746,0.002869668
GOOGL|2026-01-07,GOOGL,2026/1/7,314.36,326.15,314.19,321.98,314.34,6.36E-05,0.024239725,0.009734065
GOOGL|2026-01-08,GOOGL,2026/1/8,328.965,330.3196,321.5,325.44,321.98,0.021693894,-0.010715426,0.017302507
GOOGL|2026-01-09,GOOGL,2026/1/9,327.09,330.83,325.8,328.57,325.44,0.005070059,0.004524749,0.004851935
GOOGL|2026-01-12,GOOGL,2026/1/12,325.8,334.04,325,331.86,328.57,-0.008430471,0.018600368,0.01249843
GOOGL|2026-01-13,GOOGL,2026/1/13,334.95,340.49,333.62,335.97,331.86,0.009311155,0.003045231,0.006804785
GOOGL|2026-01-14,GOOGL,2026/1/14,335.06,336.52,330.48,335.84,335.97,-0.002708575,0.002327941,0.002556322
GOOGL|2026-01-15,GOOGL,2026/1/15,337.65,337.69,330.74,332.78,335.84,0.005389471,-0.014423219,0.00900297
GOOGL|2026-01-16,GOOGL,2026/1/16,334.41,334.65,327.7,330,332.78,0.004898131,-0.013187405,0.00821384
GOOGL|2026-01-20,GOOGL,2026/1/20,320.87,327.73,320.43,322,330,-0.027666667,0.003521675,0.01800867
GOOGL|2026-01-21,GOOGL,2026/1/21,320.92,332.4799,319.3518,328.38,322,-0.003354037,0.023245669,0.01131069
GOOGL|2026-01-22,GOOGL,2026/1/22,334.45,335.15,328.75,330.54,328.38,0.018484682,-0.011690836,0.015767144
GOOGL|2026-01-23,GOOGL,2026/1/23,332.485,333.6889,327.45,327.93,330.54,0.005884311,-0.013699866,0.009010533
GOOGL|2026-01-26,GOOGL,2026/1/26,327.805,335.84,327,333.26,327.93,-0.000381179,0.016640991,0.006885104
GOOGL|2026-01-27,GOOGL,2026/1/27,335.365,337.91,333.48,334.55,333.26,0.00631639,-0.002430188,0.004761909
GOOGL|2026-01-28,GOOGL,2026/1/28,336.06,337.535,331.94,336.01,334.55,0.004513526,-0.000148783,0.002767629
GOOGL|2026-01-29,GOOGL,2026/1/29,340.3,342.29,326.54,338.25,336.01,0.012767477,-0.006024096,0.010070125
GOOGL|2026-01-30,GOOGL,2026/1/30,340,340,332.285,338,338.25,0.005173688,-0.005882353,0.005457154
GOOGL|2026-02-02,GOOGL,2026/2/2,336.22,344.83,335.63,343.69,338,-0.005266272,0.022217596,0.012046802
GOOGL|2026-02-03,GOOGL,2026/2/3,347.34,349,337.4745,339.71,343.69,0.010620035,-0.021966949,0.015158801
GOOGL|2026-02-04,GOOGL,2026/2/4,342.96,343.31,328.52,333.04,339.71,0.009566984,-0.028924656,0.017310053
GOOGL|2026-02-05,GOOGL,2026/2/5,312.22,332.69,306.46,331.25,333.04,-0.062515013,0.060950612,0.061889253
GOOGL|2026-02-06,GOOGL,2026/2/6,327.18,330.38,319.92,322.86,331.25,-0.012286792,-0.013203741,0.012653572
GOOGL|2026-02-09,GOOGL,2026/2/9,320.93,327.7,317.26,324.32,322.86,-0.005977823,0.010563051,0.007811914
GOOGL|2026-02-10,GOOGL,2026/2/10,320.97,321.67,314.61,318.58,324.32,-0.010329304,-0.007446179,0.009176054
GOOGL|2026-02-11,GOOGL,2026/2/11,318.97,321.06,309.66,310.96,318.58,0.001224182,-0.02511208,0.010779341
GOOGL|2026-02-12,GOOGL,2026/2/12,312.09,316.24,307.2,309,310.96,0.003633908,-0.00990099,0.006140741
GOOGL|2026-02-13,GOOGL,2026/2/13,307.725,308.63,303.71,305.72,309,-0.004126214,-0.006515558,0.005081951
GOOGL|2026-02-17,GOOGL,2026/2/17,300.04,304.435,296.25,302.02,305.72,-0.018579092,0.00659912,0.013787103
GOOGL|2026-02-18,GOOGL,2026/2/18,302.09,305.38,301.25,303.33,302.02,0.000231773,0.004104737,0.001780958
GOOGL|2026-02-19,GOOGL,2026/2/19,301.82,305.47,300.04,302.85,303.33,-0.004978077,0.00341263,0.004351898
GOOGL|2026-02-20,GOOGL,2026/2/20,304.32,316.5,303.9,314.98,302.85,0.004853888,0.035028917,0.0169239
GOOGL|2026-02-23,GOOGL,2026/2/23,319.045,319.515,309.865,311.49,314.98,0.012905581,-0.023680045,0.017215367
GOOGL|2026-02-24,GOOGL,2026/2/24,310.515,312.27,305.93,310.9,311.49,-0.003130117,0.001239876,0.00237402
META|2024-12-24,META,2024/12/24,602.715,607.99,599.2849,607.75,599.85,0.004776194,0.008353865,0.006207263
META|2024-12-26,META,2024/12/26,605.48,606.3,598.94,603.35,607.75,-0.003735088,-0.00351787,0.003648201
META|2024-12-27,META,2024/12/27,599.41,601.85,589.8,599.81,603.35,-0.006530206,0.000667323,0.004185053
META|2024-12-30,META,2024/12/30,588.75,596.9399,585.58,591.24,599.81,-0.018439172,0.004229299,0.012755223
META|2024-12-31,META,2024/12/31,592.265,593.97,583.85,585.51,591.24,0.001733645,-0.011405368,0.005602334
META|2025-01-02,META,2025/1/2,589.72,604.91,587.82,599.24,585.51,0.007190313,0.016143254,0.010771489
META|2025-01-03,META,2025/1/3,604.76,609.5,596.4136,604.63,599.24,0.009211668,-0.000214961,0.005612985
META|2025-01-06,META,2025/1/6,611.825,630.99,605.62,630.2,604.63,0.01189984,0.030033098,0.019153143
META|2025-01-07,META,2025/1/7,631.7,632.1011,608.23,617.89,630.2,0.002380197,-0.021861643,0.010172775
META|2025-01-08,META,2025/1/8,613.395,616.4397,602.79,610.72,617.89,-0.007274758,-0.004360975,0.006109244
META|2025-01-10,META,2025/1/10,610.03,629.91,597.34,615.86,610.72,-0.001129814,0.009556907,0.004500651
META|2025-01-13,META,2025/1/13,607.1,608.97,598.445,608.33,615.86,-0.014224012,0.002026025,0.009344817
META|2025-01-14,META,2025/1/14,605.065,605.49,588.55,594.25,608.33,-0.005367153,-0.017874113,0.010369937
META|2025-01-15,META,2025/1/15,610.21,622.46,606.5,617.12,594.25,0.026857383,0.01132397,0.020644018
META|2025-01-16,META,2025/1/16,611.5,616.25,609.71,611.3,617.12,-0.009106819,-0.000327065,0.005594917
META|2025-01-17,META,2025/1/17,624.05,624.97,603.67,612.77,611.3,0.02085719,-0.018075475,0.019744504
META|2025-01-21,META,2025/1/21,617.825,621.5,609.0082,616.46,612.77,0.008249425,-0.002209363,0.0058334
META|2025-01-22,META,2025/1/22,623.3,633.7,619.435,623.5,616.46,0.01109561,0.000320873,0.006785715
META|2025-01-23,META,2025/1/23,627.36,636.6,621.15,636.45,623.5,0.006190858,0.014489288,0.00951023
META|2025-01-24,META,2025/1/24,636.4,652,634.2,647.49,636.45,-7.86E-05,0.017426147,0.007017595
META|2025-01-27,META,2025/1/27,626.61,663.87,625.1,659.88,647.49,-0.032247602,0.053095227,0.040586652
META|2025-01-28,META,2025/1/28,666,682.58,659.465,674.33,659.88,0.009274414,0.012507508,0.010567651
META|2025-01-29,META,2025/1/29,675,681.0459,665.67,676.49,674.33,0.000993579,0.002207407,0.00147911
META|2025-01-30,META,2025/1/30,696.82,710.79,676.1,687,676.49,0.030052181,-0.014092592,0.023668345
META|2025-01-31,META,2025/1/31,691,705.2999,685.58,689.18,687,0.005822416,-0.002633864,0.004546995
META|2025-02-03,META,2025/2/3,675.91,704,675.25,697.46,689.18,-0.019254767,0.031882943,0.024306037
META|2025-02-04,META,2025/2/4,702.5,707.71,691.61,704.19,697.46,0.007226221,0.002405694,0.00529801
META|2025-02-05,META,2025/2/5,703.55,718.14,699.01,704.87,704.19,-0.000908846,0.001876199,0.001295787
META|2025-02-06,META,2025/2/6,705.88,718.9,703.5,711.99,704.87,0.001432888,0.008655862,0.004322078
META|2025-02-07,META,2025/2/7,716.795,725.01,711.75,714.52,711.99,0.00674869,-0.00317385,0.005318754
META|2025-02-10,META,2025/2/10,718.56,721.2,711.33,717.4,714.52,0.005654145,-0.00161434,0.004038223
META|2025-02-11,META,2025/2/11,713.32,723.66,710.04,719.8,717.4,-0.005687204,0.009084282,0.007046035
META|2025-02-12,META,2025/2/12,715.3,727.1,712.6,725.38,719.8,-0.006251737,0.014091989,0.009387838
META|2025-02-13,META,2025/2/13,721.5197,729,718.04,728.56,725.38,-0.005321762,0.009757599,0.007096097
META|2025-02-14,META,2025/2/14,726.14,740.91,725.62,736.67,728.56,-0.003321621,0.014501336,0.007793507
META|2025-02-18,META,2025/2/18,736,737,706.44,716.37,736.67,-0.000909498,-0.026671196,0.011214177
META|2025-02-19,META,2025/2/19,704.095,707,695.39,703.77,716.37,-0.017135,-0.000461585,0.010465634
META|2025-02-20,META,2025/2/20,697.275,705.63,693.64,694.84,703.77,-0.009228867,-0.003492166,0.006934187
META|2025-02-21,META,2025/2/21,696.58,703.87,682.36,683.55,694.84,0.002504174,-0.018705676,0.008984775
META|2025-02-24,META,2025/2/24,686.28,687.27,662.45,668.13,683.55,0.003993856,-0.026446931,0.012975086
META|2025-02-25,META,2025/2/25,665.972,668,641.86,657.5,668.13,-0.00322991,-0.012721256,0.007026448
META|2025-02-26,META,2025/2/26,659.65,683.0078,658,673.7,657.5,0.003269962,0.021299174,0.010481647
META|2025-02-27,META,2025/2/27,682.45,688.6469,657.57,658.24,673.7,0.012987977,-0.035475126,0.021982837
META|2025-02-28,META,2025/2/28,658.04,669.63,642.6017,668.2,658.24,-0.000303841,0.015439791,0.006358221
META|2025-03-03,META,2025/3/3,673.675,681.25,650.8439,655.05,668.2,0.008193655,-0.027646862,0.015974938
META|2025-03-04,META,2025/3/4,645.51,649.75,623.65,640,655.05,-0.014563774,-0.008535886,0.012152619
META|2025-03-05,META,2025/3/5,641,659.5,637.66,656.47,640,0.0015625,0.024134165,0.010591166
META|2025-03-06,META,2025/3/6,648,650.5625,624.11,627.93,656.47,-0.012902341,-0.030972222,0.020130294
META|2025-03-07,META,2025/3/7,625.37,634.79,600.61,625.66,627.93,-0.004076888,0.000463725,0.002631623
META|2025-03-10,META,2025/3/10,608.07,610.1059,586.8701,597.99,625.66,-0.028114311,-0.016577039,0.023499402
META|2025-03-11,META,2025/3/11,595.055,614.934,593.33,605.71,597.99,-0.004908109,0.017905908,0.010107228
META|2025-03-12,META,2025/3/12,629.9,633.33,609.35,619.56,605.71,0.039936603,-0.016415304,0.030528084
META|2025-03-13,META,2025/3/13,620.245,620.5,586.51,590.64,619.56,0.001105623,-0.047731139,0.019755829
META|2025-03-14,META,2025/3/14,602.805,608.86,594.78,607.6,590.64,0.020596302,0.007954479,0.015539573
META|2025-03-17,META,2025/3/17,607.46,613.1,598,604.9,607.6,-0.000230415,-0.004214269,0.001823957
META|2025-03-18,META,2025/3/18,600.05,600.25,574.66,582.36,604.9,-0.008017854,-0.029480877,0.016603063
META|2025-03-19,META,2025/3/19,584.28,592.3223,574.77,584.06,582.36,0.00329693,-0.000376532,0.002128771
META|2025-03-20,META,2025/3/20,582.755,610.2,579.51,586,584.06,-0.002234359,0.005568378,0.003567967
META|2025-03-21,META,2025/3/21,583.425,597.545,580.95,596.25,586,-0.004394198,0.02198226,0.011429423
META|2025-03-24,META,2025/3/24,614.97,622.54,612.2001,618.85,596.25,0.031396226,0.006309251,0.021361436
META|2025-03-25,META,2025/3/25,626.76,633.88,621.18,626.31,618.85,0.012781773,-0.000717978,0.007956255
META|2025-03-26,META,2025/3/26,624.89,626.7499,606.61,610.98,626.31,-0.002267248,-0.022259918,0.010264316
META|2025-03-27,META,2025/3/27,602,614.25,600.1,602.58,610.98,-0.014697699,0.000963455,0.009204001
META|2025-03-28,META,2025/3/28,600.31,601.75,573.92,576.74,602.58,-0.003767135,-0.039263047,0.0179655
META|2025-03-31,META,2025/3/31,563.5,578.7,553.3,576.36,576.74,-0.022956618,0.02282165,0.022902631
META|2025-04-01,META,2025/4/1,570.84,589.91,570,586,576.36,-0.009577347,0.026557354,0.01636935
META|2025-04-02,META,2025/4/2,574.91,592.66,573.36,583.93,586,-0.018924915,0.015689412,0.017630714
META|2025-04-03,META,2025/4/3,546.22,552.5596,530.3,531.62,583.93,-0.064579659,-0.026729157,0.049439458
META|2025-04-04,META,2025/4/4,506.62,518,494.2,504.73,531.62,-0.047026071,-0.003730607,0.029707885
META|2025-04-07,META,2025/4/7,485.1,539.37,481.9,516.25,504.73,-0.038892081,0.064213564,0.049020674
META|2025-04-08,META,2025/4/8,543.25,547.43,502.86,510.45,516.25,0.052300242,-0.060377358,0.055531089
META|2025-04-09,META,2025/4/9,509.265,587.89,502.11,585.77,510.45,-0.002321481,0.150226307,0.061483411
META|2025-04-10,META,2025/4/10,575.49,581.3,535.3,546.29,585.77,-0.01754955,-0.05073937,0.030825478
META|2025-04-11,META,2025/4/11,535.505,547.4,528.5901,543.57,546.29,-0.019742261,0.01506055,0.017869577
META|2025-04-14,META,2025/4/14,556.175,557.77,528.28,531.48,543.57,0.023189286,-0.044401492,0.031674168
META|2025-04-15,META,2025/4/15,532.105,537.94,517.5,521.52,531.48,0.001175961,-0.01989269,0.008662653
META|2025-04-16,META,2025/4/16,508.51,513.37,495.63,502.31,521.52,-0.024946311,-0.012192484,0.01984478
META|2025-04-17,META,2025/4/17,505.25,507.3,498.0133,501.48,502.31,0.005852959,-0.007461653,0.006496437
META|2025-04-21,META,2025/4/21,491.325,493.5,479.8,484.66,501.48,-0.02025006,-0.013565359,0.017576179
META|2025-04-22,META,2025/4/22,491.87,506.88,486.36,500.28,484.66,0.014876408,0.017098014,0.01576505
META|2025-04-23,META,2025/4/23,528.525,535.3376,516.52,520.27,500.28,0.056458383,-0.01561894,0.040122606
META|2025-04-24,META,2025/4/24,518.73,533.9,517.5,533.15,520.27,-0.002960002,0.027798662,0.012895466
META|2025-04-25,META,2025/4/25,546.8,549.86,536.25,547.27,533.15,0.025602551,0.000859546,0.015705349
META|2025-04-28,META,2025/4/28,555.64,558.4899,540.59,549.74,547.27,0.015294096,-0.010618386,0.013423812
META|2025-04-29,META,2025/4/29,546,556.5699,544.12,554.44,549.74,-0.006803216,0.015457875,0.01026508
META|2025-04-30,META,2025/4/30,538.4,549.1,529.5,549,554.44,-0.028930092,0.019687964,0.025233241
META|2025-05-01,META,2025/5/1,592.075,592.95,570.5,572.21,549,0.078460838,-0.033551493,0.0604971
META|2025-05-02,META,2025/5/2,583.455,604.34,578.33,597.02,572.21,0.019651876,0.023249437,0.0210909
META|2025-05-05,META,2025/5/5,591.22,603.21,588.05,599.27,597.02,-0.009714917,0.013615913,0.011275316
META|2025-05-06,META,2025/5/6,592.525,596.03,586.58,587.31,599.27,-0.011255361,-0.008801316,0.010273743
META|2025-05-07,META,2025/5/7,590.36,603.075,586.67,596.81,587.31,0.005193169,0.010925537,0.007486116
META|2025-05-08,META,2025/5/8,606.285,611.2959,596.62,598.01,596.81,0.015876074,-0.013648697,0.014985123
META|2025-05-09,META,2025/5/9,603.72,606.97,591.7062,592.49,598.01,0.009548335,-0.018601338,0.013169537
META|2025-05-12,META,2025/5/12,630.92,640.3896,621.03,639.43,592.49,0.064861854,0.013488239,0.044312408
META|2025-05-13,META,2025/5/13,645.545,660.92,642.83,656.03,639.43,0.009563205,0.01624209,0.012234759
META|2025-05-14,META,2025/5/14,661.21,662.67,654.31,659.36,656.03,0.00789598,-0.002797901,0.005856749
META|2025-05-15,META,2025/5/15,654.275,657.31,638.58,643.88,659.36,-0.007712024,-0.015887815,0.01098234
META|2025-05-16,META,2025/5/16,637.955,640.44,626.15,640.34,643.88,-0.009202025,0.003738508,0.007016618
META|2025-05-19,META,2025/5/19,628.25,643,627.8,640.43,640.34,-0.018880595,0.019387187,0.019083231
META|2025-05-20,META,2025/5/20,636.01,639.3536,632.26,637.1,640.43,-0.006901613,0.00171381,0.004826492
META|2025-05-21,META,2025/5/21,631.79,646.61,630.17,635.5,637.1,-0.008334641,0.005872204,0.007349667
META|2025-05-22,META,2025/5/22,634.05,643.25,630.71,636.57,635.5,-0.002281668,0.00397445,0.002958781
META|2025-05-23,META,2025/5/23,624,632.445,622.65,627.06,636.57,-0.019746454,0.004903846,0.013809411
META|2025-05-27,META,2025/5/27,635.41,643.08,632.75,642.32,627.06,0.01331611,0.010874868,0.012339613
META|2025-05-28,META,2025/5/28,642.6,650.88,642.5472,643.58,642.32,0.00043592,0.001525054,0.000871574
META|2025-05-29,META,2025/5/29,651.645,653.32,639.5,645.05,643.58,0.012531465,-0.010120541,0.011567095
META|2025-05-30,META,2025/5/30,642.5,649.4099,632.78,647.49,645.05,-0.003953182,0.007766537,0.005478524
META|2025-06-02,META,2025/6/2,644.39,673.26,644.2616,670.9,647.49,-0.004787719,0.041139682,0.019328504
META|2025-06-03,META,2025/6/3,671.445,675.58,665.03,666.85,670.9,0.000812342,-0.00684345,0.003224785
META|2025-06-04,META,2025/6/4,669.32,689,668.57,687.95,666.85,0.003703981,0.02783422,0.013356077
META|2025-06-05,META,2025/6/5,691.66,694.38,682.25,684.62,687.95,0.005392834,-0.010178411,0.007307065
META|2025-06-06,META,2025/6/6,696.17,702.806,691.87,697.71,684.62,0.016870673,0.002212103,0.011007245
META|2025-06-09,META,2025/6/9,698.46,705.19,693.94,694.06,697.71,0.001074945,-0.006299573,0.003164796
META|2025-06-10,META,2025/6/10,701.345,703.23,691.56,702.4,694.06,0.010496211,0.001504253,0.006899427
META|2025-06-11,META,2025/6/11,703.705,708.8707,691.99,694.14,702.4,0.001857916,-0.013592343,0.006551687
META|2025-06-12,META,2025/6/12,693.3,695.38,687,693.36,694.14,-0.001210131,8.65E-05,0.000760695
META|2025-06-13,META,2025/6/13,687.95,694.57,681.01,682.87,693.36,-0.007802585,-0.007384258,0.007635254
META|2025-06-16,META,2025/6/16,699.33,707.15,693.5103,702.12,682.87,0.024104149,0.003989533,0.016058302
META|2025-06-17,META,2025/6/17,702,705.97,696.06,697.23,702.12,-0.000170911,-0.006794872,0.002820495
META|2025-06-18,META,2025/6/18,698.18,701.59,694.9,695.77,697.23,0.001362535,-0.003451832,0.002198254
META|2025-06-20,META,2025/6/20,700.75,701.8197,678.67,682.35,695.77,0.007157538,-0.026257581,0.014797555
META|2025-06-23,META,2025/6/23,683.69,699.05,678.75,698.53,682.35,0.001963802,0.021705744,0.009860578
META|2025-06-24,META,2025/6/24,704.885,713.19,702.11,712.2,698.53,0.009097677,0.010377579,0.009609638
META|2025-06-25,META,2025/6/25,713.315,716.58,705.38,708.68,712.2,0.001565571,-0.006497831,0.003538475
META|2025-06-26,META,2025/6/26,714.355,728.22,711.05,726.09,708.68,0.008007846,0.016427407,0.01137567
META|2025-06-27,META,2025/6/27,726.515,735.43,725.86,733.63,726.09,0.000585327,0.009793328,0.004268528
META|2025-06-30,META,2025/6/30,744.55,747.9,734.25,738.09,733.63,0.014884887,-0.008676382,0.012401485
META|2025-07-01,META,2025/7/1,736.875,737.7499,715.37,719.22,738.09,-0.001646141,-0.023959288,0.010571399
META|2025-07-02,META,2025/7/2,715.325,720.3,712.8,713.57,719.22,-0.005415589,-0.00245343,0.004230726
META|2025-07-03,META,2025/7/3,726.61,729.03,714.42,719.01,713.57,0.018274311,-0.010459531,0.015148399
META|2025-07-07,META,2025/7/7,717.6,727,713.51,718.35,719.01,-0.00196103,0.001045151,0.001594678
META|2025-07-08,META,2025/7/8,721.57,722.9099,714.81,720.67,718.35,0.004482495,-0.00124728,0.003188409
META|2025-07-09,META,2025/7/9,722.715,737.53,722.715,732.78,720.67,0.002837637,0.013926652,0.007273243
META|2025-07-10,META,2025/7/10,731.55,735.7999,719.6,727.24,732.78,-0.001678539,-0.0058916,0.003363764
META|2025-07-11,META,2025/7/11,722.495,725.16,709.7,717.51,727.24,-0.006524669,-0.006899702,0.006674682
META|2025-07-14,META,2025/7/14,717.6,728,716.547,720.92,717.51,0.000125434,0.004626533,0.001925873
META|2025-07-15,META,2025/7/15,723.9,724.4716,709.82,710.39,720.92,0.004133607,-0.018662799,0.009945284
META|2025-07-16,META,2025/7/16,713.37,713.97,699.2701,702.91,710.39,0.004194879,-0.014662798,0.008382046
META|2025-07-17,META,2025/7/17,704.39,705.9,697.105,701.41,702.91,0.002105533,-0.004230611,0.002955564
META|2025-07-18,META,2025/7/18,702.19,704.71,691.65,704.28,701.41,0.001112046,0.002976402,0.001857788
META|2025-07-21,META,2025/7/21,706.8,717,705.76,712.965,704.28,0.003578122,0.008722411,0.005635838
META|2025-07-22,META,2025/7/22,716.19,716.6,701.41,704.81,712.965,0.004523364,-0.015889638,0.009069874
META|2025-07-23,META,2025/7/23,706.365,714.6285,704.93,713.58,704.81,0.002206268,0.010214266,0.005409467
META|2025-07-24,META,2025/7/24,717.05,723.6239,714,714.8,713.58,0.004862804,-0.003137856,0.004172825
META|2025-07-25,META,2025/7/25,716.915,720.6499,711.9,712.68,714.8,0.00295887,-0.005907255,0.004138224
META|2025-07-28,META,2025/7/28,715.2,724.7352,712.68,717.63,712.68,0.003535949,0.003397651,0.00348063
META|2025-07-29,META,2025/7/29,720,724.47,699.91,700,717.63,0.003302538,-0.027777778,0.013092634
META|2025-07-30,META,2025/7/30,708.09,708.5,691.2001,695.21,700,0.011557143,-0.018189778,0.014210197
META|2025-07-31,META,2025/7/31,775.2,784.75,765.51,773.44,695.21,0.115058759,-0.002270382,0.069943408
META|2025-08-01,META,2025/8/1,760.73,765.9999,745.31,750.01,773.44,-0.016433078,-0.014091728,0.015496538
META|2025-08-04,META,2025/8/4,760,776.85,758.41,776.37,750.01,0.013319822,0.021539474,0.016607683
META|2025-08-05,META,2025/8/5,776.445,783.1299,763,763.46,776.37,9.66E-05,-0.016723657,0.006747425
META|2025-08-06,META,2025/8/6,770,773.64,760.4601,771.99,763.46,0.008566264,0.002584416,0.006173525
META|2025-08-07,META,2025/8/7,773.49,775,759.55,761.83,771.99,0.00194303,-0.015074532,0.007195631
META|2025-08-08,META,2025/8/8,762.75,769.9,758.58,769.3,761.83,0.001207618,0.008587348,0.00415951
META|2025-08-11,META,2025/8/11,770.075,773.4584,764.67,765.87,769.3,0.001007409,-0.005460507,0.002788648
META|2025-08-12,META,2025/8/12,773,793.67,772.43,790,765.87,0.009309674,0.021992238,0.0143827
META|2025-08-13,META,2025/8/13,791.15,795.4561,778.23,780.08,790,0.001455696,-0.01399229,0.006470334
META|2025-08-14,META,2025/8/14,777.88,787.81,772.51,782.13,780.08,-0.002820224,0.005463568,0.003877561
META|2025-08-15,META,2025/8/15,784.15,796.25,780.82,785.23,782.13,0.002582691,0.001377288,0.00210053
META|2025-08-18,META,2025/8/18,775.085,775.81,756.5601,767.37,785.23,-0.012919781,-0.009953747,0.011733368
META|2025-08-19,META,2025/8/19,767.12,767.17,749.36,751.48,767.37,-0.000325788,-0.020387945,0.008350651
META|2025-08-20,META,2025/8/20,747.57,750.1999,731,747.72,751.48,-0.005203066,0.00020065,0.0032021
META|2025-08-21,META,2025/8/21,744.705,745.5,733.1101,739.1,747.72,-0.004032258,-0.00752647,0.005429943
META|2025-08-22,META,2025/8/22,739.23,756.9,734.39,754.79,739.1,0.00017589,0.021048929,0.008525105
META|2025-08-25,META,2025/8/25,754.82,758.88,750.13,753.3,754.79,3.97E-05,-0.002013725,0.000829338
META|2025-08-26,META,2025/8/26,750.8,754.87,747.94,754.1,753.3,-0.003318731,0.004395312,0.003749363
META|2025-08-27,META,2025/8/27,752.3,754.1499,742.84,747.38,754.1,-0.002386951,-0.006539944,0.004048148
META|2025-08-28,META,2025/8/28,744,753.0548,740.795,751.11,747.38,-0.004522465,0.009556452,0.00653606
META|2025-08-29,META,2025/8/29,745.28,747.14,735.3466,738.7,751.11,-0.007761846,-0.008828897,0.008188666
META|2025-09-02,META,2025/9/2,726.04,736,721.7306,735.11,738.7,-0.017138216,0.012492425,0.015279899
META|2025-09-03,META,2025/9/3,736,740.25,733.9893,737.05,735.11,0.001210703,0.00142663,0.001297074
META|2025-09-04,META,2025/9/4,748.57,761.16,745.82,748.89,737.05,0.015629876,0.000427482,0.009548918
META|2025-09-05,META,2025/9/5,752.615,757.95,745.03,752.45,748.89,0.004974028,-0.000219236,0.003072111
META|2025-09-08,META,2025/9/8,755.995,766.51,752.02,752.3,752.45,0.004711276,-0.004887598,0.004781805
META|2025-09-09,META,2025/9/9,757.49,766.3,753.43,765.7,752.3,0.006898844,0.010838427,0.008474677
META|2025-09-10,META,2025/9/10,765.13,765.7,751,751.98,765.7,-0.000744417,-0.017186622,0.007321299
META|2025-09-11,META,2025/9/11,754.65,757.1,748.37,750.9,751.98,0.003550626,-0.004969191,0.004118052
META|2025-09-12,META,2025/9/12,748.725,757.5703,743.76,755.59,750.9,-0.002896524,0.00916892,0.005405483
META|2025-09-15,META,2025/9/15,757.47,774.07,751.985,764.7,755.59,0.002488122,0.009544932,0.005310846
META|2025-09-16,META,2025/9/16,767,781.36,765.1,779,764.7,0.003007715,0.015645372,0.008062778
META|2025-09-17,META,2025/9/17,779.99,783.29,766.31,775.715,779,0.00127086,-0.005480839,0.002954852
META|2025-09-18,META,2025/9/18,780.75,788.78,773.36,780.25,775.715,0.006490786,-0.00064041,0.004150635
META|2025-09-19,META,2025/9/19,786.42,790.8,769.1901,778.38,780.25,0.007907722,-0.010223545,0.008834051
META|2025-09-22,META,2025/9/22,781.845,785.73,764.47,765.16,778.38,0.004451553,-0.021340547,0.011207151
META|2025-09-23,META,2025/9/23,769.25,770.6,751.07,755.4,765.16,0.005345287,-0.01800455,0.010408992
META|2025-09-24,META,2025/9/24,757.5,761.11,752.5251,760.66,755.4,0.002779984,0.004171617,0.003336637
META|2025-09-25,META,2025/9/25,753.45,756.765,744.55,748.91,760.66,-0.009478611,-0.006025616,0.008097413
META|2025-09-26,META,2025/9/26,750,751.9299,737.3532,743.75,748.91,0.001455449,-0.008333333,0.004206602
META|2025-09-29,META,2025/9/29,748.72,750.78,739.15,743.4,743.75,0.006682353,-0.00710546,0.006851596
META|2025-09-30,META,2025/9/30,742.25,742.97,726.3,734.38,743.4,-0.001546946,-0.010602897,0.005169327
META|2025-10-01,META,2025/10/1,721.49,721.8499,710.2,717.34,734.38,-0.017552221,-0.005751985,0.012832127
META|2025-10-02,META,2025/10/2,722.58,727.77,718.14,727.05,717.34,0.007304765,0.006186166,0.006857325
META|2025-10-03,META,2025/10/3,729.625,731,710.18,710.56,727.05,0.00354171,-0.026129861,0.01257697
META|2025-10-06,META,2025/10/6,705.185,716.88,690.51,715.66,710.56,-0.007564456,0.014854258,0.010480377
META|2025-10-07,META,2025/10/7,717.72,718.4999,705.75,713.08,715.66,0.002878462,-0.006464917,0.004313044
META|2025-10-08,META,2025/10/8,713.45,719.65,707.81,717.84,713.08,0.000518876,0.006153199,0.002772605
META|2025-10-09,META,2025/10/9,718.275,733.51,712.44,733.51,717.84,0.000605985,0.021210539,0.008847806
META|2025-10-10,META,2025/10/10,730.92,735.27,704.51,705.3,733.51,-0.003530968,-0.035051716,0.016139267
META|2025-10-13,META,2025/10/13,713.01,719.94,707.6413,715.7,705.3,0.010931519,0.003772738,0.008068006
META|2025-10-14,META,2025/10/14,707.78,715.55,699.33,708.65,715.7,-0.011066089,0.001229196,0.007131332
META|2025-10-15,META,2025/10/15,717.06,723.9,709.51,717.55,708.65,0.011867636,0.000683346,0.00739392
META|2025-10-16,META,2025/10/16,717.55,725.49,703.88,712.07,717.55,0,-0.007637098,0.003054839
META|2025-10-17,META,2025/10/17,707.075,718.54,706.12,716.915,712.07,-0.00701476,0.013916487,0.009775451
META|2025-10-20,META,2025/10/20,721.19,733.77,720.18,732.17,716.915,0.00596305,0.015224837,0.009667765
META|2025-10-21,META,2025/10/21,736.015,738.5,728.75,733.27,732.17,0.005251513,-0.003729544,0.004642725
META|2025-10-22,META,2025/10/22,733.83,740.6,724.03,733.41,733.27,0.000763702,-0.00057234,0.000687157
META|2025-10-23,META,2025/10/23,734.7,742.41,733.1,734,733.41,0.001758907,-0.00095277,0.001436452
META|2025-10-24,META,2025/10/24,736.79,741.21,731.15,738.36,734,0.00380109,0.002130865,0.003133
META|2025-10-27,META,2025/10/27,749.73,755.75,748.01,750.82,738.36,0.015398992,0.001453857,0.009820938
META|2025-10-28,META,2025/10/28,752.63,758.4,745.5201,751.44,750.82,0.002410698,-0.001581122,0.002078867
META|2025-10-29,META,2025/10/29,754.75,759.155,742.51,751.67,751.44,0.004404876,-0.004080821,0.004275254
META|2025-10-30,META,2025/10/30,669.15,680.9599,650.17,666.47,751.67,-0.109782218,-0.004005081,0.067471363
META|2025-10-31,META,2025/10/31,674.51,674.89,645.57,648.35,666.47,0.012063559,-0.03878371,0.022751619
META|2025-11-03,META,2025/11/3,656,659.3299,636.18,637.71,648.35,0.011799183,-0.027881098,0.018231949
META|2025-11-04,META,2025/11/4,628.035,641.7399,626.01,627.32,637.71,-0.015171473,-0.001138472,0.009558272
META|2025-11-05,META,2025/11/5,632.31,642.23,626.5375,635.95,627.32,0.007954473,0.00575667,0.007075352
META|2025-11-06,META,2025/11/6,635.85,636,618,618.94,635.95,-0.000157245,-0.026594323,0.010732076
META|2025-11-07,META,2025/11/7,616.485,622.1348,601.2,621.71,618.94,-0.003966459,0.00847547,0.005770063
META|2025-11-10,META,2025/11/10,631.09,635,618.105,631.76,621.71,0.01508742,0.001061655,0.009477114
META|2025-11-11,META,2025/11/11,628,629.56,619.39,627.08,631.76,-0.005951627,-0.001464968,0.004156964
META|2025-11-12,META,2025/11/12,628.13,628.99,607.77,609.01,627.08,0.001674428,-0.030439559,0.01318048
META|2025-11-13,META,2025/11/13,613.07,617.65,603,609.89,609.01,0.006666557,-0.00518701,0.006074738
META|2025-11-14,META,2025/11/14,601.79,613.68,595.2,609.46,609.89,-0.013281083,0.01274531,0.013066774
META|2025-11-17,META,2025/11/17,609.035,611.69,595.4,602.01,609.46,-0.000697339,-0.011534641,0.00503226
META|2025-11-18,META,2025/11/18,591.6,603.66,583.78,597.69,602.01,-0.017292072,0.010294118,0.01449289
META|2025-11-19,META,2025/11/19,593.715,595.33,581.25,590.32,597.69,-0.006650605,-0.005718232,0.006277656
META|2025-11-20,META,2025/11/20,603.5,606.72,583.35,589.15,590.32,0.022326874,-0.023777962,0.022907309
META|2025-11-21,META,2025/11/21,588.5,598.12,581.86,594.25,589.15,-0.001103284,0.009770603,0.004570212
META|2025-11-24,META,2025/11/24,598.72,616.7,597.6301,613.05,594.25,0.007522087,0.023934393,0.014087009
META|2025-11-25,META,2025/11/25,624,637.045,618.3,636.22,613.05,0.017861512,0.019583333,0.018550241
META|2025-11-26,META,2025/11/26,637.69,638.36,631.63,633.61,636.22,0.002310522,-0.006398093,0.00394555
META|2025-11-28,META,2025/11/28,636.075,648.05,635.5,647.95,633.61,0.003890406,0.018669182,0.009801916
META|2025-12-01,META,2025/12/1,639.55,645.32,637.76,640.87,647.95,-0.012963963,0.002063951,0.008603958
META|2025-12-02,META,2025/12/2,642.34,647.87,638.07,647.1,640.87,0.002293757,0.007410406,0.004340416
META|2025-12-03,META,2025/12/3,644.41,648.8499,637.55,639.6,647.1,-0.004157008,-0.007464192,0.005479882
META|2025-12-04,META,2025/12/4,676,676.1,660.05,661.53,639.6,0.056910569,-0.021405325,0.042708472
META|2025-12-05,META,2025/12/5,664,674.69,662.3947,673.42,661.53,0.003733769,0.014186747,0.00791496
META|2025-12-08,META,2025/12/8,669.34,676.71,665.07,666.8,673.42,-0.006058626,-0.003794783,0.005153089
META|2025-12-09,META,2025/12/9,663.765,664.48,653.34,656.96,666.8,-0.00455159,-0.010252122,0.006831803
META|2025-12-10,META,2025/12/10,649.95,654.51,643.3976,650.13,656.96,-0.01067036,0.000276944,0.006512994
META|2025-12-11,META,2025/12/11,643.29,655.28,640.795,652.71,650.13,-0.010520973,0.014643473,0.012169973
META|2025-12-12,META,2025/12/12,649.8,711,638.61,644.23,652.71,-0.004458335,-0.008571868,0.006103748
META|2025-12-15,META,2025/12/15,645.7,653,638.7001,647.51,644.23,0.002281794,0.002803159,0.00249034
META|2025-12-16,META,2025/12/16,643.5,662.54,643.2,657.15,647.51,-0.006192955,0.021212121,0.012200621
META|2025-12-17,META,2025/12/17,655.61,661.23,649.2,649.5,657.15,-0.002343453,-0.009319565,0.005133898
META|2025-12-18,META,2025/12/18,657.025,670.56,656.46,664.45,649.5,0.011585835,0.01130094,0.011471877
META|2025-12-19,META,2025/12/19,666.42,671,658.18,658.77,664.45,0.002964858,-0.011479247,0.006370614
META|2025-12-22,META,2025/12/22,661.645,673.58,656.65,661.5,658.77,0.004364194,-0.000219151,0.002706177
META|2025-12-23,META,2025/12/23,660.05,666,658.25,664.94,661.5,-0.002191988,0.00740853,0.004278605
META|2025-12-24,META,2025/12/24,662.53,668.18,662.2,667.55,664.94,-0.003624387,0.007577015,0.005205438
META|2025-12-26,META,2025/12/26,668.06,668.9499,661.3201,663.29,667.55,0.000763988,-0.007140077,0.003314424
META|2025-12-29,META,2025/12/29,658.01,660.25,654.39,658.69,663.29,-0.007960319,0.001033419,0.005189559
META|2025-12-30,META,2025/12/30,658.69,672.22,657.84,665.95,658.69,0,0.011021877,0.004408751
META|2025-12-31,META,2025/12/31,664.75,665,659.44,660.09,665.95,-0.001801937,-0.007010154,0.003885224
META|2026-01-02,META,2026/1/2,662.725,664.39,643.5,650.41,660.09,0.00399188,-0.018582368,0.009828075
META|2026-01-05,META,2026/1/5,651.01,664.54,647.7512,658.79,650.41,0.000922495,0.011950661,0.005333762
META|2026-01-06,META,2026/1/6,659.57,665.52,651.9,660.62,658.79,0.001183989,0.001591946,0.001347172
META|2026-01-07,META,2026/1/7,655.64,659.15,644.81,648.69,660.62,-0.007538373,-0.010600329,0.008763156
META|2026-01-08,META,2026/1/8,645.88,647.102,635.72,646.06,648.69,-0.004331807,0.00027869,0.00271056
META|2026-01-09,META,2026/1/9,645.435,654.95,642.85,653.06,646.06,-0.000967402,0.011813738,0.005305937
META|2026-01-12,META,2026/1/12,652.525,653.97,641.225,641.97,653.06,-0.00081922,-0.016175625,0.006961782
META|2026-01-13,META,2026/1/13,642.27,642.27,624.1,631.09,641.97,0.000467312,-0.01740701,0.007243191
META|2026-01-14,META,2026/1/14,626.5,628.45,614.815,615.52,631.09,-0.007273131,-0.017525938,0.011374253
META|2026-01-15,META,2026/1/15,618.48,624.17,614.23,620.8,615.52,0.004808942,0.003751132,0.004385818
META|2026-01-16,META,2026/1/16,624.1762,629.08,620.08,620.25,620.8,0.005438466,-0.006290211,0.005779164
META|2026-01-20,META,2026/1/20,607.88,611.4,600,604.12,620.25,-0.019943571,-0.006185431,0.014440315
META|2026-01-21,META,2026/1/21,606.74,618.27,600.08,612.96,604.12,0.004336887,0.010251508,0.006702735
META|2026-01-22,META,2026/1/22,629.35,660.57,626.55,647.63,612.96,0.026739102,0.029045841,0.027661798
META|2026-01-23,META,2026/1/23,644.77,666.4899,644.445,658.76,647.63,-0.004416102,0.02169766,0.011328725
META|2026-01-26,META,2026/1/26,665.125,675.28,661.2855,672.36,658.76,0.009662092,0.010877655,0.010148317
META|2026-01-27,META,2026/1/27,674.59,676.815,664.66,672.97,672.36,0.003316676,-0.002401459,0.002950589
META|2026-01-28,META,2026/1/28,674.5,677.6775,666.1,668.73,672.97,0.002273504,-0.008554485,0.004785896
META|2026-01-29,META,2026/1/29,737.43,744,712.55,738.31,668.73,0.102732044,0.001193334,0.06211656
META|2026-01-30,META,2026/1/30,727.5,732.17,713.59,716.5,738.31,-0.014641546,-0.015120275,0.014833038
META|2026-02-02,META,2026/2/2,714.6,721.3,703.5201,706.41,716.5,-0.002651779,-0.011460957,0.006175451
META|2026-02-03,META,2026/2/3,707.37,717,686.41,691.7,706.41,0.001358984,-0.02215248,0.009676383
META|2026-02-04,META,2026/2/4,687.73,688.83,667.46,668.99,691.7,-0.005739482,-0.027249066,0.014343316
META|2026-02-05,META,2026/2/5,663.58,681.5,653.5,670.21,668.99,-0.008086817,0.00999126,0.008848594
META|2026-02-06,META,2026/2/6,665.49,671.9899,646.5001,661.46,670.21,-0.007042569,-0.006055688,0.006647817
META|2026-02-09,META,2026/2/9,663.18,683.3099,658.78,677.22,661.46,0.002600308,0.021170723,0.010028474
META|2026-02-10,META,2026/2/10,677.6,680.65,669.79,670.72,677.22,0.000561118,-0.010153483,0.004398064
META|2026-02-11,META,2026/2/11,674,679.2675,657.1,668.69,670.72,0.004890267,-0.007878338,0.006085496
META|2026-02-12,META,2026/2/12,669.97,676,645.28,649.81,668.69,0.00191419,-0.0300909,0.013184874
META|2026-02-13,META,2026/2/13,645.1,651.4299,634.57,639.77,649.81,-0.007248273,-0.008262285,0.007653878
META|2026-02-17,META,2026/2/17,639.495,642.6,628.8,639.29,639.77,-0.000429842,-0.000320565,0.000386131
META|2026-02-18,META,2026/2/18,633.8,645,628.145,643.22,639.29,-0.008587652,0.014862733,0.011097684
META|2026-02-19,META,2026/2/19,638.57,647.19,636.72,644.78,643.22,-0.007229253,0.009724854,0.008227493
META|2026-02-20,META,2026/2/20,639.685,663.3499,638.78,655.66,644.78,-0.00790192,0.024973229,0.014730444
META|2026-02-23,META,2026/2/23,652.54,657.7,636,637.25,655.66,-0.004758564,-0.023431514,0.012227744
META|2026-02-24,META,2026/2/24,633.08,641.11,628.98,639.3,637.25,-0.006543743,0.009824983,0.007856239
MSFT|2024-12-24,MSFT,2024/12/24,434.65,439.6,434.19,439.33,435.25,-0.001378518,0.010767284,0.005134024
MSFT|2024-12-26,MSFT,2024/12/26,439.08,440.94,436.63,438.11,439.33,-0.000569048,-0.002209165,0.001225095
MSFT|2024-12-27,MSFT,2024/12/27,434.6,435.22,426.35,430.53,438.11,-0.008011687,-0.009364933,0.008552985
MSFT|2024-12-30,MSFT,2024/12/30,426.06,427.55,421.9,424.83,430.53,-0.010382552,-0.002886917,0.007384298
MSFT|2024-12-31,MSFT,2024/12/31,426.1,426.73,420.66,421.5,424.83,0.002989431,-0.010795588,0.006111894
MSFT|2025-01-02,MSFT,2025/1/2,425.53,426.07,414.85,418.58,421.5,0.009561091,-0.016332573,0.012269684
MSFT|2025-01-03,MSFT,2025/1/3,421.08,424.03,419.54,423.35,418.58,0.005972574,0.0053909,0.005739904
MSFT|2025-01-06,MSFT,2025/1/6,428,434.32,425.4774,427.85,423.35,0.01098382,-0.000350467,0.006730479
MSFT|2025-01-07,MSFT,2025/1/7,429,430.65,420.8,422.37,427.85,0.002687858,-0.015454545,0.007794533
MSFT|2025-01-08,MSFT,2025/1/8,423.46,426.97,421.54,424.56,422.37,0.002580676,0.002597648,0.002587465
MSFT|2025-01-10,MSFT,2025/1/10,424.63,424.71,415.02,418.95,424.56,0.000164877,-0.013376351,0.005449466
MSFT|2025-01-13,MSFT,2025/1/13,415.235,418.5,412.29,417.19,418.95,-0.008867407,0.004708177,0.007203715
MSFT|2025-01-14,MSFT,2025/1/14,417.81,419.74,410.72,415.67,417.19,0.001486133,-0.005121945,0.002940458
MSFT|2025-01-15,MSFT,2025/1/15,419.13,428.15,418.265,426.31,415.67,0.008323911,0.017130723,0.011846636
MSFT|2025-01-16,MSFT,2025/1/16,428.695,429.49,424.39,424.58,426.31,0.00559452,-0.009598899,0.007196272
MSFT|2025-01-17,MSFT,2025/1/17,434.085,434.48,428.17,429.03,424.58,0.022386829,-0.011645185,0.018090171
MSFT|2025-01-21,MSFT,2025/1/21,430.2,430.8999,425.595,428.5,429.03,0.002727082,-0.00395165,0.003216909
MSFT|2025-01-22,MSFT,2025/1/22,437.56,447.27,436,446.2,428.5,0.021143524,0.019745863,0.02058446
MSFT|2025-01-23,MSFT,2025/1/23,442,446.75,441.5048,446.71,446.2,-0.009412819,0.010656109,0.009910135
MSFT|2025-01-24,MSFT,2025/1/24,445.16,446.65,441.4,444.06,446.71,-0.003469813,-0.002471022,0.003070296
MSFT|2025-01-27,MSFT,2025/1/27,424.01,435.2,423.5,434.56,444.06,-0.045151556,0.024881489,0.037043529
MSFT|2025-01-28,MSFT,2025/1/28,434.6,448.38,431.38,447.2,434.56,9.20E-05,0.028992177,0.011652099
MSFT|2025-01-29,MSFT,2025/1/29,446.69,446.88,440.4,442.33,447.2,-0.001140429,-0.009760684,0.004588531
MSFT|2025-01-30,MSFT,2025/1/30,418.77,422.86,413.16,414.99,442.33,-0.053263401,-0.009026435,0.035568614
MSFT|2025-01-31,MSFT,2025/1/31,418.98,420.69,414.91,415.06,414.99,0.00961469,-0.009356055,0.009511236
MSFT|2025-02-03,MSFT,2025/2/3,411.6,415.41,408.66,410.92,415.06,-0.008336144,-0.001652089,0.005662522
MSFT|2025-02-04,MSFT,2025/2/4,412.685,413.9199,409.74,412.37,410.92,0.00429524,-0.000763294,0.002882462
MSFT|2025-02-05,MSFT,2025/2/5,412.35,413.827,410.4,413.29,412.37,-4.85E-05,0.002279617,0.000940947
MSFT|2025-02-06,MSFT,2025/2/6,414,418.2,414,415.82,413.29,0.001717922,0.004396135,0.002789207
MSFT|2025-02-07,MSFT,2025/2/7,416.48,418.65,408.1,409.75,415.82,0.001587225,-0.016159239,0.007416031
MSFT|2025-02-10,MSFT,2025/2/10,413.71,415.4624,410.92,412.22,409.75,0.00966443,-0.003601557,0.00723928
MSFT|2025-02-11,MSFT,2025/2/11,409.64,412.49,409.3,411.44,412.22,-0.006258794,0.004394102,0.005512917
MSFT|2025-02-12,MSFT,2025/2/12,407.21,410.75,404.3673,409.04,411.44,-0.010280964,0.004493996,0.007966177
MSFT|2025-02-13,MSFT,2025/2/13,407,411,406.36,410.54,409.04,-0.004987287,0.008697789,0.006471488
MSFT|2025-02-14,MSFT,2025/2/14,407.79,408.91,405.88,408.43,410.54,-0.006698495,0.001569435,0.004646871
MSFT|2025-02-18,MSFT,2025/2/18,408,410.597,406.5,409.64,408.43,-0.001052812,0.004019608,0.00223953
MSFT|2025-02-19,MSFT,2025/2/19,407.88,415.49,407.65,414.77,409.64,-0.004296455,0.016892223,0.009334763
MSFT|2025-02-20,MSFT,2025/2/20,415.29,419.31,412.54,416.13,414.77,0.001253707,0.002022683,0.001561297
MSFT|2025-02-21,MSFT,2025/2/21,417.335,418.048,407.89,408.21,416.13,0.00289573,-0.021864929,0.010483409
MSFT|2025-02-24,MSFT,2025/2/24,408.51,409.37,399.32,404,408.21,0.000734916,-0.011040121,0.004856998
MSFT|2025-02-25,MSFT,2025/2/25,401.1,401.915,396.7,397.9,404,-0.007178218,-0.00797806,0.007498155
MSFT|2025-02-26,MSFT,2025/2/26,398.01,403.6,394.245,399.73,397.9,0.000276451,0.004321499,0.001894471
MSFT|2025-02-27,MSFT,2025/2/27,401.265,405.74,392.17,392.53,399.73,0.003840092,-0.021768657,0.011011518
MSFT|2025-02-28,MSFT,2025/2/28,392.655,397.63,386.57,396.99,392.53,0.000318447,0.011040226,0.004607159
MSFT|2025-03-03,MSFT,2025/3/3,398.82,398.82,386.155,388.49,396.99,0.004609688,-0.025901409,0.013126376
MSFT|2025-03-04,MSFT,2025/3/4,383.4,392.58,381,388.61,388.49,-0.01310201,0.013588941,0.013296783
MSFT|2025-03-05,MSFT,2025/3/5,389.34,401.67,388.81,401.02,388.61,0.00187849,0.029999486,0.013126889
MSFT|2025-03-06,MSFT,2025/3/6,394.28,402.15,392.6777,396.89,401.02,-0.016807142,0.006619661,0.01273215
MSFT|2025-03-07,MSFT,2025/3/7,392.32,394.8,385.54,393.31,396.89,-0.011514525,0.00252345,0.007918095
MSFT|2025-03-10,MSFT,2025/3/10,385.84,386.4,377.22,380.16,393.31,-0.018992652,-0.014721128,0.017284042
MSFT|2025-03-11,MSFT,2025/3/11,379,386,376.91,380.45,380.16,-0.003051347,0.003825858,0.003361151
MSFT|2025-03-12,MSFT,2025/3/12,382.95,385.2165,378.9507,383.27,380.45,0.006571166,0.000835618,0.004276947
MSFT|2025-03-13,MSFT,2025/3/13,383.155,385.32,377.45,378.77,383.27,-0.00030005,-0.011444455,0.004757812
MSFT|2025-03-14,MSFT,2025/3/14,379.775,390.23,379.51,388.56,378.77,0.002653325,0.023132118,0.010844842
MSFT|2025-03-17,MSFT,2025/3/17,386.7,392.705,385.57,388.7,388.56,-0.004786905,0.005171968,0.00494093
MSFT|2025-03-18,MSFT,2025/3/18,387.07,387.37,381.1,383.52,388.7,-0.004193465,-0.009171468,0.006184666
MSFT|2025-03-19,MSFT,2025/3/19,385.525,389.68,384,387.82,383.52,0.005227889,0.005952921,0.005517902
MSFT|2025-03-20,MSFT,2025/3/20,385.735,391.785,383.28,386.84,387.82,-0.005376205,0.002864661,0.004371588
MSFT|2025-03-21,MSFT,2025/3/21,383.215,391.74,382.8,391.26,386.84,-0.009370799,0.020993437,0.014019854
MSFT|2025-03-24,MSFT,2025/3/24,395.4,395.4,389.81,393.08,391.26,0.010581199,-0.005867476,0.00869571
MSFT|2025-03-25,MSFT,2025/3/25,393.915,396.36,392.64,395.16,393.08,0.00212425,0.00316058,0.002538782
MSFT|2025-03-26,MSFT,2025/3/26,395,395.31,388.57,389.97,395.16,-0.000404899,-0.012734177,0.00533661
MSFT|2025-03-27,MSFT,2025/3/27,390.13,392.24,387.395,390.58,389.97,0.000410288,0.001153462,0.000707557
MSFT|2025-03-28,MSFT,2025/3/28,388.08,389.13,376.93,378.8,390.58,-0.006400737,-0.023912595,0.013405481
MSFT|2025-03-31,MSFT,2025/3/31,372.535,377.07,367.24,375.39,378.8,-0.016539071,0.007663709,0.012988926
MSFT|2025-04-01,MSFT,2025/4/1,374.65,382.85,373.23,382.19,375.39,-0.001971283,0.02012545,0.00923295
MSFT|2025-04-02,MSFT,2025/4/2,377.965,385.08,376.62,382.14,382.19,-0.011054711,0.011045996,0.011051225
MSFT|2025-04-03,MSFT,2025/4/3,374.785,377.48,369.35,373.11,382.14,-0.019246873,-0.004469229,0.013335815
MSFT|2025-04-04,MSFT,2025/4/4,364.125,374.59,359.48,359.84,373.11,-0.02408137,-0.011767937,0.019155997
MSFT|2025-04-07,MSFT,2025/4/7,350.88,370.9999,344.79,357.86,359.84,-0.024899956,0.019892841,0.02289711
MSFT|2025-04-08,MSFT,2025/4/8,368.255,373.65,350.25,354.56,357.86,0.029047672,-0.037188904,0.032304165
MSFT|2025-04-09,MSFT,2025/4/9,353.535,393.225,353.1,390.49,354.56,-0.002890907,0.104529962,0.043546529
MSFT|2025-04-10,MSFT,2025/4/10,382.06,383.9,367.8,381.35,390.49,-0.021588261,-0.001858347,0.013696295
MSFT|2025-04-11,MSFT,2025/4/11,380.635,390.05,378.89,388.45,381.35,-0.001874918,0.02053148,0.009337543
MSFT|2025-04-14,MSFT,2025/4/14,393.22,394.65,384.21,387.81,388.45,0.012279573,-0.013758202,0.012871024
MSFT|2025-04-15,MSFT,2025/4/15,388.505,391.89,384.1599,385.73,387.81,0.001792115,-0.007142765,0.003932375
MSFT|2025-04-16,MSFT,2025/4/16,380.67,381.61,368,371.61,385.73,-0.013117984,-0.023800142,0.017390847
MSFT|2025-04-17,MSFT,2025/4/17,373.745,374.3215,366.89,367.78,371.61,0.005745271,-0.01596008,0.009831194
MSFT|2025-04-21,MSFT,2025/4/21,362.815,364.48,355.67,359.12,367.78,-0.013499918,-0.010184254,0.012173653
MSFT|2025-04-22,MSFT,2025/4/22,363.375,367.77,359.8602,366.82,359.12,0.011848407,0.009480564,0.01090127
MSFT|2025-04-23,MSFT,2025/4/23,376.06,380.39,373.02,374.39,366.82,0.025189466,-0.004440781,0.016889992
MSFT|2025-04-24,MSFT,2025/4/24,375.695,388.45,375.19,387.3,374.39,0.00348567,0.030889418,0.014447169
MSFT|2025-04-25,MSFT,2025/4/25,387,392.16,384.6,391.85,387.3,-0.000774593,0.0125323,0.005477676
MSFT|2025-04-28,MSFT,2025/4/28,391.955,392.74,386.638,391.16,391.85,0.00026796,-0.002028294,0.000972093
MSFT|2025-04-29,MSFT,2025/4/29,391.3,395.1,390.38,394.04,391.16,0.00035791,0.0070023,0.003015666
MSFT|2025-04-30,MSFT,2025/4/30,390.3,396.66,384.44,395.26,394.04,-0.009491422,0.012708173,0.010778123
MSFT|2025-05-01,MSFT,2025/5/1,431.11,436.99,424.9,425.4,395.26,0.090699793,-0.013244879,0.059717827
MSFT|2025-05-02,MSFT,2025/5/2,431.74,439.44,429.985,435.28,425.4,0.01490362,0.008199379,0.012221924
MSFT|2025-05-05,MSFT,2025/5/5,432.87,439.5,432.11,436.17,435.28,-0.005536666,0.007623536,0.006371414
MSFT|2025-05-06,MSFT,2025/5/6,432.2,437.73,431.17,433.31,436.17,-0.009101956,0.002568255,0.006488476
MSFT|2025-05-07,MSFT,2025/5/7,433.84,438.12,431.1103,433.35,433.31,0.001223143,-0.001129449,0.001185665
MSFT|2025-05-08,MSFT,2025/5/8,437.93,443.67,435.66,438.17,433.35,0.010568824,0.000548033,0.006560508
MSFT|2025-05-09,MSFT,2025/5/9,440,440.74,435.88,438.73,438.17,0.004176461,-0.002886364,0.003660422
MSFT|2025-05-12,MSFT,2025/5/12,445.94,449.37,439.78,449.26,438.73,0.016433798,0.007444948,0.012838258
MSFT|2025-05-13,MSFT,2025/5/13,447.78,450.6733,445.36,449.14,449.26,-0.003294306,0.003037206,0.003191466
MSFT|2025-05-14,MSFT,2025/5/14,448.14,453.9,448.14,452.94,449.14,-0.002226477,0.010710939,0.005620262
MSFT|2025-05-15,MSFT,2025/5/15,450.765,456.19,450.4301,453.13,452.94,-0.004801961,0.005246636,0.004979831
MSFT|2025-05-16,MSFT,2025/5/16,452.05,454.36,448.73,454.27,453.13,-0.002383422,0.004910961,0.003394438
MSFT|2025-05-19,MSFT,2025/5/19,450.875,459.585,450.8,458.87,454.27,-0.007473529,0.017732187,0.011576992
MSFT|2025-05-20,MSFT,2025/5/20,455.59,458.34,454.3201,458.17,458.87,-0.007147994,0.005662986,0.006553991
MSFT|2025-05-21,MSFT,2025/5/21,454.57,457.78,451.814,452.57,458.17,-0.007857346,-0.004399762,0.006474312
MSFT|2025-05-22,MSFT,2025/5/22,454.95,460.25,453.9,454.86,452.57,0.005258855,-0.000197824,0.003234443
MSFT|2025-05-23,MSFT,2025/5/23,449.98,453.69,448.91,450.18,454.86,-0.010728576,0.000444464,0.006614931
MSFT|2025-05-27,MSFT,2025/5/27,456.48,460.95,456.115,460.69,450.18,0.013994402,0.009222748,0.012085741
MSFT|2025-05-28,MSFT,2025/5/28,461.22,462.52,456.93,457.36,460.69,0.001150448,-0.008369108,0.004037912
MSFT|2025-05-29,MSFT,2025/5/29,461.55,461.72,455.3105,458.68,457.36,0.009161273,-0.006218178,0.007984035
MSFT|2025-05-30,MSFT,2025/5/30,459.715,461.68,455.54,460.36,458.68,0.002256475,0.001403043,0.001915102
MSFT|2025-06-02,MSFT,2025/6/2,457.14,462.11,456.89,461.97,460.36,-0.006994526,0.010565691,0.008422992
MSFT|2025-06-03,MSFT,2025/6/3,461.47,464.14,460.8622,462.97,461.97,-0.001082321,0.003250482,0.001949586
MSFT|2025-06-04,MSFT,2025/6/4,464,465.69,463.0201,463.87,462.97,0.002224766,-0.000280172,0.001446929
MSFT|2025-06-05,MSFT,2025/6/5,464.955,469.65,464.03,467.68,463.87,0.002339017,0.005860782,0.003747723
MSFT|2025-06-06,MSFT,2025/6/6,470.085,473.335,468.78,470.38,467.68,0.005142405,0.000627546,0.003336461
MSFT|2025-06-09,MSFT,2025/6/9,469.7,473.43,468.62,472.75,470.38,-0.00144564,0.006493506,0.003464786
MSFT|2025-06-10,MSFT,2025/6/10,471.185,472.8,466.96,470.92,472.75,-0.003310418,-0.000562412,0.002211215
MSFT|2025-06-11,MSFT,2025/6/11,470.02,475.47,469.655,472.62,470.92,-0.001911153,0.00553168,0.003359363
MSFT|2025-06-12,MSFT,2025/6/12,475.02,480.415,473.52,478.87,472.62,0.005078075,0.008104922,0.006288814
MSFT|2025-06-13,MSFT,2025/6/13,476.41,479.18,472.76,474.96,478.87,-0.005137094,-0.003043597,0.004299695
MSFT|2025-06-16,MSFT,2025/6/16,475.21,480.6943,475,479.14,474.96,0.00052636,0.008270028,0.003623827
MSFT|2025-06-17,MSFT,2025/6/17,475.395,478.7399,474.08,478.04,479.14,-0.007816087,0.005563794,0.00691517
MSFT|2025-06-18,MSFT,2025/6/18,478,481,474.46,480.24,478.04,-8.37E-05,0.004686192,0.001924682
MSFT|2025-06-20,MSFT,2025/6/20,482.23,483.46,476.87,477.4,480.24,0.004143761,-0.010015967,0.006492644
MSFT|2025-06-23,MSFT,2025/6/23,478.21,487.75,472.51,486,477.4,0.00169669,0.016289914,0.00753398
MSFT|2025-06-24,MSFT,2025/6/24,488.95,491.849,486.795,490.11,486,0.006069959,0.002372431,0.004590948
MSFT|2025-06-25,MSFT,2025/6/25,492.04,494.5556,489.39,492.27,490.11,0.003937891,0.000467442,0.002549712
MSFT|2025-06-26,MSFT,2025/6/26,492.98,498.04,492.81,497.45,492.27,0.001442298,0.009067305,0.004492301
MSFT|2025-06-27,MSFT,2025/6/27,497.55,499.3,493.03,495.94,497.45,0.000201025,-0.003235856,0.001414957
MSFT|2025-06-30,MSFT,2025/6/30,497.04,500.76,495.33,497.41,495.94,0.00221801,0.000744407,0.001628569
MSFT|2025-07-01,MSFT,2025/7/1,496.47,498.05,490.98,492.05,497.41,-0.001889789,-0.008902854,0.004695015
MSFT|2025-07-02,MSFT,2025/7/2,489.99,493.5,488.7,491.09,492.05,-0.004186566,0.002244944,0.003409917
MSFT|2025-07-03,MSFT,2025/7/3,493.81,500.13,493.44,498.84,491.09,0.0055387,0.010186104,0.007397661
MSFT|2025-07-07,MSFT,2025/7/7,497.38,498.75,495.225,497.72,498.84,-0.00292679,0.000683582,0.002029507
MSFT|2025-07-08,MSFT,2025/7/8,497.24,498.2,494.11,496.62,497.72,-0.000964398,-0.001246883,0.001077392
MSFT|2025-07-09,MSFT,2025/7/9,500.3,506.78,499.74,503.51,496.62,0.007410092,0.00641615,0.007012515
MSFT|2025-07-10,MSFT,2025/7/10,503.05,504.44,497.75,501.48,503.51,-0.000913587,-0.003120962,0.001796537
MSFT|2025-07-11,MSFT,2025/7/11,498.47,505.03,497.795,503.32,501.48,-0.006002233,0.009729773,0.007493249
MSFT|2025-07-14,MSFT,2025/7/14,501.515,503.97,501.03,503.02,503.32,-0.003586188,0.003000907,0.003352076
MSFT|2025-07-15,MSFT,2025/7/15,503.02,508.3,502.79,505.82,503.02,0,0.005566379,0.002226552
MSFT|2025-07-16,MSFT,2025/7/16,505.18,506.72,501.89,505.62,505.82,-0.001265272,0.000870977,0.001107554
MSFT|2025-07-17,MSFT,2025/7/17,505.68,513.37,505.62,511.7,505.62,0.000118666,0.011904762,0.004833104
MSFT|2025-07-18,MSFT,2025/7/18,514.48,514.64,507.43,510.05,511.7,0.005432871,-0.008610636,0.006703977
MSFT|2025-07-21,MSFT,2025/7/21,506.705,512.09,505.55,510.06,510.05,-0.006558181,0.00662121,0.006583392
MSFT|2025-07-22,MSFT,2025/7/22,510.97,511.2,505.27,505.27,510.06,0.001784104,-0.011155254,0.005532564
MSFT|2025-07-23,MSFT,2025/7/23,506.75,506.79,500.7,505.87,505.27,0.002929127,-0.001736556,0.002452099
MSFT|2025-07-24,MSFT,2025/7/24,508.77,513.67,507.3,510.88,505.87,0.005732698,0.004147257,0.005098522
MSFT|2025-07-25,MSFT,2025/7/25,512.465,518.29,510.3592,513.71,510.88,0.00310249,0.002429434,0.002833268
MSFT|2025-07-28,MSFT,2025/7/28,514.08,515,510.12,512.5,513.71,0.000720251,-0.003073452,0.001661531
MSFT|2025-07-29,MSFT,2025/7/29,515.53,517.62,511.56,512.57,512.5,0.005912195,-0.005741664,0.005843983
MSFT|2025-07-30,MSFT,2025/7/30,515.17,515.95,509.435,513.24,512.57,0.005072478,-0.003746336,0.004542021
MSFT|2025-07-31,MSFT,2025/7/31,555.225,555.45,531.9,533.5,513.24,0.081803834,-0.039128281,0.064733613
MSFT|2025-08-01,MSFT,2025/8/1,535,535.8,520.86,524.11,533.5,0.002811621,-0.02035514,0.009829029
MSFT|2025-08-04,MSFT,2025/8/4,528.27,538.25,528.13,535.64,524.11,0.007937265,0.013951199,0.010342839
MSFT|2025-08-05,MSFT,2025/8/5,537.18,537.3,527.24,527.75,535.64,0.002875065,-0.017554637,0.008746894
MSFT|2025-08-06,MSFT,2025/8/6,530.9,531.7,524.03,524.94,527.75,0.005968735,-0.01122622,0.008071729
MSFT|2025-08-07,MSFT,2025/8/7,526.8,528.09,517.5511,520.84,524.94,0.003543262,-0.011313591,0.006651394
MSFT|2025-08-08,MSFT,2025/8/8,522.6,524.66,519.41,522.04,520.84,0.003379157,-0.001071565,0.00245612
MSFT|2025-08-11,MSFT,2025/8/11,522.3,527.59,519.72,521.77,522.04,0.000498046,-0.001014742,0.000704725
MSFT|2025-08-12,MSFT,2025/8/12,523.75,530.98,522.7,529.24,521.77,0.003794775,0.0104821,0.006469705
MSFT|2025-08-13,MSFT,2025/8/13,532.11,532.7,519.37,520.58,529.24,0.005422871,-0.021668452,0.011921103
MSFT|2025-08-14,MSFT,2025/8/14,522.56,525.9499,520.14,522.48,520.58,0.00380345,-0.000153092,0.002343307
MSFT|2025-08-15,MSFT,2025/8/15,522.77,526.1,519.08,520.17,522.48,0.000555045,-0.004973507,0.00232243
MSFT|2025-08-18,MSFT,2025/8/18,521.585,522.82,514.02,517.1,520.17,0.002720265,-0.00859879,0.005071675
MSFT|2025-08-19,MSFT,2025/8/19,515,515.1641,508.55,509.77,517.1,-0.00406111,-0.01015534,0.006498802
MSFT|2025-08-20,MSFT,2025/8/20,509.865,511,504.44,505.72,509.77,0.000186359,-0.008129603,0.003363656
MSFT|2025-08-21,MSFT,2025/8/21,503.69,507.63,502.7201,504.24,505.72,-0.004014079,0.001091941,0.002845224
MSFT|2025-08-22,MSFT,2025/8/22,504.25,510.73,502.41,507.23,504.24,1.98E-05,0.005909767,0.002375806
MSFT|2025-08-25,MSFT,2025/8/25,506.63,508.19,504.12,504.26,507.23,-0.001182895,-0.00467797,0.002580925
MSFT|2025-08-26,MSFT,2025/8/26,504.355,504.9778,498.51,502.04,504.26,0.000188395,-0.004590021,0.001949045
MSFT|2025-08-27,MSFT,2025/8/27,502,507.29,499.9,506.74,502.04,-7.97E-05,0.009442231,0.003824697
MSFT|2025-08-28,MSFT,2025/8/28,507.09,511.09,505.5,509.64,506.74,0.00069069,0.005028693,0.002425891
MSFT|2025-08-29,MSFT,2025/8/29,508.66,509.6,504.4915,506.69,509.64,-0.001922926,-0.003872921,0.002702924
MSFT|2025-09-02,MSFT,2025/9/2,500.465,506,496.81,505.12,506.69,-0.012285618,0.00930135,0.011091911
MSFT|2025-09-03,MSFT,2025/9/3,503.79,507.79,502.32,505.35,505.12,-0.002633038,0.003096528,0.002818434
MSFT|2025-09-04,MSFT,2025/9/4,504.3,508.15,503.15,507.98,505.35,-0.002077768,0.007297244,0.004165558
MSFT|2025-09-05,MSFT,2025/9/5,509.07,511.97,492.37,495,507.98,0.002145754,-0.027638635,0.012342906
MSFT|2025-09-08,MSFT,2025/9/8,498.105,501.195,495.03,498.2,495,0.006272727,0.000190723,0.003839925
MSFT|2025-09-09,MSFT,2025/9/9,501.43,502.25,497.7,498.41,498.2,0.00648334,-0.006022775,0.006299114
MSFT|2025-09-10,MSFT,2025/9/10,502.98,503.2299,496.72,500.37,498.41,0.009169158,-0.005189073,0.007577124
MSFT|2025-09-11,MSFT,2025/9/11,502.25,503.17,497.88,501.01,500.37,0.00375722,-0.00246889,0.003241888
MSFT|2025-09-12,MSFT,2025/9/12,506.65,512.55,503.85,509.9,501.01,0.01125726,0.006414685,0.00932023
MSFT|2025-09-15,MSFT,2025/9/15,508.79,515.47,507,515.36,509.9,-0.002176897,0.01291299,0.006471334
MSFT|2025-09-16,MSFT,2025/9/16,516.88,517.23,508.6,509.04,515.36,0.002949395,-0.015167931,0.007836809
MSFT|2025-09-17,MSFT,2025/9/17,510.62,511.29,505.93,510.02,509.04,0.003103882,-0.001175042,0.002332346
MSFT|2025-09-18,MSFT,2025/9/18,511.49,513.07,507.66,508.45,510.02,0.00288224,-0.00594342,0.004106712
MSFT|2025-09-19,MSFT,2025/9/19,510.56,519.3,510.31,517.93,508.45,0.004149867,0.01443513,0.008263972
MSFT|2025-09-22,MSFT,2025/9/22,515.59,517.74,512.545,514.45,517.93,-0.004517985,-0.002211059,0.003595215
MSFT|2025-09-23,MSFT,2025/9/23,513.8,514.5899,507.31,509.23,514.45,-0.001263485,-0.008894511,0.004315896
MSFT|2025-09-24,MSFT,2025/9/24,510.38,512.48,506.92,510.15,509.23,0.002258312,-0.000450645,0.001535245
MSFT|2025-09-25,MSFT,2025/9/25,508.3,510.01,505.04,507.03,510.15,-0.003626384,-0.002498524,0.00317524
MSFT|2025-09-26,MSFT,2025/9/26,510.06,513.94,506.62,511.46,507.03,0.005975978,0.002744775,0.004683497
MSFT|2025-09-29,MSFT,2025/9/29,511.5,516.845,508.88,514.6,511.46,7.82E-05,0.006060606,0.002471167
MSFT|2025-09-30,MSFT,2025/9/30,513.24,518.16,509.66,517.95,514.6,-0.002642829,0.009176993,0.005256495
MSFT|2025-10-01,MSFT,2025/10/1,514.8,520.505,511.69,519.71,517.95,-0.006081668,0.009537685,0.007464075
MSFT|2025-10-02,MSFT,2025/10/2,517.64,521.6,510.6791,515.74,519.71,-0.003982991,-0.003670505,0.003857996
MSFT|2025-10-03,MSFT,2025/10/3,517.1,520.49,515,517.35,515.74,0.002636988,0.000483465,0.001775579
MSFT|2025-10-06,MSFT,2025/10/6,518.61,531.03,518.2,528.57,517.35,0.002435489,0.019205183,0.009143366
MSFT|2025-10-07,MSFT,2025/10/7,528.285,529.8,521.44,523.98,528.57,-0.000539191,-0.00814901,0.003583119
MSFT|2025-10-08,MSFT,2025/10/8,523.28,526.95,523.09,524.85,523.98,-0.001335929,0.003000306,0.00200168
MSFT|2025-10-09,MSFT,2025/10/9,522.335,524.325,517.4,522.4,524.85,-0.004791845,0.000124441,0.002924884
MSFT|2025-10-10,MSFT,2025/10/10,519.64,523.58,509.63,510.96,522.4,-0.005283308,-0.016703872,0.009851533
MSFT|2025-10-13,MSFT,2025/10/13,516.41,516.41,511.68,514.05,510.96,0.010666197,-0.004570012,0.008227723
MSFT|2025-10-14,MSFT,2025/10/14,510.225,515.282,506,513.57,514.05,-0.00744091,0.006555931,0.007086919
MSFT|2025-10-15,MSFT,2025/10/15,514.955,517.19,510,513.43,513.57,0.002696809,-0.002961424,0.002802655
MSFT|2025-10-16,MSFT,2025/10/16,512.58,516.85,508.13,511.61,513.43,-0.001655532,-0.001892388,0.001750274
MSFT|2025-10-17,MSFT,2025/10/17,509.04,515.48,507.31,513.58,511.61,-0.005023358,0.008918749,0.006581514
MSFT|2025-10-20,MSFT,2025/10/20,514.61,518.7,513.43,516.79,513.58,0.00200553,0.004236218,0.002897805
MSFT|2025-10-21,MSFT,2025/10/21,517.5,518.69,513.04,517.66,516.79,0.001373866,0.000309179,0.000947991
MSFT|2025-10-22,MSFT,2025/10/22,521.15,525.23,517.71,520.54,517.66,0.006741877,-0.001170488,0.004513321
MSFT|2025-10-23,MSFT,2025/10/23,522.46,523.95,518.61,520.56,520.54,0.003688477,-0.003636642,0.003667743
MSFT|2025-10-24,MSFT,2025/10/24,522.79,525.345,520.71,523.61,520.56,0.004283848,0.001568507,0.003197712
MSFT|2025-10-27,MSFT,2025/10/27,531.78,534.58,529.01,531.52,523.61,0.015603216,-0.000488924,0.009557499
MSFT|2025-10-28,MSFT,2025/10/28,550,553.72,540.77,542.07,531.52,0.034768212,-0.014418182,0.0266282
MSFT|2025-10-29,MSFT,2025/10/29,544.94,546.27,536.7287,541.55,542.07,0.005294519,-0.006220868,0.005665059
MSFT|2025-10-30,MSFT,2025/10/30,530.48,534.97,522.12,525.76,541.55,-0.020441326,-0.008897602,0.015823836
MSFT|2025-10-31,MSFT,2025/10/31,528.875,529.32,515.1,517.81,525.76,0.005924757,-0.020921768,0.011923561
MSFT|2025-11-03,MSFT,2025/11/3,519.805,524.96,514.59,517.03,517.81,0.003852765,-0.00533854,0.004447075
MSFT|2025-11-04,MSFT,2025/11/4,511.76,515.55,507.84,514.33,517.03,-0.010192832,0.005021885,0.008124453
MSFT|2025-11-05,MSFT,2025/11/5,513.3,514.83,506.575,507.16,514.33,-0.002002605,-0.011961816,0.005986289
MSFT|2025-11-06,MSFT,2025/11/6,505.66,505.7,495.81,497.1,507.16,-0.002957647,-0.016928371,0.008545936
MSFT|2025-11-07,MSFT,2025/11/7,496.945,499.377,493.25,496.82,497.1,-0.000311808,-0.000251537,0.0002877
MSFT|2025-11-10,MSFT,2025/11/10,500.035,506.85,498.8,506,496.82,0.006471157,0.011929165,0.00865436
MSFT|2025-11-11,MSFT,2025/11/11,504.8,509.6,502.3488,508.68,506,-0.002371542,0.007686212,0.00449741
MSFT|2025-11-12,MSFT,2025/11/12,509.355,511.67,499.1201,511.14,508.68,0.001326964,0.003504432,0.002197951
MSFT|2025-11-13,MSFT,2025/11/13,510.31,513.5,501.29,503.29,511.14,-0.001623821,-0.013756344,0.00647683
MSFT|2025-11-14,MSFT,2025/11/14,498.23,511.6,497.44,510.18,503.29,-0.010053846,0.023984907,0.01562627
MSFT|2025-11-17,MSFT,2025/11/17,508.45,512.12,504.91,507.49,510.18,-0.00339096,-0.001888091,0.002789813
MSFT|2025-11-18,MSFT,2025/11/18,495.365,502.98,486.78,493.79,507.49,-0.023892096,-0.003179474,0.015607047
MSFT|2025-11-19,MSFT,2025/11/19,490.1,495.1872,482.83,487.12,493.79,-0.007472812,-0.006080392,0.006915844
MSFT|2025-11-20,MSFT,2025/11/20,492.71,493.57,475.5,478.43,487.12,0.011475612,-0.028982566,0.018478393
MSFT|2025-11-21,MSFT,2025/11/21,478.5,478.92,468.27,472.12,478.43,0.000146312,-0.013333333,0.00542112
MSFT|2025-11-24,MSFT,2025/11/24,475,476.9,468.02,474,472.12,0.006100144,-0.002105263,0.004502192
MSFT|2025-11-25,MSFT,2025/11/25,474.07,479.15,464.89,476.99,474,0.000147679,0.006159428,0.002552379
MSFT|2025-11-26,MSFT,2025/11/26,486.31,488.31,481.2,485.5,476.99,0.019539194,-0.001665604,0.012389758
MSFT|2025-11-28,MSFT,2025/11/28,487.595,492.63,486.65,492.01,485.5,0.004315139,0.009054646,0.006210942
MSFT|2025-12-01,MSFT,2025/12/1,488.435,489.8599,484.6475,486.74,492.01,-0.007266112,-0.003470267,0.005747774
MSFT|2025-12-02,MSFT,2025/12/2,486.715,493.4999,486.32,490,486.74,-5.14E-05,0.00674933,0.002730549
MSFT|2025-12-03,MSFT,2025/12/3,476.32,484.24,475.2,477.73,490,-0.027918367,0.002960195,0.017935098
MSFT|2025-12-04,MSFT,2025/12/4,479.76,481.322,476.49,480.84,477.73,0.004249262,0.002251126,0.003450008
MSFT|2025-12-05,MSFT,2025/12/5,482.515,483.4,478.8801,483.16,480.84,0.003483487,0.001336746,0.002624791
MSFT|2025-12-08,MSFT,2025/12/8,484.885,492.3,484.38,491.02,483.16,0.003570246,0.012652485,0.007203141
MSFT|2025-12-09,MSFT,2025/12/9,489.1,492.12,488.5001,492.02,491.02,-0.003910228,0.005970149,0.004734196
MSFT|2025-12-10,MSFT,2025/12/10,484.03,484.25,475.08,478.56,492.02,-0.016239177,-0.011300952,0.014263887
MSFT|2025-12-11,MSFT,2025/12/11,476.63,486.03,475.86,483.47,478.56,-0.004032932,0.014350754,0.008160061
MSFT|2025-12-12,MSFT,2025/12/12,479.82,482.45,476.34,478.53,483.47,-0.007549589,-0.002688508,0.005605157
MSFT|2025-12-15,MSFT,2025/12/15,480.1,480.7205,472.52,474.82,478.53,0.003280881,-0.010997709,0.006367612
MSFT|2025-12-16,MSFT,2025/12/16,471.905,477.89,470.88,476.39,474.82,-0.006139169,0.009504032,0.007485114
MSFT|2025-12-17,MSFT,2025/12/17,476.905,480,475,476.12,476.39,0.001081047,-0.00164603,0.00130704
MSFT|2025-12-18,MSFT,2025/12/18,478.19,489.6,477.89,483.98,476.12,0.004347643,0.012108158,0.007451849
MSFT|2025-12-19,MSFT,2025/12/19,487.36,487.85,482.49,485.92,483.98,0.00698376,-0.002954695,0.005372134
MSFT|2025-12-22,MSFT,2025/12/22,486.12,488.73,482.69,484.92,485.92,0.00041159,-0.002468526,0.001234365
MSFT|2025-12-23,MSFT,2025/12/23,484.98,487.83,484.74,486.85,484.92,0.000123732,0.003855829,0.001616571
MSFT|2025-12-24,MSFT,2025/12/24,485.68,489.1625,484.83,488.02,486.85,-0.002403204,0.004817987,0.003369117
MSFT|2025-12-26,MSFT,2025/12/26,486.705,488.12,485.96,487.71,488.02,-0.002694562,0.002064906,0.002442699
MSFT|2025-12-29,MSFT,2025/12/29,484.855,488.35,484.18,487.1,487.71,-0.005853889,0.00463025,0.005364433
MSFT|2025-12-30,MSFT,2025/12/30,485.93,489.68,485.5,487.48,487.1,-0.002401971,0.00318976,0.002717086
MSFT|2025-12-31,MSFT,2025/12/31,487.84,488.14,483.3,483.62,487.48,0.000738492,-0.008650377,0.003903246
MSFT|2026-01-02,MSFT,2026/1/2,484.385,484.66,470.16,472.94,483.62,0.00158182,-0.023627899,0.010400252
MSFT|2026-01-05,MSFT,2026/1/5,474.055,476.07,469.5,472.85,472.94,0.002357593,-0.002541899,0.002431315
MSFT|2026-01-06,MSFT,2026/1/6,473.8,478.7367,469.75,478.51,472.85,0.002009094,0.009940903,0.005181818
MSFT|2026-01-07,MSFT,2026/1/7,479.755,489.7,477.95,483.47,478.51,0.002601827,0.007743536,0.00465851
MSFT|2026-01-08,MSFT,2026/1/8,481.24,482.66,475.86,478.11,483.47,-0.004612489,-0.006504031,0.005369106
MSFT|2026-01-09,MSFT,2026/1/9,474.06,479.82,472.2001,479.28,478.11,-0.008470854,0.011011264,0.009487018
MSFT|2026-01-12,MSFT,2026/1/12,476.67,480.99,475.6803,477.18,479.28,-0.005445669,0.001069923,0.00369537
MSFT|2026-01-13,MSFT,2026/1/13,474.675,475.7799,465.95,470.67,477.18,-0.005249591,-0.008437352,0.006524696
MSFT|2026-01-14,MSFT,2026/1/14,466.46,468.2,457.1701,459.38,470.67,-0.008944696,-0.01517815,0.011438078
MSFT|2026-01-15,MSFT,2026/1/15,464.12,464.25,455.9,456.66,459.38,0.010318255,-0.016073429,0.012620325
MSFT|2026-01-16,MSFT,2026/1/16,457.83,463.19,456.48,459.86,456.66,0.002562081,0.00443396,0.003310833
MSFT|2026-01-20,MSFT,2026/1/20,451.215,456.8,449.28,454.52,459.86,-0.0187992,0.007324668,0.014209387
MSFT|2026-01-21,MSFT,2026/1/21,452.595,452.69,438.68,444.11,454.52,-0.004235237,-0.018747445,0.01004012
MSFT|2026-01-22,MSFT,2026/1/22,447.62,452.84,444.7,451.14,444.11,0.007903447,0.007863813,0.007887594
MSFT|2026-01-23,MSFT,2026/1/23,451.87,471.1,450.53,465.95,451.14,0.001618123,0.031159404,0.013434635
MSFT|2026-01-26,MSFT,2026/1/26,465.305,474.25,462,470.28,465.95,-0.001384269,0.010691912,0.005107326
MSFT|2026-01-27,MSFT,2026/1/27,473.7,482.87,473.16,480.58,470.28,0.007272263,0.01452396,0.010172942
MSFT|2026-01-28,MSFT,2026/1/28,483.21,483.74,478,481.63,480.58,0.005472554,-0.0032698,0.004591452
MSFT|2026-01-29,MSFT,2026/1/29,439.99,442.5,421.02,433.5,481.63,-0.086456408,-0.014750335,0.057773979
MSFT|2026-01-30,MSFT,2026/1/30,439.17,439.6,426.45,430.29,433.5,0.013079585,-0.02021996,0.015935735
MSFT|2026-02-02,MSFT,2026/2/2,430.235,430.736,422.25,423.37,430.29,-0.000127821,-0.015956396,0.006459251
MSFT|2026-02-03,MSFT,2026/2/3,422.01,422.05,408.56,411.21,423.37,-0.00321232,-0.025591811,0.012164116
MSFT|2026-02-04,MSFT,2026/2/4,411,419.8,409.24,414.19,411.21,-0.000510688,0.007761557,0.003411036
MSFT|2026-02-05,MSFT,2026/2/5,407.44,408.3,392.32,393.67,414.19,-0.016296869,-0.033796387,0.023296676
MSFT|2026-02-06,MSFT,2026/2/6,399.165,401.79,392.92,401.14,393.67,0.013958392,0.004947829,0.010354166
MSFT|2026-02-09,MSFT,2026/2/9,404.85,414.89,400.87,413.6,401.14,0.009248641,0.021612943,0.014194362
MSFT|2026-02-10,MSFT,2026/2/10,419.62,423.68,412.7,413.27,413.6,0.014555126,-0.015132739,0.014786171
MSFT|2026-02-11,MSFT,2026/2/11,416.175,416.46,401.01,404.37,413.27,0.007029303,-0.028365471,0.01556377
MSFT|2026-02-12,MSFT,2026/2/12,405,406.2,398.01,401.84,404.37,0.001557979,-0.007802469,0.004055775
MSFT|2026-02-13,MSFT,2026/2/13,404.45,405.54,398.05,401.32,401.84,0.006495122,-0.007738905,0.006992635
MSFT|2026-02-17,MSFT,2026/2/17,399.22,400.52,394.525,396.86,401.32,-0.005232732,-0.005911527,0.00550425
MSFT|2026-02-18,MSFT,2026/2/18,398.13,402.56,396.32,399.6,396.86,0.003200121,0.003692261,0.003396977
MSFT|2026-02-19,MSFT,2026/2/19,400.69,404.43,396.67,398.46,399.6,0.002727728,-0.0055654,0.003862797
MSFT|2026-02-20,MSFT,2026/2/20,396.11,400.1159,395.16,397.23,398.46,-0.005897706,0.002827497,0.004669623
MSFT|2026-02-23,MSFT,2026/2/23,395,395.36,383.1,384.47,397.23,-0.005613876,-0.026658228,0.014031617
MSFT|2026-02-24,MSFT,2026/2/24,384.14,389.36,381.71,389,384.47,-0.000858324,0.012651637,0.00557565
NVDA|2024-12-24,NVDA,2024/12/24,140,141.9,138.65,140.22,139.67,0.002362712,0.001571429,0.002046199
NVDA|2024-12-26,NVDA,2024/12/26,139.7,140.85,137.73,139.93,140.22,-0.003708458,0.001646385,0.002883629
NVDA|2024-12-27,NVDA,2024/12/27,138.55,139.02,134.71,137.01,139.93,-0.009862074,-0.011115121,0.010363293
NVDA|2024-12-30,NVDA,2024/12/30,134.83,140.27,134.02,137.49,137.01,-0.015911247,0.019728547,0.017438167
NVDA|2024-12-31,NVDA,2024/12/31,138.03,138.07,133.83,134.29,137.49,0.003927558,-0.027095559,0.013194759
NVDA|2025-01-02,NVDA,2025/1/2,136,138.88,134.63,138.31,134.29,0.012733636,0.016985294,0.014434299
NVDA|2025-01-03,NVDA,2025/1/3,140.01,144.9,139.73,144.47,138.31,0.01229123,0.031854868,0.020116685
NVDA|2025-01-06,NVDA,2025/1/6,148.59,152.156,147.8201,149.43,144.47,0.028518031,0.00565314,0.019372075
NVDA|2025-01-07,NVDA,2025/1/7,153.03,153.13,140.01,140.14,149.43,0.024091548,-0.08423185,0.048147669
NVDA|2025-01-08,NVDA,2025/1/8,142.58,143.95,137.56,140.11,140.14,0.01741116,-0.017323608,0.017376139
NVDA|2025-01-10,NVDA,2025/1/10,137.45,139.92,134.22,135.91,140.11,-0.018985083,-0.011204074,0.01587268
NVDA|2025-01-13,NVDA,2025/1/13,129.99,133.49,129.51,133.23,135.91,-0.043558237,0.024924994,0.03610494
NVDA|2025-01-14,NVDA,2025/1/14,136.05,136.38,130.05,131.76,133.23,0.021166404,-0.031532525,0.025312852
NVDA|2025-01-15,NVDA,2025/1/15,133.65,136.45,131.29,136.24,131.76,0.014344262,0.019378975,0.016358147
NVDA|2025-01-16,NVDA,2025/1/16,138.64,138.75,133.49,133.57,136.24,0.017615972,-0.036569533,0.025197396
NVDA|2025-01-17,NVDA,2025/1/17,136.69,138.5,135.4649,137.71,133.57,0.023358539,0.007462141,0.016999979
NVDA|2025-01-21,NVDA,2025/1/21,139.16,141.83,137.09,140.83,137.71,0.010529373,0.012000575,0.011117854
NVDA|2025-01-22,NVDA,2025/1/22,144.66,147.79,143.67,147.07,140.83,0.02719591,0.016659754,0.022981448
NVDA|2025-01-23,NVDA,2025/1/23,145.05,147.23,143.72,147.22,147.07,-0.013734956,0.014960358,0.014225117
NVDA|2025-01-24,NVDA,2025/1/24,148.37,148.97,141.88,142.62,147.22,0.007811439,-0.038754465,0.020188649
NVDA|2025-01-27,NVDA,2025/1/27,124.8,128.4,116.7,118.42,142.62,-0.124947413,-0.051121795,0.095417166
NVDA|2025-01-28,NVDA,2025/1/28,121.81,129,116.25,128.99,118.42,0.028626921,0.058944257,0.040753856
NVDA|2025-01-29,NVDA,2025/1/29,126.5,126.89,120.05,123.7,128.99,-0.019303822,-0.022134387,0.020436048
NVDA|2025-01-30,NVDA,2025/1/30,123.1,125,118.1,124.65,123.7,-0.004850445,0.012591389,0.007946822
NVDA|2025-01-31,NVDA,2025/1/31,123.78,127.85,119.19,120.07,124.65,-0.006979543,-0.029972532,0.016176738
NVDA|2025-02-03,NVDA,2025/2/3,114.75,118.57,113.01,116.66,120.07,-0.044307487,0.01664488,0.033242444
NVDA|2025-02-04,NVDA,2025/2/4,116.96,121.2,116.7,118.65,116.66,0.002571576,0.014449384,0.007322699
NVDA|2025-02-05,NVDA,2025/2/5,121.76,125,120.76,124.83,118.65,0.026211547,0.025213535,0.025812342
NVDA|2025-02-06,NVDA,2025/2/6,127.42,128.77,125.21,128.68,124.83,0.020748218,0.009888558,0.016404354
NVDA|2025-02-07,NVDA,2025/2/7,129.22,130.37,125,129.84,128.68,0.004196456,0.004798019,0.004437081
NVDA|2025-02-10,NVDA,2025/2/10,130.09,135,129.96,133.57,129.84,0.001925447,0.026750711,0.011855552
NVDA|2025-02-11,NVDA,2025/2/11,132.58,134.48,131.02,132.8,133.57,-0.007411844,0.001659375,0.005110857
NVDA|2025-02-12,NVDA,2025/2/12,130.02,132.24,129.08,131.14,132.8,-0.020933735,0.008614059,0.016005865
NVDA|2025-02-13,NVDA,2025/2/13,131.555,136.5,131.17,135.29,131.14,0.003164557,0.028391167,0.013255201
NVDA|2025-02-14,NVDA,2025/2/14,136.48,139.25,135.5,138.85,135.29,0.00879592,0.017365182,0.012223625
NVDA|2025-02-18,NVDA,2025/2/18,141.27,143.44,137.925,139.4,138.85,0.01742888,-0.013237064,0.015752154
NVDA|2025-02-19,NVDA,2025/2/19,139.51,141.36,137.22,139.23,139.4,0.000789096,-0.002007025,0.001276268
NVDA|2025-02-20,NVDA,2025/2/20,140.03,140.66,136.7901,140.11,139.23,0.005745888,0.000571306,0.003676055
NVDA|2025-02-21,NVDA,2025/2/21,140.04,141.46,134.03,134.43,140.11,-0.000499607,-0.040059983,0.016323758
NVDA|2025-02-24,NVDA,2025/2/24,136.56,138.59,130.08,130.28,134.43,0.015844678,-0.045987112,0.027901651
NVDA|2025-02-25,NVDA,2025/2/25,129.98,130.2,124.44,126.63,130.28,-0.002302733,-0.025773196,0.011690918
NVDA|2025-02-26,NVDA,2025/2/26,129.985,133.73,128.49,131.28,126.63,0.026494512,0.009962688,0.019881782
NVDA|2025-02-27,NVDA,2025/2/27,135,135.01,120.01,120.15,131.28,0.02833638,-0.11,0.061001828
NVDA|2025-02-28,NVDA,2025/2/28,118.02,125.09,116.4,124.92,120.15,-0.01772784,0.058464667,0.034022571
NVDA|2025-03-03,NVDA,2025/3/3,123.51,123.7,112.28,114.06,124.92,-0.011287224,-0.076512023,0.037377144
NVDA|2025-03-04,NVDA,2025/3/4,110.645,119.31,110.11,115.99,114.06,-0.029940382,0.048307651,0.03728729
NVDA|2025-03-05,NVDA,2025/3/5,117.58,118.2781,114.51,117.3,115.99,0.013708078,-0.002381357,0.00917739
NVDA|2025-03-06,NVDA,2025/3/6,113.53,115.35,110.22,110.57,117.3,-0.032139812,-0.026072404,0.029712849
NVDA|2025-03-07,NVDA,2025/3/7,111.25,113.48,107.56,112.69,110.57,0.00614995,0.01294382,0.008867498
NVDA|2025-03-10,NVDA,2025/3/10,109.9,111.85,105.46,106.98,112.69,-0.024758186,-0.026569609,0.025482755
NVDA|2025-03-11,NVDA,2025/3/11,106.99,112.236,104.77,108.76,106.98,9.35E-05,0.016543602,0.006673526
NVDA|2025-03-12,NVDA,2025/3/12,114.12,116.76,112.88,115.74,108.76,0.049282825,0.014195584,0.035247928
NVDA|2025-03-13,NVDA,2025/3/13,117.03,117.76,113.79,115.58,115.74,0.011145671,-0.012389985,0.011643397
NVDA|2025-03-14,NVDA,2025/3/14,118.61,121.88,118.15,121.67,115.58,0.026215608,0.025798837,0.0260489
NVDA|2025-03-17,NVDA,2025/3/17,122.74,122.89,118.03,119.53,121.67,0.00879428,-0.026152843,0.015737705
NVDA|2025-03-18,NVDA,2025/3/18,118,119.02,114.54,115.43,119.53,-0.012800134,-0.021779661,0.016391945
NVDA|2025-03-19,NVDA,2025/3/19,117.27,120.445,115.68,117.52,115.43,0.015940397,0.002131833,0.010416971
NVDA|2025-03-20,NVDA,2025/3/20,116.55,120.2,116.47,118.53,117.52,-0.008253914,0.016988417,0.011747715
NVDA|2025-03-21,NVDA,2025/3/21,116.94,117.99,115.42,117.7,118.53,-0.013414325,0.006499059,0.010648219
NVDA|2025-03-24,NVDA,2025/3/24,119.88,122.22,119.34,121.41,117.7,0.018521665,0.012762763,0.016218104
NVDA|2025-03-25,NVDA,2025/3/25,120.545,121.29,118.92,120.69,121.41,-0.007124619,0.00120287,0.00475592
NVDA|2025-03-26,NVDA,2025/3/26,118.73,118.84,112.71,113.76,120.69,-0.016239954,-0.041859682,0.026487845
NVDA|2025-03-27,NVDA,2025/3/27,111.35,114.45,110.66,111.43,113.76,-0.021184951,0.000718455,0.012998353
NVDA|2025-03-28,NVDA,2025/3/28,111.485,112.87,109.0701,109.67,111.43,0.000493583,-0.016280217,0.006808237
NVDA|2025-03-31,NVDA,2025/3/31,105.13,110.955,103.65,108.38,109.67,-0.041396918,0.030914106,0.037203793
NVDA|2025-04-01,NVDA,2025/4/1,108.515,110.2,106.47,110.15,108.38,0.001245617,0.015067041,0.006774187
NVDA|2025-04-02,NVDA,2025/4/2,107.29,111.98,106.79,110.42,110.15,-0.025964594,0.029173269,0.027248064
NVDA|2025-04-03,NVDA,2025/4/3,103.51,105.63,101.6,101.8,110.42,-0.062579243,-0.016520143,0.044155603
NVDA|2025-04-04,NVDA,2025/4/4,98.91,100.13,92.11,94.31,101.8,-0.028388998,-0.046506925,0.035636169
NVDA|2025-04-07,NVDA,2025/4/7,87.46,101.75,86.62,97.64,94.31,-0.072632807,0.116396067,0.090138111
NVDA|2025-04-08,NVDA,2025/4/8,103.805,105.85,94.46,96.3,97.64,0.063140107,-0.072299022,0.066803673
NVDA|2025-04-09,NVDA,2025/4/9,98.89,115.1,97.5301,114.33,96.3,0.026895119,0.156133077,0.078590303
NVDA|2025-04-10,NVDA,2025/4/10,109.37,110.86,99.15,107.57,114.33,-0.043383189,-0.016457895,0.032613071
NVDA|2025-04-11,NVDA,2025/4/11,108.5,111.5499,107.48,110.93,107.57,0.008645533,0.022396313,0.014145845
NVDA|2025-04-14,NVDA,2025/4/14,114.11,114.29,109.07,110.71,110.93,0.028666727,-0.029795811,0.02911836
NVDA|2025-04-15,NVDA,2025/4/15,110.97,113.615,110.5,112.2,110.71,0.002348478,0.011084077,0.005842718
NVDA|2025-04-16,NVDA,2025/4/16,104.55,106.79,100.45,104.49,112.2,-0.068181818,-0.000573888,0.041138646
NVDA|2025-04-17,NVDA,2025/4/17,104.45,104.47,100.05,101.49,104.49,-0.000382812,-0.028338918,0.011565254
NVDA|2025-04-21,NVDA,2025/4/21,98.77,99.44,95.04,96.91,101.49,-0.02680067,-0.018831629,0.023613054
NVDA|2025-04-22,NVDA,2025/4/22,98.78,99.811,97.28,98.89,96.91,0.019296254,0.001113586,0.012023187
NVDA|2025-04-23,NVDA,2025/4/23,104.52,104.8,102.02,102.71,98.89,0.056931945,-0.01731726,0.041086071
NVDA|2025-04-24,NVDA,2025/4/24,103.475,106.54,103.11,106.43,102.71,0.007448155,0.028557623,0.015891942
NVDA|2025-04-25,NVDA,2025/4/25,106.85,111.92,105.73,111.01,106.43,0.003946256,0.038933084,0.017940987
NVDA|2025-04-28,NVDA,2025/4/28,109.69,110.3699,106.02,108.73,111.01,-0.011890821,-0.008751937,0.010635267
NVDA|2025-04-29,NVDA,2025/4/29,107.67,110.1999,107.44,109.02,108.73,-0.009748919,0.012538312,0.010864676
NVDA|2025-04-30,NVDA,2025/4/30,104.47,108.92,104.08,108.92,109.02,-0.041735461,0.042595961,0.042079661
NVDA|2025-05-01,NVDA,2025/5/1,113.08,114.94,111.3,111.61,108.92,0.038193169,-0.012999646,0.02811576
NVDA|2025-05-02,NVDA,2025/5/2,114.18,115.4,113.37,114.5,111.61,0.023026611,0.002802592,0.014937003
NVDA|2025-05-05,NVDA,2025/5/5,112.905,114.665,112.66,113.82,114.5,-0.013930131,0.008104158,0.011599742
NVDA|2025-05-06,NVDA,2025/5/6,111.48,114.74,110.822,113.54,113.82,-0.020558777,0.018478651,0.019726727
NVDA|2025-05-07,NVDA,2025/5/7,113.045,117.68,112.2818,117.06,113.54,-0.004359697,0.03551683,0.01682255
NVDA|2025-05-08,NVDA,2025/5/8,118.25,118.68,115.85,117.37,117.06,0.010165727,-0.00744186,0.00907618
NVDA|2025-05-09,NVDA,2025/5/9,117.35,118.23,115.21,116.65,117.37,-0.000170401,-0.005965062,0.002488265
NVDA|2025-05-12,NVDA,2025/5/12,121.97,123,120.28,123,116.65,0.045606515,0.0084447,0.030741789
NVDA|2025-05-13,NVDA,2025/5/13,124.98,131.2189,124.47,129.93,123,0.016097561,0.039606337,0.025501071
NVDA|2025-05-14,NVDA,2025/5/14,133.195,135.435,131.68,135.34,129.93,0.025128916,0.016104208,0.021519033
NVDA|2025-05-15,NVDA,2025/5/15,134.295,136.3,132.66,134.83,135.34,-0.007721295,0.003983767,0.006226284
NVDA|2025-05-16,NVDA,2025/5/16,136.22,136.35,133.46,135.4,134.83,0.010309278,-0.006019674,0.008593437
NVDA|2025-05-19,NVDA,2025/5/19,132.39,135.87,132.39,135.57,135.4,-0.022230428,0.024019941,0.022946233
NVDA|2025-05-20,NVDA,2025/5/20,134.29,134.58,132.62,134.38,135.57,-0.009441617,0.000670191,0.005933047
NVDA|2025-05-21,NVDA,2025/5/21,133.06,137.4,130.59,131.8,134.38,-0.00982289,-0.009469412,0.009681499
NVDA|2025-05-22,NVDA,2025/5/22,132.23,134.25,131.55,132.83,131.8,0.003262519,0.004537548,0.003772531
NVDA|2025-05-23,NVDA,2025/5/23,130,132.68,129.16,131.29,132.83,-0.021305428,0.009923077,0.016752488
NVDA|2025-05-27,NVDA,2025/5/27,134.15,135.66,133.31,135.5,131.29,0.021783837,0.010063362,0.017095647
NVDA|2025-05-28,NVDA,2025/5/28,136.025,137.25,134.79,134.81,135.5,0.003874539,-0.008932182,0.005897596
NVDA|2025-05-29,NVDA,2025/5/29,142.245,143.49,137.91,139.19,134.81,0.055151695,-0.021477029,0.041681829
NVDA|2025-05-30,NVDA,2025/5/30,138.715,139.62,132.92,135.13,139.19,-0.003412601,-0.025844357,0.012385304
NVDA|2025-06-02,NVDA,2025/6/2,135.49,138.12,135.4,137.38,135.13,0.002664101,0.013949369,0.007178208
NVDA|2025-06-03,NVDA,2025/6/3,138.78,142,137.95,141.22,137.38,0.010190712,0.017581784,0.013147141
NVDA|2025-06-04,NVDA,2025/6/4,142.19,142.39,139.545,141.92,141.22,0.006868715,-0.001898868,0.004880776
NVDA|2025-06-05,NVDA,2025/6/5,142.17,144,138.83,139.99,141.92,0.001761556,-0.015333755,0.007190436
NVDA|2025-06-06,NVDA,2025/6/6,142.51,143.27,141.51,141.72,139.99,0.018001286,-0.005543471,0.01301816
NVDA|2025-06-09,NVDA,2025/6/9,143.19,145,141.94,142.63,141.72,0.010372566,-0.003910888,0.007787894
NVDA|2025-06-10,NVDA,2025/6/10,142.69,144.29,141.525,143.96,142.63,0.000420669,0.008900413,0.003812567
NVDA|2025-06-11,NVDA,2025/6/11,144.61,144.99,141.87,142.83,143.96,0.004515143,-0.012308969,0.007632673
NVDA|2025-06-12,NVDA,2025/6/12,141.97,145,141.85,145,142.83,-0.006021144,0.021342537,0.012149701
NVDA|2025-06-13,NVDA,2025/6/13,142.48,143.58,140.855,141.97,145,-0.01737931,-0.00357945,0.011859366
NVDA|2025-06-16,NVDA,2025/6/16,143.345,146.175,143.2001,144.69,141.97,0.009685145,0.009382957,0.00956427
NVDA|2025-06-17,NVDA,2025/6/17,144.49,145.22,143.78,144.12,144.69,-0.001382266,-0.002560731,0.001853652
NVDA|2025-06-18,NVDA,2025/6/18,144.005,145.65,143.12,145.48,144.12,-0.000797946,0.0102427,0.004575848
NVDA|2025-06-20,NVDA,2025/6/20,145.45,146.2,142.65,143.85,145.48,-0.000206214,-0.011000344,0.004523866
NVDA|2025-06-23,NVDA,2025/6/23,142.5,144.78,142.03,144.17,143.85,-0.009384776,0.011719298,0.010318585
NVDA|2025-06-24,NVDA,2025/6/24,145.56,147.96,145.5,147.9,144.17,0.009641396,0.016075845,0.012215175
NVDA|2025-06-25,NVDA,2025/6/25,149.27,154.45,149.26,154.31,147.9,0.009263016,0.03376432,0.019063537
NVDA|2025-06-26,NVDA,2025/6/26,155.975,156.715,154,155.02,154.31,0.010789968,-0.006122776,0.008923091
NVDA|2025-06-27,NVDA,2025/6/27,156.04,158.71,155.255,157.75,155.02,0.006579796,0.010958729,0.008331369
NVDA|2025-06-30,NVDA,2025/6/30,158.4,158.66,155.96,157.99,157.75,0.004120444,-0.002588384,0.00350762
NVDA|2025-07-01,NVDA,2025/7/1,156.29,157.2,151.49,153.3,157.99,-0.010760175,-0.019131102,0.014108546
NVDA|2025-07-02,NVDA,2025/7/2,152.98,157.6,152.97,157.25,153.3,-0.00208741,0.027912145,0.012417304
NVDA|2025-07-03,NVDA,2025/7/3,158.37,160.98,157.77,159.288,157.25,0.007122417,0.005796552,0.006592071
NVDA|2025-07-07,NVDA,2025/7/7,158.2,159.31,157.342,158.24,159.288,-0.006830395,0.000252845,0.004199375
NVDA|2025-07-08,NVDA,2025/7/8,159.33,160.22,158.39,160,158.24,0.006888271,0.004205109,0.005815006
NVDA|2025-07-09,NVDA,2025/7/9,161.22,164.42,161.16,162.88,160,0.007625,0.010296489,0.008693596
NVDA|2025-07-10,NVDA,2025/7/10,164.32,164.5,161.61,164.1,162.88,0.008840864,-0.001338851,0.005840059
NVDA|2025-07-11,NVDA,2025/7/11,163.715,167.89,163.47,164.92,164.1,-0.00234613,0.007360352,0.004351819
NVDA|2025-07-14,NVDA,2025/7/14,165.37,165.49,162.02,164.07,164.92,0.002728596,-0.00786116,0.004781621
NVDA|2025-07-15,NVDA,2025/7/15,171.19,172.4,169.195,170.7,164.07,0.043396111,-0.002862317,0.027182594
NVDA|2025-07-16,NVDA,2025/7/16,171.06,171.75,168.9,171.37,170.7,0.002108963,0.00181223,0.00199027
NVDA|2025-07-17,NVDA,2025/7/17,172.02,174.16,170.83,173,171.37,0.003792963,0.005697012,0.004554582
NVDA|2025-07-18,NVDA,2025/7/18,173.64,174.25,171.26,172.41,173,0.003699422,-0.007083621,0.005053102
NVDA|2025-07-21,NVDA,2025/7/21,172.75,173.38,171,171.38,172.41,0.001972043,-0.007930535,0.00435544
NVDA|2025-07-22,NVDA,2025/7/22,171.34,171.39,164.58,167.03,171.38,-0.000233399,-0.025154663,0.010201905
NVDA|2025-07-23,NVDA,2025/7/23,169.53,171.26,167.97,170.78,167.03,0.014967371,0.007373326,0.011929753
NVDA|2025-07-24,NVDA,2025/7/24,172.44,173.83,171.3,173.74,170.78,0.009720108,0.007538854,0.008847606
NVDA|2025-07-25,NVDA,2025/7/25,173.61,174.72,172.96,173.5,173.74,-0.000748245,-0.000633604,0.000702388
NVDA|2025-07-28,NVDA,2025/7/28,174.02,177,173.97,176.75,173.5,0.002997118,0.015687852,0.008073412
NVDA|2025-07-29,NVDA,2025/7/29,177.96,179.38,175.02,175.51,176.75,0.006845827,-0.013767139,0.009614352
NVDA|2025-07-30,NVDA,2025/7/30,176.51,179.89,176.04,179.27,175.51,0.005697681,0.015636508,0.009673212
NVDA|2025-07-31,NVDA,2025/7/31,182.9,183.3,175.93,177.87,179.27,0.020248787,-0.027501367,0.023149819
NVDA|2025-08-01,NVDA,2025/8/1,174.09,176.54,170.89,173.72,177.87,-0.021251476,-0.002125337,0.01360102
NVDA|2025-08-04,NVDA,2025/8/4,175.16,180.2,174.52,180,173.72,0.008289201,0.027631879,0.016026272
NVDA|2025-08-05,NVDA,2025/8/5,179.62,180.26,175.9,178.26,180,-0.002111111,-0.00757154,0.004295283
NVDA|2025-08-06,NVDA,2025/8/6,176.325,179.9,176.25,179.42,178.26,-0.010854931,0.017552814,0.013534084
NVDA|2025-08-07,NVDA,2025/8/7,181.57,183.88,178.795,180.77,179.42,0.011983057,-0.004406014,0.00895224
NVDA|2025-08-08,NVDA,2025/8/8,181.55,183.3,180.4,182.7,180.77,0.004314875,0.006334343,0.005122662
NVDA|2025-08-11,NVDA,2025/8/11,182.05,183.84,180.25,182.06,182.7,-0.003557745,5.49E-05,0.002156619
NVDA|2025-08-12,NVDA,2025/8/12,182.96,184.48,179.46,183.16,182.06,0.004943425,0.001093135,0.003403309
NVDA|2025-08-13,NVDA,2025/8/13,182.615,183.97,179.35,181.59,183.16,-0.002975541,-0.005612901,0.004030485
NVDA|2025-08-14,NVDA,2025/8/14,179.75,183.02,179.46,182.02,181.59,-0.010132717,0.012628651,0.01113109
NVDA|2025-08-15,NVDA,2025/8/15,181.88,181.9,178.0417,180.45,182.02,-0.000769146,-0.007862327,0.003606418
NVDA|2025-08-18,NVDA,2025/8/18,180.6,182.9375,180.59,182.01,180.45,0.000831255,0.007807309,0.003621677
NVDA|2025-08-19,NVDA,2025/8/19,182.43,182.5,175.49,175.64,182.01,0.002307566,-0.037219756,0.016272442
NVDA|2025-08-20,NVDA,2025/8/20,175.165,176,168.801,175.4,175.64,-0.002704395,0.001341592,0.002159274
NVDA|2025-08-21,NVDA,2025/8/21,174.85,176.9,173.81,174.98,175.4,-0.00313569,0.000743494,0.002178812
NVDA|2025-08-22,NVDA,2025/8/22,172.61,178.59,171.2,177.99,174.98,-0.013544405,0.03116853,0.020594055
NVDA|2025-08-25,NVDA,2025/8/25,178.35,181.91,176.57,179.81,177.99,0.002022586,0.008186151,0.004488012
NVDA|2025-08-26,NVDA,2025/8/26,180.055,182.39,178.81,181.77,179.81,0.001362549,0.009524867,0.004627477
NVDA|2025-08-27,NVDA,2025/8/27,181.98,182.49,179.1,181.6,181.77,0.001155306,-0.002088142,0.00152844
NVDA|2025-08-28,NVDA,2025/8/28,180.82,184.47,176.41,180.17,181.6,-0.004295154,-0.003594735,0.004014987
NVDA|2025-08-29,NVDA,2025/8/29,178.11,178.15,173.145,174.18,180.17,-0.011433646,-0.022065016,0.015686194
NVDA|2025-09-02,NVDA,2025/9/2,170,172.379,167.22,170.78,174.18,-0.023998163,0.004588235,0.016234192
NVDA|2025-09-03,NVDA,2025/9/3,171.06,172.41,168.875,170.62,170.78,0.001639536,-0.002572197,0.002012601
NVDA|2025-09-04,NVDA,2025/9/4,170.57,171.86,169.41,171.64,170.62,-0.000293049,0.006273084,0.002685063
NVDA|2025-09-05,NVDA,2025/9/5,168.03,169.03,164.07,167.02,171.64,-0.021032393,-0.006010831,0.015023769
NVDA|2025-09-08,NVDA,2025/9/8,167.55,170.96,167.35,168.31,167.02,0.003173273,0.004535959,0.003718347
NVDA|2025-09-09,NVDA,2025/9/9,169.09,170.98,166.7401,170.76,168.31,0.004634306,0.009876397,0.006731142
NVDA|2025-09-10,NVDA,2025/9/10,176.64,179.29,175.47,177.33,170.76,0.034434294,0.00390625,0.022223076
NVDA|2025-09-11,NVDA,2025/9/11,179.68,180.28,176.48,177.17,177.33,0.013252129,-0.013969279,0.013538989
NVDA|2025-09-12,NVDA,2025/9/12,177.77,178.595,176.45,177.82,177.17,0.003386578,0.000281262,0.002144452
NVDA|2025-09-15,NVDA,2025/9/15,175.67,178.85,174.51,177.75,177.82,-0.012090878,0.011840383,0.01199068
NVDA|2025-09-16,NVDA,2025/9/16,177,177.5,174.38,174.88,177.75,-0.004219409,-0.011977401,0.007322606
NVDA|2025-09-17,NVDA,2025/9/17,172.64,173.2,168.41,170.29,174.88,-0.012808783,-0.013612141,0.013130126
NVDA|2025-09-18,NVDA,2025/9/18,173.98,177.1,172.96,176.24,170.29,0.021668918,0.012989999,0.01819735
NVDA|2025-09-19,NVDA,2025/9/19,175.77,178.08,175.18,176.67,176.24,-0.002666818,0.005120328,0.003648222
NVDA|2025-09-22,NVDA,2025/9/22,175.3,184.55,174.7053,183.61,176.67,-0.007754571,0.04740445,0.023614522
NVDA|2025-09-23,NVDA,2025/9/23,181.97,182.42,176.21,178.43,183.61,-0.008931975,-0.019453756,0.013140688
NVDA|2025-09-24,NVDA,2025/9/24,179.77,179.78,175.4,176.97,178.43,0.007509948,-0.015575458,0.010736152
NVDA|2025-09-25,NVDA,2025/9/25,174.48,180.26,173.125,177.69,176.97,-0.014070181,0.018397524,0.015801118
NVDA|2025-09-26,NVDA,2025/9/26,178.17,179.77,174.93,178.19,177.69,0.002701334,0.000112252,0.001665701
NVDA|2025-09-29,NVDA,2025/9/29,180.425,184,180.32,181.85,178.19,0.012542791,0.007898019,0.010684882
NVDA|2025-09-30,NVDA,2025/9/30,182.08,187.35,181.48,186.58,181.85,0.001264779,0.024714411,0.010644632
NVDA|2025-10-01,NVDA,2025/10/1,185.24,188.14,183.9,187.24,186.58,-0.007181906,0.010796804,0.008627865
NVDA|2025-10-02,NVDA,2025/10/2,189.6,191.05,188.06,188.89,187.24,0.012604144,-0.003744726,0.009060377
NVDA|2025-10-03,NVDA,2025/10/3,189.19,190.36,185.38,187.62,188.89,0.001588226,-0.008298536,0.00427235
NVDA|2025-10-06,NVDA,2025/10/6,185.5,187.23,183.33,185.54,187.62,-0.011299435,0.000215633,0.006865914
NVDA|2025-10-07,NVDA,2025/10/7,186.23,189.06,184,185.04,185.54,0.003718875,-0.006389948,0.004787304
NVDA|2025-10-08,NVDA,2025/10/8,186.57,189.6,186.54,189.11,185.04,0.008268482,0.013614193,0.010406767
NVDA|2025-10-09,NVDA,2025/10/9,192.225,195.3,191.06,192.57,189.11,0.016471895,0.001794772,0.010601045
NVDA|2025-10-10,NVDA,2025/10/10,193.505,195.62,182.05,183.16,192.57,0.004855377,-0.053461151,0.024297687
NVDA|2025-10-13,NVDA,2025/10/13,187.965,190.1099,185.96,188.32,183.16,0.026233894,0.001888649,0.016495796
NVDA|2025-10-14,NVDA,2025/10/14,184.77,184.8,179.7,180.03,188.32,-0.018850892,-0.025653515,0.021571941
NVDA|2025-10-15,NVDA,2025/10/15,184.8,184.87,177.29,179.83,180.03,0.026495584,-0.026893939,0.026654926
NVDA|2025-10-16,NVDA,2025/10/16,182.23,183.28,179.77,181.81,179.83,0.013345938,-0.00230478,0.008929475
NVDA|2025-10-17,NVDA,2025/10/17,180.18,184.1,179.75,183.22,181.81,-0.008965403,0.016872017,0.012128049
NVDA|2025-10-20,NVDA,2025/10/20,183.13,185.2,181.73,182.64,183.22,-0.000491213,-0.002675695,0.001365006
NVDA|2025-10-21,NVDA,2025/10/21,182.785,182.785,179.8,181.16,182.64,0.000793912,-0.008890226,0.004032437
NVDA|2025-10-22,NVDA,2025/10/22,181.14,183.44,176.76,180.28,181.16,-0.0001104,-0.004747709,0.001965323
NVDA|2025-10-23,NVDA,2025/10/23,180.42,183.03,179.7901,182.16,180.28,0.00077657,0.009644164,0.004323607
NVDA|2025-10-24,NVDA,2025/10/24,183.835,187.47,183.5,186.26,182.16,0.009195213,0.013191177,0.010793599
NVDA|2025-10-27,NVDA,2025/10/27,189.99,192,188.4318,191.49,186.26,0.02002577,0.007895152,0.015173523
NVDA|2025-10-28,NVDA,2025/10/28,193.05,203.15,191.91,201.03,191.49,0.00814664,0.041336441,0.02142256
NVDA|2025-10-29,NVDA,2025/10/29,207.98,212.1899,204.775,207.04,201.03,0.034571954,-0.004519665,0.022551039
NVDA|2025-10-30,NVDA,2025/10/30,205.15,206.16,201.41,202.89,207.04,-0.009128671,-0.01101633,0.009883734
NVDA|2025-10-31,NVDA,2025/10/31,206.45,207.97,202.07,202.49,202.89,0.017546454,-0.0191814,0.018200432
NVDA|2025-11-03,NVDA,2025/11/3,208.08,211.335,205.56,206.88,202.49,0.027606302,-0.005767013,0.018870586
NVDA|2025-11-04,NVDA,2025/11/4,203,203.9699,197.93,198.69,206.88,-0.018754834,-0.021231527,0.019745511
NVDA|2025-11-05,NVDA,2025/11/5,198.77,202.92,194.65,195.21,198.69,0.000402637,-0.017910147,0.007405641
NVDA|2025-11-06,NVDA,2025/11/6,196.42,197.62,186.38,188.08,195.21,0.006198453,-0.042460035,0.020703086
NVDA|2025-11-07,NVDA,2025/11/7,184.9,188.32,178.91,188.15,188.08,-0.016907699,0.017577069,0.017175447
NVDA|2025-11-10,NVDA,2025/11/10,195.11,199.94,193.79,199.05,188.15,0.036991762,0.020193737,0.030272552
NVDA|2025-11-11,NVDA,2025/11/11,195.155,195.42,191.3,193.16,199.05,-0.019567948,-0.010222644,0.015829826
NVDA|2025-11-12,NVDA,2025/11/12,195.72,195.89,191.13,193.8,193.16,0.013253262,-0.009809933,0.01187593
NVDA|2025-11-13,NVDA,2025/11/13,191.05,191.44,183.85,186.86,193.8,-0.014189886,-0.021931432,0.017286505
NVDA|2025-11-14,NVDA,2025/11/14,182.86,191.01,180.58,190.17,186.86,-0.021406401,0.039975938,0.028834215
NVDA|2025-11-17,NVDA,2025/11/17,185.965,189,184.32,186.6,190.17,-0.022111795,0.003414621,0.014632925
NVDA|2025-11-18,NVDA,2025/11/18,183.375,184.8,179.65,181.36,186.6,-0.017282958,-0.010988412,0.01476514
NVDA|2025-11-19,NVDA,2025/11/19,184.79,187.855,182.8301,186.52,181.36,0.01891266,0.009361978,0.015092387
NVDA|2025-11-20,NVDA,2025/11/20,195.95,196,179.85,180.64,186.52,0.050557581,-0.078132177,0.061587419
NVDA|2025-11-21,NVDA,2025/11/21,181.235,184.56,172.93,178.88,180.64,0.003293844,-0.012994179,0.007173978
NVDA|2025-11-24,NVDA,2025/11/24,179.49,183.5,176.48,182.55,178.88,0.003410107,0.017048304,0.008865386
NVDA|2025-11-25,NVDA,2025/11/25,174.91,178.16,169.55,177.82,182.55,-0.041851548,0.016637128,0.03176578
NVDA|2025-11-26,NVDA,2025/11/26,181.63,182.91,178.24,180.26,177.82,0.021426161,-0.007542807,0.015872819
NVDA|2025-11-28,NVDA,2025/11/28,179.01,179.29,176.5,177,180.26,-0.006934428,-0.011228423,0.008652026
NVDA|2025-12-01,NVDA,2025/12/1,174.76,180.3,173.68,179.92,177,-0.012655367,0.029526207,0.019403703
NVDA|2025-12-02,NVDA,2025/12/2,181.76,185.66,180,181.46,179.92,0.010226767,-0.001650528,0.006796272
NVDA|2025-12-03,NVDA,2025/12/3,181.08,182.45,179.1101,179.59,181.46,-0.002094125,-0.008228407,0.004547838
NVDA|2025-12-04,NVDA,2025/12/4,181.62,184.515,179.96,183.38,179.59,0.011303525,0.009690563,0.01065834
NVDA|2025-12-05,NVDA,2025/12/5,183.89,184.66,180.91,182.41,183.38,0.00278111,-0.00804829,0.004887982
NVDA|2025-12-08,NVDA,2025/12/8,182.64,188,182.4,185.55,182.41,0.001260896,0.015932983,0.007129731
NVDA|2025-12-09,NVDA,2025/12/9,185.56,185.7167,183.32,184.97,185.55,5.39E-05,-0.003179565,0.001304162
NVDA|2025-12-10,NVDA,2025/12/10,184.965,185.48,182.035,183.78,184.97,-2.70E-05,-0.006406617,0.002578866
NVDA|2025-12-11,NVDA,2025/12/11,180.275,181.32,176.62,180.93,183.78,-0.019071716,0.003633338,0.012896365
NVDA|2025-12-12,NVDA,2025/12/12,181.11,182.82,174.62,175.02,180.93,0.00099486,-0.033625973,0.014047305
NVDA|2025-12-15,NVDA,2025/12/15,177.936,178.415,175.03,176.29,175.02,0.016660953,-0.009250517,0.013696779
NVDA|2025-12-16,NVDA,2025/12/16,176.26,178.49,174.9,177.72,176.29,-0.000170174,0.008283218,0.003415392
NVDA|2025-12-17,NVDA,2025/12/17,176.1,176.13,170.31,170.94,177.72,-0.009115463,-0.029301533,0.017189891
NVDA|2025-12-18,NVDA,2025/12/18,174.53,176.15,171.82,174.14,170.94,0.021001521,-0.002234573,0.013494742
NVDA|2025-12-19,NVDA,2025/12/19,176.665,181.45,176.34,180.99,174.14,0.014499828,0.024481363,0.018492442
NVDA|2025-12-22,NVDA,2025/12/22,183.92,184.16,182.35,183.69,180.99,0.01618874,-0.001250544,0.010213461
NVDA|2025-12-23,NVDA,2025/12/23,182.97,189.33,182.9,189.21,183.69,-0.003919647,0.034103951,0.015993369
NVDA|2025-12-24,NVDA,2025/12/24,187.94,188.91,186.59,188.61,189.21,-0.006712119,0.003564968,0.005453258
NVDA|2025-12-26,NVDA,2025/12/26,189.92,192.69,188,190.53,188.61,0.006945549,0.003211879,0.005452081
NVDA|2025-12-29,NVDA,2025/12/29,187.71,188.755,185.91,188.22,190.53,-0.014800819,0.002716957,0.009967274
NVDA|2025-12-30,NVDA,2025/12/30,188.24,188.99,186.93,187.54,188.22,0.000106259,-0.003718657,0.001551218
NVDA|2025-12-31,NVDA,2025/12/31,189.57,190.56,186.49,186.5,187.54,0.010824357,-0.016194546,0.012972433
NVDA|2026-01-02,NVDA,2026/1/2,189.835,192.9299,188.26,188.85,186.5,0.017882038,-0.005188717,0.012804709
NVDA|2026-01-05,NVDA,2026/1/5,191.76,193.63,186.15,188.12,188.85,0.015409055,-0.018982061,0.016838257
NVDA|2026-01-06,NVDA,2026/1/6,190.52,192.174,186.82,187.24,188.12,0.012757814,-0.01721604,0.014541105
NVDA|2026-01-07,NVDA,2026/1/7,188.57,191.37,186.56,189.11,187.24,0.007103183,0.002863658,0.005407373
NVDA|2026-01-08,NVDA,2026/1/8,189.11,189.55,183.71,185.04,189.11,0,-0.021521866,0.008608746
NVDA|2026-01-09,NVDA,2026/1/9,185.08,186.34,183.6701,184.86,185.04,0.000216169,-0.001188675,0.000605172
NVDA|2026-01-12,NVDA,2026/1/12,183.22,187.12,183.02,184.94,184.86,-0.008871578,0.009387621,0.009077996
NVDA|2026-01-13,NVDA,2026/1/13,184.995,188.1099,183.4,185.81,184.94,0.000297394,0.004405524,0.001940646
NVDA|2026-01-14,NVDA,2026/1/14,184.32,184.46,180.8,183.14,185.81,-0.008018944,-0.00640191,0.00737213
NVDA|2026-01-15,NVDA,2026/1/15,186.5,189.7,186.33,187.05,183.14,0.01834662,0.002949062,0.012187597
NVDA|2026-01-16,NVDA,2026/1/16,189.075,190.44,186.08,186.23,187.05,0.010825982,-0.015046939,0.012514365
NVDA|2026-01-20,NVDA,2026/1/20,181.9,182.3786,177.61,178.07,186.23,-0.023250819,-0.021055525,0.022372701
NVDA|2026-01-21,NVDA,2026/1/21,179.05,185.379,178.4,183.32,178.07,0.005503454,0.023848087,0.012841307
NVDA|2026-01-22,NVDA,2026/1/22,184.75,186.17,183.93,184.84,183.32,0.007800567,0.000487145,0.004875198
NVDA|2026-01-23,NVDA,2026/1/23,187.5,189.6,186.8233,187.67,184.84,0.014390824,0.000906667,0.008997161
NVDA|2026-01-26,NVDA,2026/1/26,187.16,189.12,185.99,186.47,187.67,-0.002717536,-0.003686685,0.003105196
NVDA|2026-01-27,NVDA,2026/1/27,187.24,190,185.7,188.52,186.47,0.004129351,0.006836146,0.005212069
NVDA|2026-01-28,NVDA,2026/1/28,191.27,192.35,189.84,191.52,188.52,0.014587312,0.001307053,0.009275208
NVDA|2026-01-29,NVDA,2026/1/29,191.34,193.48,186.06,192.51,191.52,-0.00093985,0.00611477,0.003009818
NVDA|2026-01-30,NVDA,2026/1/30,191.21,194.49,189.47,191.13,192.51,-0.006752896,-0.000418388,0.004219093
NVDA|2026-02-02,NVDA,2026/2/2,187.2,190.3,184.88,185.61,191.13,-0.020561921,-0.00849359,0.015734589
NVDA|2026-02-03,NVDA,2026/2/3,186.24,186.27,176.23,180.34,185.61,0.003394214,-0.031679553,0.01470835
NVDA|2026-02-04,NVDA,2026/2/4,179.46,179.58,171.91,174.19,180.34,-0.004879672,-0.029365875,0.014674153
NVDA|2026-02-05,NVDA,2026/2/5,174.925,176.815,171.03,171.88,174.19,0.00421953,-0.01740746,0.009494702
NVDA|2026-02-06,NVDA,2026/2/6,176.69,187,174.6,185.41,171.88,0.02798464,0.049351972,0.036531573
NVDA|2026-02-09,NVDA,2026/2/9,184.26,193.66,183.95,190.04,185.41,-0.00620247,0.031368718,0.016268969
NVDA|2026-02-10,NVDA,2026/2/10,191.38,192.48,188.12,188.54,190.04,0.007051147,-0.014839586,0.010166523
NVDA|2026-02-11,NVDA,2026/2/11,192.45,193.26,188.77,190.05,188.54,0.020738305,-0.012470772,0.017431292
NVDA|2026-02-12,NVDA,2026/2/12,193.03,193.61,186.51,186.94,190.05,0.015680084,-0.0315495,0.022027851
NVDA|2026-02-13,NVDA,2026/2/13,187.475,187.5,181.59,182.81,186.94,0.002861881,-0.024883318,0.011670456
NVDA|2026-02-17,NVDA,2026/2/17,181.75,187.15,179.18,184.97,182.81,-0.00579837,0.017716644,0.010565679
NVDA|2026-02-18,NVDA,2026/2/18,188.75,190.37,186.76,187.98,184.97,0.020435746,-0.00407947,0.013893236
NVDA|2026-02-19,NVDA,2026/2/19,187.055,188.43,185.66,187.9,187.98,-0.004920736,0.004517388,0.004759397
NVDA|2026-02-20,NVDA,2026/2/20,186.57,190.33,185.9378,189.82,187.9,-0.007078233,0.017419735,0.011214834
NVDA|2026-02-23,NVDA,2026/2/23,191.4,193.95,189.575,191.55,189.82,0.008323675,0.000783699,0.005307685
NVDA|2026-02-24,NVDA,2026/2/24,191.49,193.77,187.4,192.85,191.55,-0.000313234,0.007102199,0.00302882
TSLA|2024-12-24,TSLA,2024/12/24,435.9,462.78,435.14,462.25,430.6,0.012308407,0.060449644,0.031564902
TSLA|2024-12-26,TSLA,2024/12/26,465.16,465.3299,451.02,454.13,462.25,0.006295295,-0.023712271,0.013262085
TSLA|2024-12-27,TSLA,2024/12/27,449.52,450,426.5,431.66,454.13,-0.010151278,-0.039731269,0.021983275
TSLA|2024-12-30,TSLA,2024/12/30,419.4,427,415.75,417.41,431.66,-0.028401983,-0.004744874,0.018939139
TSLA|2024-12-31,TSLA,2024/12/31,423.79,427.93,402.54,403.84,417.41,0.015284732,-0.047075202,0.02800092
TSLA|2025-01-02,TSLA,2025/1/2,390.1,392.7299,373.04,379.28,403.84,-0.034023376,-0.027736478,0.031508616
TSLA|2025-01-03,TSLA,2025/1/3,381.48,411.8799,379.45,410.44,379.28,0.005800464,0.075914858,0.033846222
TSLA|2025-01-06,TSLA,2025/1/6,423.2,426.43,401.7,411.05,410.44,0.031088588,-0.02870983,0.030137085
TSLA|2025-01-07,TSLA,2025/1/7,405.83,414.33,390,394.36,411.05,-0.012699185,-0.028263066,0.018924737
TSLA|2025-01-08,TSLA,2025/1/8,392.95,402.4999,387.4,394.94,394.36,-0.003575413,0.005064258,0.004170951
TSLA|2025-01-10,TSLA,2025/1/10,391.4,399.28,377.29,394.74,394.94,-0.008963387,0.00853347,0.00879142
TSLA|2025-01-13,TSLA,2025/1/13,383.21,403.79,380.07,403.31,394.74,-0.0292091,0.052451658,0.038506123
TSLA|2025-01-14,TSLA,2025/1/14,414.34,422.64,394.54,396.36,403.31,0.02734869,-0.043394314,0.033766939
TSLA|2025-01-15,TSLA,2025/1/15,409.9,429.8,405.661,428.22,396.36,0.034160864,0.044693828,0.038374049
TSLA|2025-01-16,TSLA,2025/1/16,423.49,424,409.13,413.82,428.22,-0.011045724,-0.022834069,0.015761062
TSLA|2025-01-17,TSLA,2025/1/17,421.5,439.74,419.75,426.5,413.82,0.018558794,0.011862396,0.015880235
TSLA|2025-01-21,TSLA,2025/1/21,432.64,433.2,406.31,424.07,426.5,0.014396249,-0.019808617,0.016561196
TSLA|2025-01-22,TSLA,2025/1/22,416.81,428,414.59,415.11,424.07,-0.017119815,-0.004078597,0.011903328
TSLA|2025-01-23,TSLA,2025/1/23,416.06,420.73,408.95,412.38,415.11,0.00228855,-0.008844878,0.004911081
TSLA|2025-01-24,TSLA,2025/1/24,414.45,418.88,405.78,406.58,412.38,0.005019642,-0.018989022,0.010607394
TSLA|2025-01-27,TSLA,2025/1/27,394.8,406.69,389,397.15,406.58,-0.028973388,0.005952381,0.019764985
TSLA|2025-01-28,TSLA,2025/1/28,396.91,400.59,386.5,398.09,397.15,-0.000604306,0.002972966,0.00155177
TSLA|2025-01-29,TSLA,2025/1/29,395.21,398.5899,384.48,389.1,398.09,-0.007234545,-0.015460135,0.010524781
TSLA|2025-01-30,TSLA,2025/1/30,410.78,412.5,384.41,400.28,389.1,0.055718324,-0.025561128,0.043655446
TSLA|2025-01-31,TSLA,2025/1/31,401.53,419.99,401.34,404.6,400.28,0.003122814,0.007645755,0.00493199
TSLA|2025-02-03,TSLA,2025/2/3,386.68,389.17,374.36,383.68,404.6,-0.044290657,-0.007758353,0.029677736
TSLA|2025-02-04,TSLA,2025/2/4,382.63,394,381.4,392.21,383.68,-0.002736656,0.025037242,0.01165689
TSLA|2025-02-05,TSLA,2025/2/5,387.51,388.39,375.53,378.17,392.21,-0.011983376,-0.024102604,0.016831067
TSLA|2025-02-06,TSLA,2025/2/6,373.03,375.4,363.18,374.32,378.17,-0.013591771,0.003458167,0.009538329
TSLA|2025-02-07,TSLA,2025/2/7,370.19,380.5459,360.34,361.62,374.32,-0.01103334,-0.023150274,0.015880114
TSLA|2025-02-10,TSLA,2025/2/10,356.21,362.7,350.51,350.73,361.62,-0.014960456,-0.015384183,0.015129947
TSLA|2025-02-11,TSLA,2025/2/11,345.8,349.37,325.1,328.5,350.73,-0.014056397,-0.050028918,0.028445405
TSLA|2025-02-12,TSLA,2025/2/12,329.94,346.4,329.12,336.51,328.5,0.004383562,0.019912711,0.010595222
TSLA|2025-02-13,TSLA,2025/2/13,345,358.69,342.85,355.94,336.51,0.025229562,0.031710145,0.027821795
TSLA|2025-02-14,TSLA,2025/2/14,360.62,362,347.5,355.84,355.94,0.013148283,-0.01325495,0.01319095
TSLA|2025-02-18,TSLA,2025/2/18,355.01,359.1,350.02,354.11,355.84,-0.002332509,-0.00253514,0.002413561
TSLA|2025-02-19,TSLA,2025/2/19,354,367.34,353.67,360.56,354.11,-0.000310638,0.018531073,0.007598812
TSLA|2025-02-20,TSLA,2025/2/20,361.51,362.3,348,354.4,360.56,0.00263479,-0.019667506,0.009447876
TSLA|2025-02-21,TSLA,2025/2/21,353.44,354.98,334.42,337.8,354.4,-0.002708804,-0.044250792,0.019325599
TSLA|2025-02-24,TSLA,2025/2/24,338.14,342.3973,324.7,330.53,337.8,0.001006513,-0.022505471,0.009606096
TSLA|2025-02-25,TSLA,2025/2/25,327.025,328.89,297.2512,302.8,330.53,-0.010604181,-0.074076905,0.035993271
TSLA|2025-02-26,TSLA,2025/2/26,303.715,309,288.04,290.8,302.8,0.003021797,-0.042523418,0.018822445
TSLA|2025-02-27,TSLA,2025/2/27,291.16,297.23,280.88,281.95,290.8,0.001237964,-0.031632092,0.013395615
TSLA|2025-02-28,TSLA,2025/2/28,279.5,293.88,273.6,292.98,281.95,-0.008689484,0.04822898,0.024505282
TSLA|2025-03-03,TSLA,2025/3/3,300.34,303.94,277.3,284.65,292.98,0.025121169,-0.052240794,0.035969019
TSLA|2025-03-04,TSLA,2025/3/4,270.93,284.35,261.8401,272.04,284.65,-0.048199543,0.004096999,0.030558526
TSLA|2025-03-05,TSLA,2025/3/5,272.92,279.55,267.71,279.1,272.04,0.003234818,0.022643998,0.01099849
TSLA|2025-03-06,TSLA,2025/3/6,272.06,272.65,260.02,263.45,279.1,-0.025223934,-0.031647431,0.027793333
TSLA|2025-03-07,TSLA,2025/3/7,259.32,266.2499,250.73,262.67,263.45,-0.015676599,0.012918402,0.01457332
TSLA|2025-03-10,TSLA,2025/3/10,252.535,253.37,220,222.15,262.67,-0.038584536,-0.120319956,0.071278704
TSLA|2025-03-11,TSLA,2025/3/11,225.305,237.0649,217.02,230.58,222.15,0.014202116,0.023412707,0.017886352
TSLA|2025-03-12,TSLA,2025/3/12,247.22,251.84,241.1,248.09,230.58,0.072165843,0.003519133,0.044707159
TSLA|2025-03-13,TSLA,2025/3/13,248.125,248.29,232.6,240.68,248.09,0.000141078,-0.030005038,0.012086662
TSLA|2025-03-14,TSLA,2025/3/14,247.31,251.58,240.73,249.98,240.68,0.02754695,0.010796167,0.020846637
TSLA|2025-03-17,TSLA,2025/3/17,245.055,245.4,232.8,238.01,249.98,-0.019701576,-0.028748648,0.023320405
TSLA|2025-03-18,TSLA,2025/3/18,228.155,230.1,222.28,225.31,238.01,-0.041405823,-0.012469593,0.029831331
TSLA|2025-03-19,TSLA,2025/3/19,231.61,241.41,229.201,235.86,225.31,0.027961475,0.018349812,0.02411681
TSLA|2025-03-20,TSLA,2025/3/20,233.345,238,230.0501,236.26,235.86,-0.010663105,0.012492233,0.011394756
TSLA|2025-03-21,TSLA,2025/3/21,234.985,249.52,234.55,248.71,236.26,-0.005396597,0.058407983,0.026601152
TSLA|2025-03-24,TSLA,2025/3/24,258.075,278.64,256.33,278.39,248.71,0.037654296,0.078717427,0.054079549
TSLA|2025-03-25,TSLA,2025/3/25,283.6,288.2,271.28,288.14,278.39,0.018714753,0.016008463,0.017632237
TSLA|2025-03-26,TSLA,2025/3/26,282.66,284.9,266.51,272.06,288.14,-0.019018533,-0.037500884,0.026411473
TSLA|2025-03-27,TSLA,2025/3/27,272.48,291.85,271.8216,273.13,272.06,0.001543777,0.002385496,0.001880465
TSLA|2025-03-28,TSLA,2025/3/28,275.575,276.1,260.57,263.55,273.13,0.008951781,-0.043636034,0.022825482
TSLA|2025-03-31,TSLA,2025/3/31,249.31,260.56,243.3601,259.16,263.55,-0.054031493,0.039509045,0.048222514
TSLA|2025-04-01,TSLA,2025/4/1,263.8,277.45,259.25,268.46,259.16,0.017903998,0.017664898,0.017808358
TSLA|2025-04-02,TSLA,2025/4/2,254.6,284.99,251.27,282.76,268.46,-0.051627803,0.11060487,0.07521863
TSLA|2025-04-03,TSLA,2025/4/3,265.29,276.3,261.51,267.28,282.76,-0.061783845,0.007501225,0.040070797
TSLA|2025-04-04,TSLA,2025/4/4,255.38,261,236,239.43,267.28,-0.044522598,-0.062455948,0.051695938
TSLA|2025-04-07,TSLA,2025/4/7,223.78,252,214.25,233.29,239.43,-0.065363572,0.042497095,0.056216981
TSLA|2025-04-08,TSLA,2025/4/8,245,250.44,217.8,221.86,233.29,0.050195036,-0.09444898,0.067896614
TSLA|2025-04-09,TSLA,2025/4/9,224.69,274.69,223.88,272.2,221.86,0.012755792,0.211446882,0.092232228
TSLA|2025-04-10,TSLA,2025/4/10,260,262.49,239.33,252.4,272.2,-0.044819985,-0.029230769,0.038584299
TSLA|2025-04-11,TSLA,2025/4/11,251.84,257.74,241.3629,252.31,252.4,-0.0022187,0.001866264,0.002077726
TSLA|2025-04-14,TSLA,2025/4/14,258.36,261.8,245.93,252.35,252.31,0.023978439,-0.023262115,0.023691909
TSLA|2025-04-15,TSLA,2025/4/15,249.91,258.75,247.54,254.11,252.35,-0.00966911,0.01680605,0.012523886
TSLA|2025-04-16,TSLA,2025/4/16,247.61,251.97,233.89,241.55,254.11,-0.025579473,-0.024473971,0.025137273
TSLA|2025-04-17,TSLA,2025/4/17,243.47,244.34,237.6833,241.37,241.55,0.007948665,-0.008625293,0.008219316
TSLA|2025-04-21,TSLA,2025/4/21,230.26,232.21,222.79,227.5,241.37,-0.046028918,-0.01198645,0.032411931
TSLA|2025-04-22,TSLA,2025/4/22,230.96,242.79,229.8501,237.97,227.5,0.015208791,0.030351576,0.021265905
TSLA|2025-04-23,TSLA,2025/4/23,254.86,259.4499,244.43,250.74,237.97,0.070975333,-0.016165738,0.049051495
TSLA|2025-04-24,TSLA,2025/4/24,250.5,259.54,249.2,259.51,250.74,-0.000957167,0.035968064,0.014961526
TSLA|2025-04-25,TSLA,2025/4/25,261.69,286.85,259.63,284.95,259.51,0.008400447,0.088883794,0.040593786
TSLA|2025-04-28,TSLA,2025/4/28,288.98,294.86,272.42,285.88,284.95,0.014142832,-0.010727386,0.012776654
TSLA|2025-04-29,TSLA,2025/4/29,285.5,293.32,279.4695,292.03,285.88,-0.001329229,0.022872154,0.009946399
TSLA|2025-04-30,TSLA,2025/4/30,279.9,284.45,270.78,282.16,292.03,-0.041536828,0.008074312,0.028151822
TSLA|2025-05-01,TSLA,2025/5/1,280.01,290.8688,279.81,280.52,282.16,-0.00761979,0.001821364,0.00530042
TSLA|2025-05-02,TSLA,2025/5/2,284.9,294.78,279.81,287.21,280.52,0.01561386,0.008108108,0.012611559
TSLA|2025-05-05,TSLA,2025/5/5,284.57,284.849,274.4,280.26,287.21,-0.009191881,-0.015145658,0.011573392
TSLA|2025-05-06,TSLA,2025/5/6,273.105,277.73,271.35,275.35,280.26,-0.025529865,0.008220282,0.018606032
TSLA|2025-05-07,TSLA,2025/5/7,276.88,277.92,271,276.22,275.35,0.005556564,-0.002383704,0.00428742
TSLA|2025-05-08,TSLA,2025/5/8,279.63,289.8,279.41,284.82,276.22,0.012345232,0.01856024,0.014831235
TSLA|2025-05-09,TSLA,2025/5/9,290.21,307.04,290,298.26,284.82,0.018924233,0.027738534,0.022449953
TSLA|2025-05-12,TSLA,2025/5/12,321.99,322.21,311.5,318.38,298.26,0.079561456,-0.011211528,0.052221485
TSLA|2025-05-13,TSLA,2025/5/13,320,337.5894,316.8,334.07,318.38,0.005088259,0.04396875,0.020640456
TSLA|2025-05-14,TSLA,2025/5/14,342.5,350,337,347.68,334.07,0.025234232,0.015124088,0.021190174
TSLA|2025-05-15,TSLA,2025/5/15,340.34,346.1393,334.7153,342.82,347.68,-0.021111367,0.007286831,0.015581552
TSLA|2025-05-16,TSLA,2025/5/16,346.24,351.62,342.33,349.98,342.82,0.009976081,0.010801756,0.010306351
TSLA|2025-05-19,TSLA,2025/5/19,336.3,343,333.37,342.09,349.98,-0.039087948,0.017216771,0.030339477
TSLA|2025-05-20,TSLA,2025/5/20,347.87,354.9899,341.63,343.82,342.09,0.016896138,-0.01164228,0.014794595
TSLA|2025-05-21,TSLA,2025/5/21,344.43,347.35,332.2,334.62,343.82,0.001774184,-0.02848184,0.012457246
TSLA|2025-05-22,TSLA,2025/5/22,331.9,347.27,331.39,341.04,334.62,-0.008128624,0.027538415,0.01589254
TSLA|2025-05-23,TSLA,2025/5/23,337.92,343.18,333.21,339.34,341.04,-0.009148487,0.004202178,0.007169963
TSLA|2025-05-27,TSLA,2025/5/27,347.35,363.79,347.32,362.89,339.34,0.023604644,0.044738736,0.032058281
TSLA|2025-05-28,TSLA,2025/5/28,364.84,365,355.91,356.9,362.89,0.005373529,-0.021762965,0.011929303
TSLA|2025-05-29,TSLA,2025/5/29,365.29,367.71,356,358.43,356.9,0.023507985,-0.0187796,0.021616631
TSLA|2025-05-30,TSLA,2025/5/30,355.52,363.68,345.29,346.46,358.43,-0.00811874,-0.025483798,0.015064763
TSLA|2025-06-02,TSLA,2025/6/2,343.5,348.02,333.33,342.69,346.46,-0.008543555,-0.002358079,0.006069364
TSLA|2025-06-03,TSLA,2025/6/3,346.595,355.4,343.04,344.27,342.69,0.011395138,-0.006708118,0.00952033
TSLA|2025-06-04,TSLA,2025/6/4,345.095,345.6,327.3308,332.05,344.27,0.002396375,-0.037801185,0.016558299
TSLA|2025-06-05,TSLA,2025/6/5,322.49,324.5499,273.21,284.7,332.05,-0.028790845,-0.117181928,0.064147278
TSLA|2025-06-06,TSLA,2025/6/6,298.83,305.5,291.14,295.14,284.7,0.049631191,-0.012348158,0.034717978
TSLA|2025-06-09,TSLA,2025/6/9,285.955,309.83,281.85,308.58,295.14,-0.031120824,0.079120841,0.050320831
TSLA|2025-06-10,TSLA,2025/6/10,314.94,327.83,310.667,326.09,308.58,0.020610539,0.035403569,0.026527751
TSLA|2025-06-11,TSLA,2025/6/11,334.395,335.5,322.5,326.43,326.09,0.025468429,-0.023819136,0.024808712
TSLA|2025-06-12,TSLA,2025/6/12,323.075,332.56,316.86,319.11,326.43,-0.010277854,-0.012272692,0.011075789
TSLA|2025-06-13,TSLA,2025/6/13,313.97,332.99,313.3,325.31,319.11,-0.016107298,0.0361181,0.024111619
TSLA|2025-06-16,TSLA,2025/6/16,331.29,332.05,326.41,329.13,325.31,0.018382466,-0.006519967,0.013637467
TSLA|2025-06-17,TSLA,2025/6/17,326.09,327.26,314.74,316.35,329.13,-0.009236472,-0.029869055,0.017489505
TSLA|2025-06-18,TSLA,2025/6/18,317.31,329.32,315.45,322.05,316.35,0.003034614,0.014938073,0.007795997
TSLA|2025-06-20,TSLA,2025/6/20,327.95,332.36,317.78,322.16,322.05,0.018320137,-0.01765513,0.018054134
TSLA|2025-06-23,TSLA,2025/6/23,327.54,357.54,327.48,348.68,322.16,0.016699777,0.064541735,0.03583656
TSLA|2025-06-24,TSLA,2025/6/24,356.17,356.26,340.44,340.47,348.68,0.021481014,-0.044080074,0.030520638
TSLA|2025-06-25,TSLA,2025/6/25,342.7,343,320.4,327.55,340.47,0.006549769,-0.044207762,0.021612966
TSLA|2025-06-26,TSLA,2025/6/26,324.61,331.05,323.61,325.78,327.55,-0.008975729,0.003604325,0.006827167
TSLA|2025-06-27,TSLA,2025/6/27,324.51,329.3393,317.495,323.63,325.78,-0.003898336,-0.002711781,0.003423714
TSLA|2025-06-30,TSLA,2025/6/30,319.9,325.5799,316.6,317.66,323.63,-0.011525508,-0.007002188,0.00971618
TSLA|2025-07-01,TSLA,2025/7/1,298.46,305.89,293.21,300.71,317.66,-0.060441982,0.007538699,0.039280669
TSLA|2025-07-02,TSLA,2025/7/2,312.63,316.832,303.82,315.65,300.71,0.03963952,0.009659981,0.027647704
TSLA|2025-07-03,TSLA,2025/7/3,317.99,318.45,312.76,315.35,315.65,0.007413274,-0.008302148,0.007768824
TSLA|2025-07-07,TSLA,2025/7/7,291.37,296.15,288.7701,293.94,315.35,-0.076042492,0.0088204,0.049153656
TSLA|2025-07-08,TSLA,2025/7/8,297,304.0499,294.35,297.81,293.94,0.010410288,0.002727273,0.007337082
TSLA|2025-07-09,TSLA,2025/7/9,297.55,300.15,293.55,295.88,297.81,-0.00087304,-0.005612502,0.002768825
TSLA|2025-07-10,TSLA,2025/7/10,300.05,310.48,300,309.87,295.88,0.014093551,0.032727879,0.021547282
TSLA|2025-07-11,TSLA,2025/7/11,307.89,314.09,305.65,313.51,309.87,-0.006389776,0.018253272,0.011135175
TSLA|2025-07-14,TSLA,2025/7/14,317.73,322.5986,312.67,316.9,313.51,0.013460496,-0.002612281,0.00912121
TSLA|2025-07-15,TSLA,2025/7/15,319.675,321.2,310.5,310.78,316.9,0.008756706,-0.027825135,0.016384077
TSLA|2025-07-16,TSLA,2025/7/16,312.8,323.5,312.62,321.67,310.78,0.006499775,0.028356777,0.015242576
TSLA|2025-07-17,TSLA,2025/7/17,323.15,324.34,317.0601,319.41,321.67,0.004600989,-0.011573573,0.007390022
TSLA|2025-07-18,TSLA,2025/7/18,321.66,330.9,321.42,329.65,319.41,0.007044238,0.024839893,0.0141625
TSLA|2025-07-21,TSLA,2025/7/21,334.4,338,326.88,328.49,329.65,0.014409222,-0.017673445,0.015714911
TSLA|2025-07-22,TSLA,2025/7/22,329.74,335.4098,321.55,332.11,328.49,0.003805291,0.007187481,0.005158167
TSLA|2025-07-23,TSLA,2025/7/23,330.9,336.2,328.67,332.56,332.11,-0.003643371,0.005016621,0.004192671
TSLA|2025-07-24,TSLA,2025/7/24,310,310.15,300.41,305.3,332.56,-0.067837383,-0.01516129,0.046766946
TSLA|2025-07-25,TSLA,2025/7/25,308.74,323.63,308.01,316.06,305.3,0.011267606,0.02370927,0.016244271
TSLA|2025-07-28,TSLA,2025/7/28,318.45,330.49,315.69,325.59,316.06,0.007561855,0.022421102,0.013505554
TSLA|2025-07-29,TSLA,2025/7/29,325.55,326.25,318.25,321.2,325.59,-0.000122854,-0.013362003,0.005418513
TSLA|2025-07-30,TSLA,2025/7/30,322.18,324.4499,311.6164,319.04,321.2,0.003051059,-0.009746105,0.005729077
TSLA|2025-07-31,TSLA,2025/7/31,319.605,321.37,306.1,308.27,319.04,0.001770938,-0.035465653,0.015248824
TSLA|2025-08-01,TSLA,2025/8/1,306.205,309.31,297.82,302.63,308.27,-0.006698673,-0.011675185,0.008689278
TSLA|2025-08-04,TSLA,2025/8/4,309.08,312.1186,303.0001,309.26,302.63,0.021313155,0.000582373,0.013020842
TSLA|2025-08-05,TSLA,2025/8/5,308.95,312.4499,305.5,308.72,309.26,-0.001002393,-0.000744457,0.000899218
TSLA|2025-08-06,TSLA,2025/8/6,307.89,320.47,306.9345,319.91,308.72,-0.00268852,0.039039917,0.017229079
TSLA|2025-08-07,TSLA,2025/8/7,319.79,322.4,316.16,322.27,319.91,-0.000375105,0.007755089,0.003327099
TSLA|2025-08-08,TSLA,2025/8/8,321.43,335.15,320.98,329.65,322.27,-0.00260651,0.02557322,0.011793194
TSLA|2025-08-11,TSLA,2025/8/11,335,346.64,334.15,339.03,329.65,0.016229334,0.012029851,0.014549541
TSLA|2025-08-12,TSLA,2025/8/12,345,345.26,332.94,340.84,339.03,0.017609061,-0.012057971,0.015388625
TSLA|2025-08-13,TSLA,2025/8/13,341.5,348.98,338.2,339.38,340.84,0.001936392,-0.006207906,0.003644998
TSLA|2025-08-14,TSLA,2025/8/14,335.76,340.4699,330.4,335.58,339.38,-0.01066651,-0.000536097,0.006614345
TSLA|2025-08-15,TSLA,2025/8/15,337.655,339.3,327.02,330.56,335.58,0.006183324,-0.021012572,0.012115023
TSLA|2025-08-18,TSLA,2025/8/18,329.62,336.27,329.59,335.16,330.56,-0.002843659,0.016807233,0.008429089
TSLA|2025-08-19,TSLA,2025/8/19,335.79,340.55,327.85,329.31,335.16,0.001879699,-0.019297775,0.00884693
TSLA|2025-08-20,TSLA,2025/8/20,329.22,331.37,314.6,323.9,329.31,-0.000273299,-0.016159407,0.006627742
TSLA|2025-08-21,TSLA,2025/8/21,322.08,324.9,318.68,320.11,323.9,-0.005619018,-0.006116493,0.005818008
TSLA|2025-08-22,TSLA,2025/8/22,321.66,340.25,319.69,340.01,320.11,0.004842086,0.057047814,0.025724377
TSLA|2025-08-25,TSLA,2025/8/25,338.9,349.53,335.03,346.6,340.01,-0.00326461,0.022720567,0.011046993
TSLA|2025-08-26,TSLA,2025/8/26,344.93,351.9,343.72,351.67,346.6,-0.004818234,0.019540197,0.010707019
TSLA|2025-08-27,TSLA,2025/8/27,351.94,355.39,349.156,349.6,351.67,0.000767765,-0.006648861,0.003120203
TSLA|2025-08-28,TSLA,2025/8/28,350.91,353.55,340.26,345.98,349.6,0.00374714,-0.014049186,0.007867958
TSLA|2025-08-29,TSLA,2025/8/29,347.23,348.7499,331.7,333.87,345.98,0.003612926,-0.038475938,0.017558131
TSLA|2025-09-02,TSLA,2025/9/2,328.23,333.33,325.6,329.36,333.87,-0.016892803,0.003442708,0.011512765
TSLA|2025-09-03,TSLA,2025/9/3,335.2,343.33,328.51,334.09,329.36,0.017731358,-0.003311456,0.011963397
TSLA|2025-09-04,TSLA,2025/9/4,336.15,338.89,331.48,338.53,334.09,0.006166003,0.007080173,0.006531671
TSLA|2025-09-05,TSLA,2025/9/5,348,355.87,344.6801,350.84,338.53,0.027973887,0.00816092,0.0200487
TSLA|2025-09-08,TSLA,2025/9/8,354.64,358.44,344.84,346.4,350.84,0.010831148,-0.02323483,0.015792621
TSLA|2025-09-09,TSLA,2025/9/9,348.44,350.77,343.82,346.97,346.4,0.005889145,-0.004218804,0.005221009
TSLA|2025-09-10,TSLA,2025/9/10,350.55,356.33,346.07,347.79,346.97,0.010317895,-0.007873342,0.009340074
TSLA|2025-09-11,TSLA,2025/9/11,350.17,368.99,347.6,368.81,347.79,0.00684321,0.053231288,0.025398441
TSLA|2025-09-12,TSLA,2025/9/12,370.94,396.6899,370.24,395.94,368.81,0.005775331,0.067396344,0.030423737
TSLA|2025-09-15,TSLA,2025/9/15,423.13,425.7,402.43,410.04,395.94,0.068672021,-0.030936119,0.05357766
TSLA|2025-09-16,TSLA,2025/9/16,414.495,423.25,411.43,421.62,410.04,0.010864794,0.017189592,0.013394713
TSLA|2025-09-17,TSLA,2025/9/17,415.75,428.3121,409.67,425.86,421.62,-0.013922489,0.024317498,0.018080493
TSLA|2025-09-18,TSLA,2025/9/18,428.865,432.2199,416.56,416.85,425.86,0.00705631,-0.028015809,0.015440109
TSLA|2025-09-19,TSLA,2025/9/19,421.82,429.47,421.72,426.07,416.85,0.011922754,0.010075388,0.011183807
TSLA|2025-09-22,TSLA,2025/9/22,431.11,444.98,429.13,434.21,426.07,0.011829042,0.00719074,0.009973721
TSLA|2025-09-23,TSLA,2025/9/23,439.88,440.97,423.72,425.85,434.21,0.013058198,-0.031895062,0.020592944
TSLA|2025-09-24,TSLA,2025/9/24,429.83,444.21,429.0301,442.79,425.85,0.009346014,0.030151455,0.01766819
TSLA|2025-09-25,TSLA,2025/9/25,435.24,435.35,419.08,423.39,442.79,-0.017050972,-0.027226358,0.021121126
TSLA|2025-09-26,TSLA,2025/9/26,428.3,440.47,421.02,440.4,423.39,0.011596873,0.028251226,0.018258614
TSLA|2025-09-29,TSLA,2025/9/29,444.35,450.98,439.5,443.21,440.4,0.008969119,-0.002565545,0.006407689
TSLA|2025-09-30,TSLA,2025/9/30,441.52,445,433.12,444.72,443.21,-0.003813091,0.00724769,0.00518693
TSLA|2025-10-01,TSLA,2025/10/1,443.8,462.29,440.75,459.46,444.72,-0.002068717,0.035286165,0.015355696
TSLA|2025-10-02,TSLA,2025/10/2,470.54,470.75,435.57,436,459.46,0.024115266,-0.073405024,0.043831169
TSLA|2025-10-03,TSLA,2025/10/3,443.285,446.77,416.575,429.83,436,0.016708716,-0.030352933,0.022166403
TSLA|2025-10-06,TSLA,2025/10/6,440.75,453.55,436.69,453.25,429.83,0.025405393,0.028360749,0.026587535
TSLA|2025-10-07,TSLA,2025/10/7,447.82,452.68,432.4501,433.09,453.25,-0.011980143,-0.03289268,0.020345158
TSLA|2025-10-08,TSLA,2025/10/8,437.57,441.33,425.23,438.69,433.09,0.01034427,0.00255959,0.007230398
TSLA|2025-10-09,TSLA,2025/10/9,431.81,436.35,426.18,435.54,438.69,-0.015683056,0.008638058,0.012865057
TSLA|2025-10-10,TSLA,2025/10/10,436.54,443.13,411.45,413.49,435.54,0.002296,-0.052801576,0.022498231
TSLA|2025-10-13,TSLA,2025/10/13,423.53,436.89,419.7,435.9,413.49,0.024281119,0.029206904,0.026251433
TSLA|2025-10-14,TSLA,2025/10/14,426.79,434.2,417.86,429.24,435.9,-0.020899289,0.005740528,0.014835785
TSLA|2025-10-15,TSLA,2025/10/15,434.9,440.51,426.3301,435.15,429.24,0.013186096,0.000574845,0.008141596
TSLA|2025-10-16,TSLA,2025/10/16,434.73,439.35,421.3101,428.75,435.15,-0.000965184,-0.013755664,0.006081376
TSLA|2025-10-17,TSLA,2025/10/17,425.5,441.4558,423.6,439.31,428.75,-0.007580175,0.032455934,0.017530479
TSLA|2025-10-20,TSLA,2025/10/20,443.865,449.8,440.61,447.43,439.31,0.010368532,0.008031721,0.009433808
TSLA|2025-10-21,TSLA,2025/10/21,445.755,449.3,442.05,442.6,447.43,-0.003743602,-0.007077879,0.005077313
TSLA|2025-10-22,TSLA,2025/10/22,443.45,445.539,429,438.97,442.6,0.00192047,-0.010102605,0.005193324
TSLA|2025-10-23,TSLA,2025/10/23,420,449.3999,413.9,448.98,438.97,-0.043214798,0.069,0.053528879
TSLA|2025-10-24,TSLA,2025/10/24,446.83,451.68,430.17,433.72,448.98,-0.004788632,-0.029340017,0.014609186
TSLA|2025-10-27,TSLA,2025/10/27,439.98,460.16,438.69,452.42,433.72,0.014433275,0.028274012,0.01996957
TSLA|2025-10-28,TSLA,2025/10/28,454.775,467,451.6,460.55,452.42,0.00520534,0.012698587,0.008202639
TSLA|2025-10-29,TSLA,2025/10/29,462.5,465.7,452.65,461.51,460.55,0.004234068,-0.002140541,0.003396657
TSLA|2025-10-30,TSLA,2025/10/30,451.05,455.0607,439.61,440.1,461.51,-0.022664731,-0.024276688,0.023309514
TSLA|2025-10-31,TSLA,2025/10/31,446.75,458,443.6855,456.56,440.1,0.015110202,0.02195859,0.017849557
TSLA|2025-11-03,TSLA,2025/11/3,455.99,474.07,453.8,468.37,456.56,-0.001248467,0.027149718,0.011608967
TSLA|2025-11-04,TSLA,2025/11/4,454.46,460.22,443.6,444.26,468.37,-0.029698742,-0.02244422,0.026796933
TSLA|2025-11-05,TSLA,2025/11/5,452.05,466.3299,440.71,462.07,444.26,0.017534777,0.02216569,0.019387142
TSLA|2025-11-06,TSLA,2025/11/6,461.96,467.45,435.09,445.91,462.07,-0.000238059,-0.034743268,0.014040143
TSLA|2025-11-07,TSLA,2025/11/7,437.92,439.36,421.88,429.52,445.91,-0.017918414,-0.019181586,0.018423683
TSLA|2025-11-10,TSLA,2025/11/10,439.6,449.6715,433.36,445.23,429.52,0.023468057,0.012807097,0.019203673
TSLA|2025-11-11,TSLA,2025/11/11,439.4,442.49,432.36,439.62,445.23,-0.013094356,0.000500683,0.008056887
TSLA|2025-11-12,TSLA,2025/11/12,442.15,442.329,426.56,430.6,439.62,0.00575497,-0.026122357,0.013901925
TSLA|2025-11-13,TSLA,2025/11/13,423.13,424.5,396.34,401.99,430.6,-0.017347887,-0.049961005,0.030393134
TSLA|2025-11-14,TSLA,2025/11/14,386.3,412.19,382.78,404.35,401.99,-0.039030822,0.046725343,0.04210863
TSLA|2025-11-17,TSLA,2025/11/17,398.74,423.96,398.74,408.92,404.35,-0.013874119,0.025530421,0.01853664
TSLA|2025-11-18,TSLA,2025/11/18,405.38,408.9,393.71,401.25,408.92,-0.00865695,-0.010187972,0.009269359
TSLA|2025-11-19,TSLA,2025/11/19,406.18,411.78,398.5,403.99,401.25,0.012286604,-0.005391698,0.009528642
TSLA|2025-11-20,TSLA,2025/11/20,414.63,428.94,394.74,395.23,403.99,0.026337286,-0.046788703,0.034517853
TSLA|2025-11-21,TSLA,2025/11/21,402.32,402.8,383.76,391.09,395.23,0.017938922,-0.027913104,0.021928595
TSLA|2025-11-24,TSLA,2025/11/24,402.17,421.72,401.09,417.78,391.09,0.028331075,0.038814432,0.032524417
TSLA|2025-11-25,TSLA,2025/11/25,414.42,420.48,405.95,419.4,417.78,-0.00804251,0.012016795,0.009632224
TSLA|2025-11-26,TSLA,2025/11/26,423.95,426.94,416.89,426.58,419.4,0.010848832,0.006203562,0.008990724
TSLA|2025-11-28,TSLA,2025/11/28,426.59,432.93,426.2,430.17,426.58,2.34E-05,0.008392133,0.003370919
TSLA|2025-12-01,TSLA,2025/12/1,425.32,433.6599,425.29,430.14,430.17,-0.011274612,0.011332644,0.011297825
TSLA|2025-12-02,TSLA,2025/12/2,430.81,436.8,422.12,429.24,430.14,0.001557632,-0.003644298,0.002392299
TSLA|2025-12-03,TSLA,2025/12/3,432.1,447.92,431.11,446.74,429.24,0.006662939,0.033881046,0.017550182
TSLA|2025-12-04,TSLA,2025/12/4,449.94,454.63,445.39,454.53,446.74,0.007163003,0.01020136,0.008378346
TSLA|2025-12-05,TSLA,2025/12/5,453.03,458.87,451.66,455,454.53,-0.003300112,0.004348498,0.003719466
TSLA|2025-12-08,TSLA,2025/12/8,447.445,449.7463,435.25,439.58,455,-0.016604396,-0.017577579,0.016993669
TSLA|2025-12-09,TSLA,2025/12/9,437.54,452.39,435.7,445.17,439.58,-0.004640793,0.017438406,0.009759838
TSLA|2025-12-10,TSLA,2025/12/10,446.065,456.88,443.61,451.45,445.17,0.002010468,0.012072232,0.006035173
TSLA|2025-12-11,TSLA,2025/12/11,448.945,449.2699,440.33,446.89,451.45,-0.005548787,-0.004577398,0.005160232
TSLA|2025-12-12,TSLA,2025/12/12,448.09,463.01,441.67,458.96,446.89,0.002685225,0.024258519,0.011314543
TSLA|2025-12-15,TSLA,2025/12/15,469.44,481.7694,467.66,475.31,458.96,0.022834234,0.01250426,0.018702245
TSLA|2025-12-16,TSLA,2025/12/16,472.21,491.5,465.83,489.88,475.31,-0.006522059,0.037419792,0.018881152
TSLA|2025-12-17,TSLA,2025/12/17,488.22,495.2799,466.2,467.26,489.88,-0.003388585,-0.042931465,0.019205737
TSLA|2025-12-18,TSLA,2025/12/18,478.16,490.86,473.12,483.37,467.26,0.023327484,0.010895934,0.018354864
TSLA|2025-12-19,TSLA,2025/12/19,488.12,490.49,474.72,481.2,483.37,0.009826841,-0.014176842,0.011566841
TSLA|2025-12-22,TSLA,2025/12/22,489.88,498.83,485.33,488.73,481.2,0.018038238,-0.002347514,0.011761948
TSLA|2025-12-23,TSLA,2025/12/23,489.395,491.97,482.84,485.56,488.73,0.001360669,-0.007836206,0.003950884
TSLA|2025-12-24,TSLA,2025/12/24,488.48,490.9,476.8,485.4,485.56,0.006013675,-0.006305274,0.006130314
TSLA|2025-12-26,TSLA,2025/12/26,485.23,489.09,473.82,475.19,485.4,-0.000350227,-0.020691219,0.008486623
TSLA|2025-12-29,TSLA,2025/12/29,469,469.4,459,459.64,475.19,-0.013026368,-0.019957356,0.015798763
TSLA|2025-12-30,TSLA,2025/12/30,461.09,463.12,453.83,454.43,459.64,0.003154643,-0.014444035,0.0076704
TSLA|2025-12-31,TSLA,2025/12/31,456.1,456.55,449.3,449.72,454.43,0.003674933,-0.01398816,0.007800224
TSLA|2026-01-02,TSLA,2026/1/2,457.8,458.34,435.3,438.07,449.72,0.017966735,-0.043097422,0.02801901
TSLA|2026-01-05,TSLA,2026/1/5,447.99,457.5499,444.57,451.67,438.07,0.022644783,0.008214469,0.016872657
TSLA|2026-01-06,TSLA,2026/1/6,446.38,448.25,428.78,432.96,451.67,-0.011712091,-0.030064071,0.019052883
TSLA|2026-01-07,TSLA,2026/1/7,435.9,438.37,431.29,431.41,432.96,0.006790466,-0.010300528,0.00819449
TSLA|2026-01-08,TSLA,2026/1/8,427.89,436.89,424.365,435.8,431.41,-0.008159292,0.01848606,0.012289999
TSLA|2026-01-09,TSLA,2026/1/9,435.945,449.05,430.39,445.01,435.8,0.000332721,0.020793907,0.008517196
TSLA|2026-01-12,TSLA,2026/1/12,441.225,454.3,438,448.96,445.01,-0.008505427,0.017530738,0.012115551
TSLA|2026-01-13,TSLA,2026/1/13,450.2,451.81,443.95,447.2,448.96,0.002761939,-0.006663705,0.004322645
TSLA|2026-01-14,TSLA,2026/1/14,442.81,443.91,434.22,439.2,447.2,-0.009816637,-0.008152481,0.009150974
TSLA|2026-01-15,TSLA,2026/1/15,441.125,445.36,437.65,438.57,439.2,0.004382969,-0.005792009,0.004946585
TSLA|2026-01-16,TSLA,2026/1/16,439.5,447.25,435.2601,437.5,438.57,0.002120528,-0.004550626,0.003092567
TSLA|2026-01-20,TSLA,2026/1/20,429.36,430.725,417.44,419.25,437.5,-0.018605714,-0.023546674,0.020582098
TSLA|2026-01-21,TSLA,2026/1/21,421.66,438.2,419.6201,431.44,419.25,0.00574836,0.023194043,0.012726633
TSLA|2026-01-22,TSLA,2026/1/22,435.16,449.5,432.6293,449.36,431.44,0.008622288,0.032631676,0.018226043
TSLA|2026-01-23,TSLA,2026/1/23,447.425,452.43,444.04,449.06,449.36,-0.004306124,0.003654244,0.004045372
TSLA|2026-01-26,TSLA,2026/1/26,445,445.04,434.28,435.2,449.06,-0.009041108,-0.022022472,0.014233654
TSLA|2026-01-27,TSLA,2026/1/27,437.41,437.52,430.69,430.9,435.2,0.005078125,-0.014883062,0.0090001
TSLA|2026-01-28,TSLA,2026/1/28,431.91,438.26,430.1,431.46,430.9,0.002343931,-0.001041884,0.001823112
TSLA|2026-01-29,TSLA,2026/1/29,437.8,440.2299,414.62,416.56,431.46,0.014694294,-0.048515304,0.028222698
TSLA|2026-01-30,TSLA,2026/1/30,425.35,439.88,422.7,430.41,416.56,0.021101402,0.011896086,0.017419275
TSLA|2026-02-02,TSLA,2026/2/2,421.29,427.15,414.5,421.81,430.41,-0.021189099,0.001234304,0.013207181
TSLA|2026-02-03,TSLA,2026/2/3,424.27,428.56,413.6901,421.96,421.81,0.00583201,-0.005444646,0.005677064
TSLA|2026-02-04,TSLA,2026/2/4,420.46,423.9,399.18,406.01,421.96,-0.003554839,-0.034367122,0.015879752
TSLA|2026-02-05,TSLA,2026/2/5,397.015,402.1,387.5309,397.21,406.01,-0.022154627,0.000491165,0.013489242
TSLA|2026-02-06,TSLA,2026/2/6,400.87,414.55,397.751,411.11,397.21,0.00921427,0.025544441,0.015746338
TSLA|2026-02-09,TSLA,2026/2/9,409.905,421.25,407.29,417.32,411.11,-0.002931089,0.018089557,0.008994476
TSLA|2026-02-10,TSLA,2026/2/10,418.08,427.25,417,425.21,417.32,0.001821144,0.017054152,0.007914348
TSLA|2026-02-11,TSLA,2026/2/11,427.955,436.35,420.03,428.27,425.21,0.006455634,0.000736059,0.004167804
TSLA|2026-02-12,TSLA,2026/2/12,430.3,436.23,414,417.07,428.27,0.00474,-0.030745991,0.015142397
TSLA|2026-02-13,TSLA,2026/2/13,414.305,424.06,410.88,417.44,417.07,-0.006629583,0.007566889,0.007004505
TSLA|2026-02-17,TSLA,2026/2/17,412.36,413.72,400.51,410.63,417.44,-0.012169414,-0.004195363,0.008979793
TSLA|2026-02-18,TSLA,2026/2/18,411.11,416.9,409.58,411.32,410.63,0.001168936,0.000510812,0.000905686
TSLA|2026-02-19,TSLA,2026/2/19,407.25,415.2499,404.11,411.71,411.32,-0.009894972,0.010951504,0.010317585
TSLA|2026-02-20,TSLA,2026/2/20,408.3,414.7,405.5,411.82,411.71,-0.008282529,0.008621112,0.008417962
TSLA|2026-02-23,TSLA,2026/2/23,407.285,407.7,394.04,399.83,411.82,-0.011012093,-0.018304136,0.01392891
TSLA|2026-02-24,TSLA,2026/2/24,399.5,410.82,397.64,409.38,399.83,-0.000825351,0.024730914,0.010387576
