date,daily_pnl,cumulative_pnl
2000-01-01,0.0,0.0
2000-01-02,0.0,0.0
2000-01-03,0.0,0.0
2000-01-04,0.0,0.0
2000-01-05,0.0,0.0
2000-01-06,0.0,0.0
2000-01-07,-500.0,-500.0
2000-01-08,0.0,-500.0
2000-01-09,0.0,-500.0
2000-01-10,0.0,-500.0
2000-01-11,0.0,-500.0
2000-01-12,0.0,-500.0
2000-01-13,0.0,-500.0
2000-01-14,-499.75,-999.75
2000-01-15,0.0,-999.75
2000-01-16,0.0,-999.75
2000-01-17,0.0,-999.75
2000-01-18,0.0,-999.75
2000-01-19,0.0,-999.75
2000-01-20,0.0,-999.75
2000-01-21,-499.5001250000001,-1499.2501250000205
2000-01-22,0.0,-1499.2501250000205
2000-01-23,0.0,-1499.2501250000205
2000-01-24,0.0,-1499.2501250000205
2000-01-25,0.0,-1499.2501250000205
2000-01-26,0.0,-1499.2501250000205
2000-01-27,0.0,-1499.2501250000205
2000-01-28,-499.25037493750006,-1998.500499937567
2000-01-29,0.0,-1998.500499937567
2000-01-30,0.0,-1998.500499937567
2000-01-31,0.0,-1998.500499937567
2000-02-01,0.0,-1998.500499937567
2000-02-02,0.0,-1998.500499937567
2000-02-03,0.0,-1998.500499937567
2000-02-04,-499.0007497500313,-2497.5012496876298
2000-02-05,0.0,-2497.5012496876298
2000-02-06,0.0,-2497.5012496876298
2000-02-07,0.0,-2497.5012496876298
2000-02-08,0.0,-2497.5012496876298
2000-02-09,0.0,-2497.5012496876298
2000-02-10,0.0,-2497.5012496876298
2000-02-11,-498.7512493751562,-2996.252499062801
2000-02-12,0.0,-2996.252499062801
2000-02-13,0.0,-2996.252499062801
2000-02-14,0.0,-2996.252499062801
2000-02-15,0.0,-2996.252499062801
2000-02-16,0.0,-2996.252499062801
2000-02-17,0.0,-2996.252499062801
2000-02-18,-598.2022485005624,-3594.4547475633444
2000-02-19,0.0,-3594.4547475633444
2000-02-20,0.0,-3594.4547475633444
2000-02-21,0.0,-3594.4547475633444
2000-02-22,0.0,-3594.4547475633444
2000-02-23,0.0,-3594.4547475633444
2000-02-24,0.0,-3594.4547475633444
2000-02-25,-597.8433271514621,-4192.2980747148395
2000-02-26,0.0,-4192.2980747148395
2000-02-27,0.0,-4192.2980747148395
2000-02-28,0.0,-4192.2980747148395
2000-02-29,0.0,-4192.2980747148395
2000-03-01,0.0,-4192.2980747148395
2000-03-02,0.0,-4192.2980747148395
2000-03-03,-597.4846211551711,-4789.782695870032
2000-03-04,0.0,-4789.782695870032
2000-03-05,0.0,-4789.782695870032
2000-03-06,0.0,-4789.782695870032
2000-03-07,0.0,-4789.782695870032
2000-03-08,0.0,-4789.782695870032
2000-03-09,0.0,-4789.782695870032
2000-03-10,-597.126130382478,-5386.908826252562
2000-03-11,0.0,-5386.908826252562
2000-03-12,0.0,-5386.908826252562
2000-03-13,0.0,-5386.908826252562
2000-03-14,0.0,-5386.908826252562
2000-03-15,0.0,-5386.908826252562
2000-03-16,0.0,-5386.908826252562
2000-03-17,-497.30654558687377,-5884.215371839469
2000-03-18,0.0,-5884.215371839469
2000-03-19,0.0,-5884.215371839469
2000-03-20,0.0,-5884.215371839469
2000-03-21,0.0,-5884.215371839469
2000-03-22,0.0,-5884.215371839469
2000-03-23,0.0,-5884.215371839469
2000-03-24,-497.05789231408033,-6381.273264153511
2000-03-25,0.0,-6381.273264153511
2000-03-26,0.0,-6381.273264153511
2000-03-27,0.0,-6381.273264153511
2000-03-28,0.0,-6381.273264153511
2000-03-29,0.0,-6381.273264153511
2000-03-30,0.0,-6381.273264153511
2000-03-31,-496.8093633679233,-6878.082627521479
2000-04-01,0.0,-6878.082627521479
2000-04-02,0.0,-6878.082627521479
2000-04-03,0.0,-6878.082627521479
2000-04-04,0.0,-6878.082627521479
2000-04-05,0.0,-6878.082627521479
2000-04-06,0.0,-6878.082627521479
2000-04-07,-496.5609586862393,-7374.643586207763
2000-04-08,0.0,-7374.643586207763
2000-04-09,0.0,-7374.643586207763
2000-04-10,0.0,-7374.643586207763
2000-04-11,0.0,-7374.643586207763
2000-04-12,0.0,-7374.643586207763
2000-04-13,0.0,-7374.643586207763
2000-04-14,-496.3126782068962,-7870.956264414708
2000-04-15,0.0,-7870.956264414708
2000-04-16,0.0,-7870.956264414708
2000-04-17,0.0,-7870.956264414708
2000-04-18,0.0,-7870.956264414708
2000-04-19,0.0,-7870.956264414708
2000-04-20,0.0,-7870.956264414708
2000-04-21,-496.0645218677927,-8367.02078628249
2000-04-22,0.0,-8367.02078628249
2000-04-23,0.0,-8367.02078628249
2000-04-24,0.0,-8367.02078628249
2000-04-25,0.0,-8367.02078628249
2000-04-26,0.0,-8367.02078628249
2000-04-27,0.0,-8367.02078628249
2000-04-28,-495.81648960685885,-8862.837275889353
2000-04-29,0.0,-8862.837275889353
2000-04-30,0.0,-8862.837275889353
2000-05-01,0.0,-8862.837275889353
2000-05-02,0.0,-8862.837275889353
2000-05-03,0.0,-8862.837275889353
2000-05-04,0.0,-8862.837275889353
2000-05-05,-495.56858136205534,-9358.405857251375
2000-05-06,0.0,-9358.405857251375
2000-05-07,0.0,-9358.405857251375
2000-05-08,0.0,-9358.405857251375
2000-05-09,0.0,-9358.405857251375
2000-05-10,0.0,-9358.405857251375
2000-05-11,0.0,-9358.405857251375
2000-05-12,-495.32079707137433,-9853.726654322702
2000-05-13,0.0,-9853.726654322702
2000-05-14,0.0,-9853.726654322702
2000-05-15,0.0,-9853.726654322702
2000-05-16,0.0,-9853.726654322702
2000-05-17,0.0,-9853.726654322702
2000-05-18,0.0,-9853.726654322702
2000-05-19,-495.0731366728387,-10348.799790995545
2000-05-20,0.0,-10348.799790995545
2000-05-21,0.0,-10348.799790995545
2000-05-22,0.0,-10348.799790995545
2000-05-23,0.0,-10348.799790995545
2000-05-24,0.0,-10348.799790995545
2000-05-25,0.0,-10348.799790995545
2000-05-26,-494.82560010450226,-10843.625391100068
2000-05-27,0.0,-10843.625391100068
2000-05-28,0.0,-10843.625391100068
2000-05-29,0.0,-10843.625391100068
2000-05-30,0.0,-10843.625391100068
2000-05-31,0.0,-10843.625391100068
2000-06-01,0.0,-10843.625391100068
2000-06-02,-494.57818730444995,-11338.2035784045
2000-06-03,0.0,-11338.2035784045
2000-06-04,0.0,-11338.2035784045
2000-06-05,0.0,-11338.2035784045
2000-06-06,0.0,-11338.2035784045
2000-06-07,0.0,-11338.2035784045
2000-06-08,0.0,-11338.2035784045
2000-06-09,-494.3308982107978,-11832.534476615256
2000-06-10,0.0,-11832.534476615256
2000-06-11,0.0,-11832.534476615256
2000-06-12,0.0,-11832.534476615256
2000-06-13,0.0,-11832.534476615256
2000-06-14,0.0,-11832.534476615256
2000-06-15,0.0,-11832.534476615256
2000-06-16,-494.0837327616924,-12326.618209376931
2000-06-17,0.0,-12326.618209376931
2000-06-18,0.0,-12326.618209376931
2000-06-19,0.0,-12326.618209376931
2000-06-20,0.0,-12326.618209376931
2000-06-21,0.0,-12326.618209376931
2000-06-22,0.0,-12326.618209376931
2000-06-23,-493.83669089531156,-12820.45490027219
2000-06-24,0.0,-12820.45490027219
2000-06-25,0.0,-12820.45490027219
2000-06-26,0.0,-12820.45490027219
2000-06-27,0.0,-12820.45490027219
2000-06-28,0.0,-12820.45490027219
2000-06-29,0.0,-12820.45490027219
2000-06-30,-493.58977254986394,-13314.044672821998
2000-07-01,0.0,-13314.044672821998
2000-07-02,0.0,-13314.044672821998
2000-07-03,0.0,-13314.044672821998
2000-07-04,0.0,-13314.044672821998
2000-07-05,0.0,-13314.044672821998
2000-07-06,0.0,-13314.044672821998
2000-07-07,-493.34297766358907,-13807.387650485616
2000-07-08,0.0,-13807.387650485616
2000-07-09,0.0,-13807.387650485616
2000-07-10,0.0,-13807.387650485616
2000-07-11,0.0,-13807.387650485616
2000-07-12,0.0,-13807.387650485616
2000-07-13,0.0,-13807.387650485616
2000-07-14,-493.0963061747572,-14300.483956660377
2000-07-15,0.0,-14300.483956660377
2000-07-16,0.0,-14300.483956660377
2000-07-17,0.0,-14300.483956660377
2000-07-18,0.0,-14300.483956660377
2000-07-19,0.0,-14300.483956660377
2000-07-20,0.0,-14300.483956660377
2000-07-21,-492.84975802166986,-14793.333714682027
2000-07-22,0.0,-14793.333714682027
2000-07-23,0.0,-14793.333714682027
2000-07-24,0.0,-14793.333714682027
2000-07-25,0.0,-14793.333714682027
2000-07-26,0.0,-14793.333714682027
2000-07-27,0.0,-14793.333714682027
2000-07-28,-492.60333314265904,-15285.93704782473
2000-07-29,0.0,-15285.93704782473
2000-07-30,0.0,-15285.93704782473
2000-07-31,0.0,-15285.93704782473
2000-08-01,0.0,-15285.93704782473
2000-08-02,0.0,-15285.93704782473
2000-08-03,0.0,-15285.93704782473
2000-08-04,-492.3570314760877,-15778.294079300831
2000-08-05,0.0,-15778.294079300831
2000-08-06,0.0,-15778.294079300831
2000-08-07,0.0,-15778.294079300831
2000-08-08,0.0,-15778.294079300831
2000-08-09,0.0,-15778.294079300831
2000-08-10,0.0,-15778.294079300831
2000-08-11,-492.1108529603496,-16270.404932261212
2000-08-12,0.0,-16270.404932261212
2000-08-13,0.0,-16270.404932261212
2000-08-14,0.0,-16270.404932261212
2000-08-15,0.0,-16270.404932261212
2000-08-16,0.0,-16270.404932261212
2000-08-17,0.0,-16270.404932261212
2000-08-18,-491.8647975338694,-16762.26972979505
2000-08-19,0.0,-16762.26972979505
2000-08-20,0.0,-16762.26972979505
2000-08-21,0.0,-16762.26972979505
2000-08-22,0.0,-16762.26972979505
2000-08-23,0.0,-16762.26972979505
2000-08-24,0.0,-16762.26972979505
2000-08-25,-491.61886513510257,-17253.888594930177
2000-08-26,0.0,-17253.888594930177
2000-08-27,0.0,-17253.888594930177
2000-08-28,0.0,-17253.888594930177
2000-08-29,0.0,-17253.888594930177
2000-08-30,0.0,-17253.888594930177
2000-08-31,0.0,-17253.888594930177
2000-09-01,-491.37305570253494,-17745.261650632718
2000-09-02,0.0,-17745.261650632718
2000-09-03,0.0,-17745.261650632718
2000-09-04,0.0,-17745.261650632718
2000-09-05,0.0,-17745.261650632718
2000-09-06,0.0,-17745.261650632718
2000-09-07,0.0,-17745.261650632718
2000-09-08,-491.12736917468374,-18236.38901980745
2000-09-09,0.0,-18236.38901980745
2000-09-10,0.0,-18236.38901980745
2000-09-11,0.0,-18236.38901980745
2000-09-12,0.0,-18236.38901980745
2000-09-13,0.0,-18236.38901980745
2000-09-14,0.0,-18236.38901980745
2000-09-15,-490.8818054900963,-18727.27082529757
2000-09-16,0.0,-18727.27082529757
2000-09-17,0.0,-18727.27082529757
2000-09-18,0.0,-18727.27082529757
2000-09-19,0.0,-18727.27082529757
2000-09-20,0.0,-18727.27082529757
2000-09-21,0.0,-18727.27082529757
2000-09-22,-490.6363645873513,-19217.90718988492
2000-09-23,0.0,-19217.90718988492
2000-09-24,0.0,-19217.90718988492
2000-09-25,0.0,-19217.90718988492
2000-09-26,0.0,-19217.90718988492
2000-09-27,0.0,-19217.90718988492
2000-09-28,0.0,-19217.90718988492
2000-09-29,-490.3910464050576,-19708.298236289993
2000-09-30,0.0,-19708.298236289993
2000-10-01,0.0,-19708.298236289993
2000-10-02,0.0,-19708.298236289993
2000-10-03,0.0,-19708.298236289993
2000-10-04,0.0,-19708.298236289993
2000-10-05,0.0,-19708.298236289993
2000-10-06,-490.14585088185504,-20198.44408717181
2000-10-07,0.0,-20198.44408717181
2000-10-08,0.0,-20198.44408717181
2000-10-09,0.0,-20198.44408717181
2000-10-10,0.0,-20198.44408717181
2000-10-11,0.0,-20198.44408717181
2000-10-12,0.0,-20198.44408717181
2000-10-13,-489.9007779564141,-20688.34486512828
2000-10-14,0.0,-20688.34486512828
2000-10-15,0.0,-20688.34486512828
2000-10-16,0.0,-20688.34486512828
2000-10-17,0.0,-20688.34486512828
2000-10-18,0.0,-20688.34486512828
2000-10-19,0.0,-20688.34486512828
2000-10-20,-489.65582756743595,-21178.00069269573
2000-10-21,0.0,-21178.00069269573
2000-10-22,0.0,-21178.00069269573
2000-10-23,0.0,-21178.00069269573
2000-10-24,0.0,-21178.00069269573
2000-10-25,0.0,-21178.00069269573
2000-10-26,0.0,-21178.00069269573
2000-10-27,-587.2931995843826,-21765.293892280082
2000-10-28,0.0,-21765.293892280082
2000-10-29,0.0,-21765.293892280082
2000-10-30,0.0,-21765.293892280082
2000-10-31,0.0,-21765.293892280082
2000-11-01,0.0,-21765.293892280082
2000-11-02,0.0,-21765.293892280082
2000-11-03,-586.940823664632,-22352.234715944738
2000-11-04,0.0,-22352.234715944738
2000-11-05,0.0,-22352.234715944738
2000-11-06,0.0,-22352.234715944738
2000-11-07,0.0,-22352.234715944738
2000-11-08,0.0,-22352.234715944738
2000-11-09,0.0,-22352.234715944738
2000-11-10,-586.5886591704332,-22938.82337511517
2000-11-11,0.0,-22938.82337511517
2000-11-12,0.0,-22938.82337511517
2000-11-13,0.0,-22938.82337511517
2000-11-14,0.0,-22938.82337511517
2000-11-15,0.0,-22938.82337511517
2000-11-16,0.0,-22938.82337511517
2000-11-17,-586.2367059749309,-23525.06008109008
2000-11-18,0.0,-23525.06008109008
2000-11-19,0.0,-23525.06008109008
2000-11-20,0.0,-23525.06008109008
2000-11-21,0.0,-23525.06008109008
2000-11-22,0.0,-23525.06008109008
2000-11-23,0.0,-23525.06008109008
2000-11-24,-488.237469959455,-24013.2975510495
2000-11-25,0.0,-24013.2975510495
2000-11-26,0.0,-24013.2975510495
2000-11-27,0.0,-24013.2975510495
2000-11-28,0.0,-24013.2975510495
2000-11-29,0.0,-24013.2975510495
2000-11-30,0.0,-24013.2975510495
2000-12-01,-487.99335122447525,-24501.290902273962
2000-12-02,0.0,-24501.290902273962
2000-12-03,0.0,-24501.290902273962
2000-12-04,0.0,-24501.290902273962
2000-12-05,0.0,-24501.290902273962
2000-12-06,0.0,-24501.290902273962
2000-12-07,0.0,-24501.290902273962
2000-12-08,-487.74935454886304,-24989.04025682283
2000-12-09,0.0,-24989.04025682283
2000-12-10,0.0,-24989.04025682283
2000-12-11,0.0,-24989.04025682283
2000-12-12,0.0,-24989.04025682283
2000-12-13,0.0,-24989.04025682283
2000-12-14,0.0,-24989.04025682283
2000-12-15,-487.50547987158865,-25476.545736694476
2000-12-16,0.0,-25476.545736694476
2000-12-17,0.0,-25476.545736694476
2000-12-18,0.0,-25476.545736694476
2000-12-19,0.0,-25476.545736694476
2000-12-20,0.0,-25476.545736694476
2000-12-21,0.0,-25476.545736694476
2000-12-22,-487.26172713165283,-25963.807463826146
2000-12-23,0.0,-25963.807463826146
2000-12-24,0.0,-25963.807463826146
2000-12-25,0.0,-25963.807463826146
2000-12-26,0.0,-25963.807463826146
2000-12-27,0.0,-25963.807463826146
2000-12-28,0.0,-25963.807463826146
2000-12-29,-487.018096268087,-26450.825560094207
2000-12-30,0.0,-26450.825560094207
2000-12-31,0.0,-26450.825560094207
2001-01-01,0.0,-26450.825560094207
2001-01-02,0.0,-26450.825560094207
2001-01-03,0.0,-26450.825560094207
2001-01-04,0.0,-26450.825560094207
2001-01-05,-486.774587219953,-26937.600147314137
2001-01-06,0.0,-26937.600147314137
2001-01-07,0.0,-26937.600147314137
2001-01-08,0.0,-26937.600147314137
2001-01-09,0.0,-26937.600147314137
2001-01-10,0.0,-26937.600147314137
2001-01-11,0.0,-26937.600147314137
2001-01-12,-486.531199926343,-27424.13134724053
2001-01-13,0.0,-27424.13134724053
2001-01-14,0.0,-27424.13134724053
2001-01-15,0.0,-27424.13134724053
2001-01-16,0.0,-27424.13134724053
2001-01-17,0.0,-27424.13134724053
2001-01-18,0.0,-27424.13134724053
2001-01-19,-486.2879343263798,-27910.419281566865
2001-01-20,0.0,-27910.419281566865
2001-01-21,0.0,-27910.419281566865
2001-01-22,0.0,-27910.419281566865
2001-01-23,0.0,-27910.419281566865
2001-01-24,0.0,-27910.419281566865
2001-01-25,0.0,-27910.419281566865
2001-01-26,-486.04479035921656,-28396.46407192608
2001-01-27,0.0,-28396.46407192608
2001-01-28,0.0,-28396.46407192608
2001-01-29,0.0,-28396.46407192608
2001-01-30,0.0,-28396.46407192608
2001-01-31,0.0,-28396.46407192608
2001-02-01,0.0,-28396.46407192608
2001-02-02,-485.801767964037,-28882.26583989011
2001-02-03,0.0,-28882.26583989011
2001-02-04,0.0,-28882.26583989011
2001-02-05,0.0,-28882.26583989011
2001-02-06,0.0,-28882.26583989011
2001-02-07,0.0,-28882.26583989011
2001-02-08,0.0,-28882.26583989011
2001-02-09,-485.558867080055,-29367.824706970132
2001-02-10,0.0,-29367.824706970132
2001-02-11,0.0,-29367.824706970132
2001-02-12,0.0,-29367.824706970132
2001-02-13,0.0,-29367.824706970132
2001-02-14,0.0,-29367.824706970132
2001-02-15,0.0,-29367.824706970132
2001-02-16,-485.3160876465149,-29853.14079461666
2001-02-17,0.0,-29853.14079461666
2001-02-18,0.0,-29853.14079461666
2001-02-19,0.0,-29853.14079461666
2001-02-20,0.0,-29853.14079461666
2001-02-21,0.0,-29853.14079461666
2001-02-22,0.0,-29853.14079461666
2001-02-23,-485.0734296026917,-30338.214224219322
2001-02-24,0.0,-30338.214224219322
2001-02-25,0.0,-30338.214224219322
2001-02-26,0.0,-30338.214224219322
2001-02-27,0.0,-30338.214224219322
2001-02-28,0.0,-30338.214224219322
2001-03-01,0.0,-30338.214224219322
2001-03-02,-484.8308928878904,-30823.04511710722
2001-03-03,0.0,-30823.04511710722
2001-03-04,0.0,-30823.04511710722
2001-03-05,0.0,-30823.04511710722
2001-03-06,0.0,-30823.04511710722
2001-03-07,0.0,-30823.04511710722
2001-03-08,0.0,-30823.04511710722
2001-03-09,-484.58847744144646,-31307.63359454868
2001-03-10,0.0,-31307.63359454868
2001-03-11,0.0,-31307.63359454868
2001-03-12,0.0,-31307.63359454868
2001-03-13,0.0,-31307.63359454868
2001-03-14,0.0,-31307.63359454868
2001-03-15,0.0,-31307.63359454868
2001-03-16,-484.3461832027257,-31791.979777751374
2001-03-17,0.0,-31791.979777751374
2001-03-18,0.0,-31791.979777751374
2001-03-19,0.0,-31791.979777751374
2001-03-20,0.0,-31791.979777751374
2001-03-21,0.0,-31791.979777751374
2001-03-22,0.0,-31791.979777751374
2001-03-23,-484.10401011112435,-32276.083787862444
2001-03-24,0.0,-32276.083787862444
2001-03-25,0.0,-32276.083787862444
2001-03-26,0.0,-32276.083787862444
2001-03-27,0.0,-32276.083787862444
2001-03-28,0.0,-32276.083787862444
2001-03-29,0.0,-32276.083787862444
2001-03-30,-483.8619581060688,-32759.945745968493
2001-03-31,0.0,-32759.945745968493
2001-04-01,0.0,-32759.945745968493
2001-04-02,0.0,-32759.945745968493
2001-04-03,0.0,-32759.945745968493
2001-04-04,0.0,-32759.945745968493
2001-04-05,0.0,-32759.945745968493
2001-04-06,-483.6200271270158,-33243.56577309547
2001-04-07,0.0,-33243.56577309547
2001-04-08,0.0,-33243.56577309547
2001-04-09,0.0,-33243.56577309547
2001-04-10,0.0,-33243.56577309547
2001-04-11,0.0,-33243.56577309547
2001-04-12,0.0,-33243.56577309547
2001-04-13,-483.37821711345225,-33726.94399020891
2001-04-14,0.0,-33726.94399020891
2001-04-15,0.0,-33726.94399020891
2001-04-16,0.0,-33726.94399020891
2001-04-17,0.0,-33726.94399020891
2001-04-18,0.0,-33726.94399020891
2001-04-19,0.0,-33726.94399020891
2001-04-20,-483.1365280048956,-34210.0805182138
2001-04-21,0.0,-34210.0805182138
2001-04-22,0.0,-34210.0805182138
2001-04-23,0.0,-34210.0805182138
2001-04-24,0.0,-34210.0805182138
2001-04-25,0.0,-34210.0805182138
2001-04-26,0.0,-34210.0805182138
2001-04-27,-482.8949597408931,-34692.97547795472
2001-04-28,0.0,-34692.97547795472
2001-04-29,0.0,-34692.97547795472
2001-04-30,0.0,-34692.97547795472
2001-05-01,0.0,-34692.97547795472
2001-05-02,0.0,-34692.97547795472
2001-05-03,0.0,-34692.97547795472
2001-05-04,-482.6535122610227,-35175.628990215715
2001-05-05,0.0,-35175.628990215715
2001-05-06,0.0,-35175.628990215715
2001-05-07,0.0,-35175.628990215715
2001-05-08,0.0,-35175.628990215715
2001-05-09,0.0,-35175.628990215715
2001-05-10,0.0,-35175.628990215715
2001-05-11,-482.4121855048922,-35658.04117572063
2001-05-12,0.0,-35658.04117572063
2001-05-13,0.0,-35658.04117572063
2001-05-14,0.0,-35658.04117572063
2001-05-15,0.0,-35658.04117572063
2001-05-16,0.0,-35658.04117572063
2001-05-17,0.0,-35658.04117572063
2001-05-18,-482.17097941213973,-36140.21215513279
2001-05-19,0.0,-36140.21215513279
2001-05-20,0.0,-36140.21215513279
2001-05-21,0.0,-36140.21215513279
2001-05-22,0.0,-36140.21215513279
2001-05-23,0.0,-36140.21215513279
2001-05-24,0.0,-36140.21215513279
2001-05-25,-481.9298939224336,-36622.1420490552
2001-05-26,0.0,-36622.1420490552
2001-05-27,0.0,-36622.1420490552
2001-05-28,0.0,-36622.1420490552
2001-05-29,0.0,-36622.1420490552
2001-05-30,0.0,-36622.1420490552
2001-05-31,0.0,-36622.1420490552
2001-06-01,-481.68892897547244,-37103.83097803069
2001-06-02,0.0,-37103.83097803069
2001-06-03,0.0,-37103.83097803069
2001-06-04,0.0,-37103.83097803069
2001-06-05,0.0,-37103.83097803069
2001-06-06,0.0,-37103.83097803069
2001-06-07,0.0,-37103.83097803069
2001-06-08,-481.4480845109847,-37585.27906254167
2001-06-09,0.0,-37585.27906254167
2001-06-10,0.0,-37585.27906254167
2001-06-11,0.0,-37585.27906254167
2001-06-12,0.0,-37585.27906254167
2001-06-13,0.0,-37585.27906254167
2001-06-14,0.0,-37585.27906254167
2001-06-15,-481.2073604687292,-38066.486423010356
2001-06-16,0.0,-38066.486423010356
2001-06-17,0.0,-38066.486423010356
2001-06-18,0.0,-38066.486423010356
2001-06-19,0.0,-38066.486423010356
2001-06-20,0.0,-38066.486423010356
2001-06-21,0.0,-38066.486423010356
2001-06-22,-480.9667567884948,-38547.453179798904
2001-06-23,0.0,-38547.453179798904
2001-06-24,0.0,-38547.453179798904
2001-06-25,0.0,-38547.453179798904
2001-06-26,0.0,-38547.453179798904
2001-06-27,0.0,-38547.453179798904
2001-06-28,0.0,-38547.453179798904
2001-06-29,-480.72627341010053,-39028.17945320904
2001-06-30,0.0,-39028.17945320904
2001-07-01,0.0,-39028.17945320904
2001-07-02,0.0,-39028.17945320904
2001-07-03,0.0,-39028.17945320904
2001-07-04,0.0,-39028.17945320904
2001-07-05,0.0,-39028.17945320904
2001-07-06,-480.4859102733955,-39508.66536348243
2001-07-07,0.0,-39508.66536348243
2001-07-08,0.0,-39508.66536348243
2001-07-09,0.0,-39508.66536348243
2001-07-10,0.0,-39508.66536348243
2001-07-11,0.0,-39508.66536348243
2001-07-12,0.0,-39508.66536348243
2001-07-13,-480.24566731825877,-39988.911030800664
2001-07-14,0.0,-39988.911030800664
2001-07-15,0.0,-39988.911030800664
2001-07-16,0.0,-39988.911030800664
2001-07-17,0.0,-39988.911030800664
2001-07-18,0.0,-39988.911030800664
2001-07-19,0.0,-39988.911030800664
2001-07-20,-480.0055444845997,-40468.91657528526
2001-07-21,0.0,-40468.91657528526
2001-07-22,0.0,-40468.91657528526
2001-07-23,0.0,-40468.91657528526
2001-07-24,0.0,-40468.91657528526
2001-07-25,0.0,-40468.91657528526
2001-07-26,0.0,-40468.91657528526
2001-07-27,-479.7655417123574,-40948.68211699766
2001-07-28,0.0,-40948.68211699766
2001-07-29,0.0,-40948.68211699766
2001-07-30,0.0,-40948.68211699766
2001-07-31,0.0,-40948.68211699766
2001-08-01,0.0,-40948.68211699766
2001-08-02,0.0,-40948.68211699766
2001-08-03,-479.5256589415012,-41428.20777593914
2001-08-04,0.0,-41428.20777593914
2001-08-05,0.0,-41428.20777593914
2001-08-06,0.0,-41428.20777593914
2001-08-07,0.0,-41428.20777593914
2001-08-08,0.0,-41428.20777593914
2001-08-09,0.0,-41428.20777593914
2001-08-10,-479.28589611203046,-41907.49367205112
2001-08-11,0.0,-41907.49367205112
2001-08-12,0.0,-41907.49367205112
2001-08-13,0.0,-41907.49367205112
2001-08-14,0.0,-41907.49367205112
2001-08-15,0.0,-41907.49367205112
2001-08-16,0.0,-41907.49367205112
2001-08-17,-479.0462531639745,-42386.53992521507
2001-08-18,0.0,-42386.53992521507
2001-08-19,0.0,-42386.53992521507
2001-08-20,0.0,-42386.53992521507
2001-08-21,0.0,-42386.53992521507
2001-08-22,0.0,-42386.53992521507
2001-08-23,0.0,-42386.53992521507
2001-08-24,-478.80673003739247,-42865.346655252506
2001-08-25,0.0,-42865.346655252506
2001-08-26,0.0,-42865.346655252506
2001-08-27,0.0,-42865.346655252506
2001-08-28,0.0,-42865.346655252506
2001-08-29,0.0,-42865.346655252506
2001-08-30,0.0,-42865.346655252506
2001-08-31,-478.5673266723738,-43343.91398192488
2001-09-01,0.0,-43343.91398192488
2001-09-02,0.0,-43343.91398192488
2001-09-03,0.0,-43343.91398192488
2001-09-04,0.0,-43343.91398192488
2001-09-05,0.0,-43343.91398192488
2001-09-06,0.0,-43343.91398192488
2001-09-07,-478.3280430090376,-43822.24202493392
2001-09-08,0.0,-43822.24202493392
2001-09-09,0.0,-43822.24202493392
2001-09-10,0.0,-43822.24202493392
2001-09-11,0.0,-43822.24202493392
2001-09-12,0.0,-43822.24202493392
2001-09-13,0.0,-43822.24202493392
2001-09-14,-478.0888789875331,-44300.33090392151
2001-09-15,0.0,-44300.33090392151
2001-09-16,0.0,-44300.33090392151
2001-09-17,0.0,-44300.33090392151
2001-09-18,0.0,-44300.33090392151
2001-09-19,0.0,-44300.33090392151
2001-09-20,0.0,-44300.33090392151
2001-09-21,-477.8498345480393,-44778.180738469586
2001-09-22,0.0,-44778.180738469586
2001-09-23,0.0,-44778.180738469586
2001-09-24,0.0,-44778.180738469586
2001-09-25,0.0,-44778.180738469586
2001-09-26,0.0,-44778.180738469586
2001-09-27,0.0,-44778.180738469586
2001-09-28,-477.61090963076526,-45255.79164810036
2001-09-29,0.0,-45255.79164810036
2001-09-30,0.0,-45255.79164810036
2001-10-01,0.0,-45255.79164810036
2001-10-02,0.0,-45255.79164810036
2001-10-03,0.0,-45255.79164810036
2001-10-04,0.0,-45255.79164810036
2001-10-05,-477.37210417594986,-45733.163752276334
2001-10-06,0.0,-45733.163752276334
2001-10-07,0.0,-45733.163752276334
2001-10-08,0.0,-45733.163752276334
2001-10-09,0.0,-45733.163752276334
2001-10-10,0.0,-45733.163752276334
2001-10-11,0.0,-45733.163752276334
2001-10-12,-477.1334181238619,-46210.297170400154
2001-10-13,0.0,-46210.297170400154
2001-10-14,0.0,-46210.297170400154
2001-10-15,0.0,-46210.297170400154
2001-10-16,0.0,-46210.297170400154
2001-10-17,0.0,-46210.297170400154
2001-10-18,0.0,-46210.297170400154
2001-10-19,-476.8948514147999,-46687.19202181499
2001-10-20,0.0,-46687.19202181499
2001-10-21,0.0,-46687.19202181499
2001-10-22,0.0,-46687.19202181499
2001-10-23,0.0,-46687.19202181499
2001-10-24,0.0,-46687.19202181499
2001-10-25,0.0,-46687.19202181499
2001-10-26,-476.6564039890925,-47163.848425804055
2001-10-27,0.0,-47163.848425804055
2001-10-28,0.0,-47163.848425804055
2001-10-29,0.0,-47163.848425804055
2001-10-30,0.0,-47163.848425804055
2001-10-31,0.0,-47163.848425804055
2001-11-01,0.0,-47163.848425804055
2001-11-02,-476.418075787098,-47640.26650159119
2001-11-03,0.0,-47640.26650159119
2001-11-04,0.0,-47640.26650159119
2001-11-05,0.0,-47640.26650159119
2001-11-06,0.0,-47640.26650159119
2001-11-07,0.0,-47640.26650159119
2001-11-08,0.0,-47640.26650159119
2001-11-09,-476.17986674920445,-48116.4463683404
2001-11-10,0.0,-48116.4463683404
2001-11-11,0.0,-48116.4463683404
2001-11-12,0.0,-48116.4463683404
2001-11-13,0.0,-48116.4463683404
2001-11-14,0.0,-48116.4463683404
2001-11-15,0.0,-48116.4463683404
2001-11-16,-475.9417768158298,-48592.388145156205
2001-11-17,0.0,-48592.388145156205
2001-11-18,0.0,-48592.388145156205
2001-11-19,0.0,-48592.388145156205
2001-11-20,0.0,-48592.388145156205
2001-11-21,0.0,-48592.388145156205
2001-11-22,0.0,-48592.388145156205
2001-11-23,-475.7038059274219,-49068.091951083625
2001-11-24,0.0,-49068.091951083625
2001-11-25,0.0,-49068.091951083625
2001-11-26,0.0,-49068.091951083625
2001-11-27,0.0,-49068.091951083625
2001-11-28,0.0,-49068.091951083625
2001-11-29,0.0,-49068.091951083625
2001-11-30,-475.4659540244582,-49543.557905108086
2001-12-01,0.0,-49543.557905108086
2001-12-02,0.0,-49543.557905108086
2001-12-03,0.0,-49543.557905108086
2001-12-04,0.0,-49543.557905108086
2001-12-05,0.0,-49543.557905108086
2001-12-06,0.0,-49543.557905108086
2001-12-07,-475.22822104744597,-50018.78612615552
2001-12-08,0.0,-50018.78612615552
2001-12-09,0.0,-50018.78612615552
2001-12-10,0.0,-50018.78612615552
2001-12-11,0.0,-50018.78612615552
2001-12-12,0.0,-50018.78612615552
2001-12-13,0.0,-50018.78612615552
2001-12-14,-474.9906069369223,-50493.7767330925
2001-12-15,0.0,-50493.7767330925
2001-12-16,0.0,-50493.7767330925
2001-12-17,0.0,-50493.7767330925
2001-12-18,0.0,-50493.7767330925
2001-12-19,0.0,-50493.7767330925
2001-12-20,0.0,-50493.7767330925
2001-12-21,-474.75311163345384,-50968.52984472597
2001-12-22,0.0,-50968.52984472597
2001-12-23,0.0,-50968.52984472597
2001-12-24,0.0,-50968.52984472597
2001-12-25,0.0,-50968.52984472597
2001-12-26,0.0,-50968.52984472597
2001-12-27,0.0,-50968.52984472597
2001-12-28,-474.5157350776371,-51443.04557980364
2001-12-29,0.0,-51443.04557980364
2001-12-30,0.0,-51443.04557980364
2001-12-31,0.0,-51443.04557980364
2002-01-01,0.0,-51443.04557980364
2002-01-02,0.0,-51443.04557980364
2002-01-03,0.0,-51443.04557980364
2002-01-04,-474.27847721009823,-51917.32405701373
2002-01-05,0.0,-51917.32405701373
2002-01-06,0.0,-51917.32405701373
2002-01-07,0.0,-51917.32405701373
2002-01-08,0.0,-51917.32405701373
2002-01-09,0.0,-51917.32405701373
2002-01-10,0.0,-51917.32405701373
2002-01-11,-474.0413379714932,-52391.36539498519
2002-01-12,0.0,-52391.36539498519
2002-01-13,0.0,-52391.36539498519
2002-01-14,0.0,-52391.36539498519
2002-01-15,0.0,-52391.36539498519
2002-01-16,0.0,-52391.36539498519
2002-01-17,0.0,-52391.36539498519
2002-01-18,-473.8043173025074,-52865.16971228772
2002-01-19,0.0,-52865.16971228772
2002-01-20,0.0,-52865.16971228772
2002-01-21,0.0,-52865.16971228772
2002-01-22,0.0,-52865.16971228772
2002-01-23,0.0,-52865.16971228772
2002-01-24,0.0,-52865.16971228772
2002-01-25,-473.5674151438562,-53338.73712743155
2002-01-26,0.0,-53338.73712743155
2002-01-27,0.0,-53338.73712743155
2002-01-28,0.0,-53338.73712743155
2002-01-29,0.0,-53338.73712743155
2002-01-30,0.0,-53338.73712743155
2002-01-31,0.0,-53338.73712743155
2002-02-01,-473.33063143628425,-53812.067758867866
2002-02-02,0.0,-53812.067758867866
2002-02-03,0.0,-53812.067758867866
2002-02-04,0.0,-53812.067758867866
2002-02-05,0.0,-53812.067758867866
2002-02-06,0.0,-53812.067758867866
2002-02-07,0.0,-53812.067758867866
2002-02-08,-473.0939661205661,-54285.16172498849
2002-02-09,0.0,-54285.16172498849
2002-02-10,0.0,-54285.16172498849
2002-02-11,0.0,-54285.16172498849
2002-02-12,0.0,-54285.16172498849
2002-02-13,0.0,-54285.16172498849
2002-02-14,0.0,-54285.16172498849
2002-02-15,-472.8574191375058,-54758.01914412598
2002-02-16,0.0,-54758.01914412598
2002-02-17,0.0,-54758.01914412598
2002-02-18,0.0,-54758.01914412598
2002-02-19,0.0,-54758.01914412598
2002-02-20,0.0,-54758.01914412598
2002-02-21,0.0,-54758.01914412598
2002-02-22,-472.6209904279371,-55230.64013455389
2002-02-23,0.0,-55230.64013455389
2002-02-24,0.0,-55230.64013455389
2002-02-25,0.0,-55230.64013455389
2002-02-26,0.0,-55230.64013455389
2002-02-27,0.0,-55230.64013455389
2002-02-28,0.0,-55230.64013455389
2002-03-01,-472.3846799327231,-55703.02481448662
2002-03-02,0.0,-55703.02481448662
2002-03-03,0.0,-55703.02481448662
2002-03-04,0.0,-55703.02481448662
2002-03-05,0.0,-55703.02481448662
2002-03-06,0.0,-55703.02481448662
2002-03-07,0.0,-55703.02481448662
2002-03-08,-472.14848759275674,-56175.173302079435
2002-03-09,0.0,-56175.173302079435
2002-03-10,0.0,-56175.173302079435
2002-03-11,0.0,-56175.173302079435
2002-03-12,0.0,-56175.173302079435
2002-03-13,0.0,-56175.173302079435
2002-03-14,0.0,-56175.173302079435
2002-03-15,-471.91241334896034,-56647.085715428344
2002-03-16,0.0,-56647.085715428344
2002-03-17,0.0,-56647.085715428344
2002-03-18,0.0,-56647.085715428344
2002-03-19,0.0,-56647.085715428344
2002-03-20,0.0,-56647.085715428344
2002-03-21,0.0,-56647.085715428344
2002-03-22,-471.67645714228587,-57118.762172570685
2002-03-23,0.0,-57118.762172570685
2002-03-24,0.0,-57118.762172570685
2002-03-25,0.0,-57118.762172570685
2002-03-26,0.0,-57118.762172570685
2002-03-27,0.0,-57118.762172570685
2002-03-28,0.0,-57118.762172570685
2002-03-29,-471.44061891371473,-57590.20279148442
2002-03-30,0.0,-57590.20279148442
2002-03-31,0.0,-57590.20279148442
2002-04-01,0.0,-57590.20279148442
2002-04-02,0.0,-57590.20279148442
2002-04-03,0.0,-57590.20279148442
2002-04-04,0.0,-57590.20279148442
2002-04-05,-471.20489860425783,-58061.40769008873
2002-04-06,0.0,-58061.40769008873
2002-04-07,0.0,-58061.40769008873
2002-04-08,0.0,-58061.40769008873
2002-04-09,0.0,-58061.40769008873
2002-04-10,0.0,-58061.40769008873
2002-04-11,0.0,-58061.40769008873
2002-04-12,-470.96929615495566,-58532.376986243646
2002-04-13,0.0,-58532.376986243646
2002-04-14,0.0,-58532.376986243646
2002-04-15,0.0,-58532.376986243646
2002-04-16,0.0,-58532.376986243646
2002-04-17,0.0,-58532.376986243646
2002-04-18,0.0,-58532.376986243646
2002-04-19,-470.7338115068782,-59003.11079775053
2002-04-20,0.0,-59003.11079775053
2002-04-21,0.0,-59003.11079775053
2002-04-22,0.0,-59003.11079775053
2002-04-23,0.0,-59003.11079775053
2002-04-24,0.0,-59003.11079775053
2002-04-25,0.0,-59003.11079775053
2002-04-26,-470.4984446011248,-59473.60924235161
2002-04-27,0.0,-59473.60924235161
2002-04-28,0.0,-59473.60924235161
2002-04-29,0.0,-59473.60924235161
2002-04-30,0.0,-59473.60924235161
2002-05-01,0.0,-59473.60924235161
2002-05-02,0.0,-59473.60924235161
2002-05-03,-470.26319537882426,-59943.87243773043
2002-05-04,0.0,-59943.87243773043
2002-05-05,0.0,-59943.87243773043
2002-05-06,0.0,-59943.87243773043
2002-05-07,0.0,-59943.87243773043
2002-05-08,0.0,-59943.87243773043
2002-05-09,0.0,-59943.87243773043
2002-05-10,-470.02806378113485,-60413.900501511525
2002-05-11,0.0,-60413.900501511525
2002-05-12,0.0,-60413.900501511525
2002-05-13,0.0,-60413.900501511525
2002-05-14,0.0,-60413.900501511525
2002-05-15,0.0,-60413.900501511525
2002-05-16,0.0,-60413.900501511525
2002-05-17,-469.79304974924423,-60883.693551260745
2002-05-18,0.0,-60883.693551260745
2002-05-19,0.0,-60883.693551260745
2002-05-20,0.0,-60883.693551260745
2002-05-21,0.0,-60883.693551260745
2002-05-22,0.0,-60883.693551260745
2002-05-23,0.0,-60883.693551260745
2002-05-24,-469.5581532243697,-61353.251704485156
2002-05-25,0.0,-61353.251704485156
2002-05-26,0.0,-61353.251704485156
2002-05-27,0.0,-61353.251704485156
2002-05-28,0.0,-61353.251704485156
2002-05-29,0.0,-61353.251704485156
2002-05-30,0.0,-61353.251704485156
2002-05-31,-469.3233741477574,-61822.575078632915
2002-06-01,0.0,-61822.575078632915
2002-06-02,0.0,-61822.575078632915
2002-06-03,0.0,-61822.575078632915
2002-06-04,0.0,-61822.575078632915
2002-06-05,0.0,-61822.575078632915
2002-06-06,0.0,-61822.575078632915
2002-06-07,-469.0887124606836,-62291.663791093626
2002-06-08,0.0,-62291.663791093626
2002-06-09,0.0,-62291.663791093626
2002-06-10,0.0,-62291.663791093626
2002-06-11,0.0,-62291.663791093626
2002-06-12,0.0,-62291.663791093626
2002-06-13,0.0,-62291.663791093626
2002-06-14,-328.1979176731172,-62619.86170876678
2002-06-15,0.0,-62619.86170876678
2002-06-16,0.0,-62619.86170876678
2002-06-17,0.0,-62619.86170876678
2002-06-18,0.0,-62619.86170876678
2002-06-19,0.0,-62619.86170876678
2002-06-20,0.0,-62619.86170876678
2002-06-21,-468.6900691456167,-63088.55177791242
2002-06-22,0.0,-63088.55177791242
2002-06-23,0.0,-63088.55177791242
2002-06-24,0.0,-63088.55177791242
2002-06-25,0.0,-63088.55177791242
2002-06-26,0.0,-63088.55177791242
2002-06-27,0.0,-63088.55177791242
2002-06-28,-468.4557241110438,-63557.00750202348
2002-06-29,0.0,-63557.00750202348
2002-06-30,0.0,-63557.00750202348
2002-07-01,0.0,-63557.00750202348
2002-07-02,0.0,-63557.00750202348
2002-07-03,0.0,-63557.00750202348
2002-07-04,0.0,-63557.00750202348
2002-07-05,-561.8657954987859,-64118.87329752231
2002-07-06,0.0,-64118.87329752231
2002-07-07,0.0,-64118.87329752231
2002-07-08,0.0,-64118.87329752231
2002-07-09,0.0,-64118.87329752231
2002-07-10,0.0,-64118.87329752231
2002-07-11,0.0,-64118.87329752231
2002-07-12,-467.9405633512389,-64586.813860873575
2002-07-13,0.0,-64586.813860873575
2002-07-14,0.0,-64586.813860873575
2002-07-15,0.0,-64586.813860873575
2002-07-16,0.0,-64586.813860873575
2002-07-17,0.0,-64586.813860873575
2002-07-18,0.0,-64586.813860873575
2002-07-19,-561.2479116834759,-65148.06177255709
2002-07-20,0.0,-65148.06177255709
2002-07-21,0.0,-65148.06177255709
2002-07-22,0.0,-65148.06177255709
2002-07-23,0.0,-65148.06177255709
2002-07-24,0.0,-65148.06177255709
2002-07-25,0.0,-65148.06177255709
2002-07-26,-560.9111629364658,-65708.97293549357
2002-07-27,0.0,-65708.97293549357
2002-07-28,0.0,-65708.97293549357
2002-07-29,0.0,-65708.97293549357
2002-07-30,0.0,-65708.97293549357
2002-07-31,0.0,-65708.97293549357
2002-08-01,0.0,-65708.97293549357
2002-08-02,-467.14551353225323,-66176.11844902579
2002-08-03,0.0,-66176.11844902579
2002-08-04,0.0,-66176.11844902579
2002-08-05,0.0,-66176.11844902579
2002-08-06,0.0,-66176.11844902579
2002-08-07,0.0,-66176.11844902579
2002-08-08,0.0,-66176.11844902579
2002-08-09,-466.91194077548715,-66643.03038980125
2002-08-10,0.0,-66643.03038980125
2002-08-11,0.0,-66643.03038980125
2002-08-12,0.0,-66643.03038980125
2002-08-13,0.0,-66643.03038980125
2002-08-14,0.0,-66643.03038980125
2002-08-15,0.0,-66643.03038980125
2002-08-16,-466.67848480509946,-67109.7088746063
2002-08-17,0.0,-67109.7088746063
2002-08-18,0.0,-67109.7088746063
2002-08-19,0.0,-67109.7088746063
2002-08-20,0.0,-67109.7088746063
2002-08-21,0.0,-67109.7088746063
2002-08-22,0.0,-67109.7088746063
2002-08-23,-326.5116018938878,-67436.22047650022
2002-08-24,0.0,-67436.22047650022
2002-08-25,0.0,-67436.22047650022
2002-08-26,0.0,-67436.22047650022
2002-08-27,0.0,-67436.22047650022
2002-08-28,0.0,-67436.22047650022
2002-08-29,0.0,-67436.22047650022
2002-08-30,-466.28188976174994,-67902.50236626202
2002-08-31,0.0,-67902.50236626202
2002-09-01,0.0,-67902.50236626202
2002-09-02,0.0,-67902.50236626202
2002-09-03,0.0,-67902.50236626202
2002-09-04,0.0,-67902.50236626202
2002-09-05,0.0,-67902.50236626202
2002-09-06,-466.0487488168691,-68368.55111507885
2002-09-07,0.0,-68368.55111507885
2002-09-08,0.0,-68368.55111507885
2002-09-09,0.0,-68368.55111507885
2002-09-10,0.0,-68368.55111507885
2002-09-11,0.0,-68368.55111507885
2002-09-12,0.0,-68368.55111507885
2002-09-13,-465.81572444246063,-68834.36683952133
2002-09-14,0.0,-68834.36683952133
2002-09-15,0.0,-68834.36683952133
2002-09-16,0.0,-68834.36683952133
2002-09-17,0.0,-68834.36683952133
2002-09-18,0.0,-68834.36683952133
2002-09-19,0.0,-68834.36683952133
2002-09-20,-465.5828165802394,-69299.94965610153
2002-09-21,0.0,-69299.94965610153
2002-09-22,0.0,-69299.94965610153
2002-09-23,0.0,-69299.94965610153
2002-09-24,0.0,-69299.94965610153
2002-09-25,0.0,-69299.94965610153
2002-09-26,0.0,-69299.94965610153
2002-09-27,-465.35002517194926,-69765.29968127352
2002-09-28,0.0,-69765.29968127352
2002-09-29,0.0,-69765.29968127352
2002-09-30,0.0,-69765.29968127352
2002-10-01,0.0,-69765.29968127352
2002-10-02,0.0,-69765.29968127352
2002-10-03,0.0,-69765.29968127352
2002-10-04,-465.1173501593633,-70230.41703143285
2002-10-05,0.0,-70230.41703143285
2002-10-06,0.0,-70230.41703143285
2002-10-07,0.0,-70230.41703143285
2002-10-08,0.0,-70230.41703143285
2002-10-09,0.0,-70230.41703143285
2002-10-10,0.0,-70230.41703143285
2002-10-11,-464.88479148428365,-70695.30182291719
2002-10-12,0.0,-70695.30182291719
2002-10-13,0.0,-70695.30182291719
2002-10-14,0.0,-70695.30182291719
2002-10-15,0.0,-70695.30182291719
2002-10-16,0.0,-70695.30182291719
2002-10-17,0.0,-70695.30182291719
2002-10-18,-464.6523490885415,-71159.95417200576
2002-10-19,0.0,-71159.95417200576
2002-10-20,0.0,-71159.95417200576
2002-10-21,0.0,-71159.95417200576
2002-10-22,0.0,-71159.95417200576
2002-10-23,0.0,-71159.95417200576
2002-10-24,0.0,-71159.95417200576
2002-10-25,-464.4200229139972,-71624.37419491971
2002-10-26,0.0,-71624.37419491971
2002-10-27,0.0,-71624.37419491971
2002-10-28,0.0,-71624.37419491971
2002-10-29,0.0,-71624.37419491971
2002-10-30,0.0,-71624.37419491971
2002-10-31,0.0,-71624.37419491971
2002-11-01,-464.1878129025402,-72088.56200782221
2002-11-02,0.0,-72088.56200782221
2002-11-03,0.0,-72088.56200782221
2002-11-04,0.0,-72088.56200782221
2002-11-05,0.0,-72088.56200782221
2002-11-06,0.0,-72088.56200782221
2002-11-07,0.0,-72088.56200782221
2002-11-08,-463.95571899608893,-72552.51772681833
2002-11-09,0.0,-72552.51772681833
2002-11-10,0.0,-72552.51772681833
2002-11-11,0.0,-72552.51772681833
2002-11-12,0.0,-72552.51772681833
2002-11-13,0.0,-72552.51772681833
2002-11-14,0.0,-72552.51772681833
2002-11-15,-463.72374113659083,-73016.24146795494
2002-11-16,0.0,-73016.24146795494
2002-11-17,0.0,-73016.24146795494
2002-11-18,0.0,-73016.24146795494
2002-11-19,0.0,-73016.24146795494
2002-11-20,0.0,-73016.24146795494
2002-11-21,0.0,-73016.24146795494
2002-11-22,-463.4918792660226,-73479.73334722093
2002-11-23,0.0,-73479.73334722093
2002-11-24,0.0,-73479.73334722093
2002-11-25,0.0,-73479.73334722093
2002-11-26,0.0,-73479.73334722093
2002-11-27,0.0,-73479.73334722093
2002-11-28,0.0,-73479.73334722093
2002-11-29,-463.26013332638956,-73942.99348054733
2002-11-30,0.0,-73942.99348054733
2002-12-01,0.0,-73942.99348054733
2002-12-02,0.0,-73942.99348054733
2002-12-03,0.0,-73942.99348054733
2002-12-04,0.0,-73942.99348054733
2002-12-05,0.0,-73942.99348054733
2002-12-06,-463.02850325972634,-74406.02198380709
2002-12-07,0.0,-74406.02198380709
2002-12-08,0.0,-74406.02198380709
2002-12-09,0.0,-74406.02198380709
2002-12-10,0.0,-74406.02198380709
2002-12-11,0.0,-74406.02198380709
2002-12-12,0.0,-74406.02198380709
2002-12-13,-462.7969890080965,-74868.81897281518
2002-12-14,0.0,-74868.81897281518
2002-12-15,0.0,-74868.81897281518
2002-12-16,0.0,-74868.81897281518
2002-12-17,0.0,-74868.81897281518
2002-12-18,0.0,-74868.81897281518
2002-12-19,0.0,-74868.81897281518
2002-12-20,-462.5655905135925,-75331.38456332881
2002-12-21,0.0,-75331.38456332881
2002-12-22,0.0,-75331.38456332881
2002-12-23,0.0,-75331.38456332881
2002-12-24,0.0,-75331.38456332881
2002-12-25,0.0,-75331.38456332881
2002-12-26,0.0,-75331.38456332881
2002-12-27,-462.33430771833565,-75793.71887104714
2002-12-28,0.0,-75793.71887104714
2002-12-29,0.0,-75793.71887104714
2002-12-30,0.0,-75793.71887104714
2002-12-31,0.0,-75793.71887104714
2003-01-01,0.0,-75793.71887104714
2003-01-02,0.0,-75793.71887104714
2003-01-03,-462.1031405644765,-76255.82201161166
2003-01-04,0.0,-76255.82201161166
2003-01-05,0.0,-76255.82201161166
2003-01-06,0.0,-76255.82201161166
2003-01-07,0.0,-76255.82201161166
2003-01-08,0.0,-76255.82201161166
2003-01-09,0.0,-76255.82201161166
2003-01-10,-461.8720889941942,-76717.6941006059
2003-01-11,0.0,-76717.6941006059
2003-01-12,0.0,-76717.6941006059
2003-01-13,0.0,-76717.6941006059
2003-01-14,0.0,-76717.6941006059
2003-01-15,0.0,-76717.6941006059
2003-01-16,0.0,-76717.6941006059
2003-01-17,-461.6411529496971,-77179.33525355556
2003-01-18,0.0,-77179.33525355556
2003-01-19,0.0,-77179.33525355556
2003-01-20,0.0,-77179.33525355556
2003-01-21,0.0,-77179.33525355556
2003-01-22,0.0,-77179.33525355556
2003-01-23,0.0,-77179.33525355556
2003-01-24,-461.4103323732223,-77640.74558592879
2003-01-25,0.0,-77640.74558592879
2003-01-26,0.0,-77640.74558592879
2003-01-27,0.0,-77640.74558592879
2003-01-28,0.0,-77640.74558592879
2003-01-29,0.0,-77640.74558592879
2003-01-30,0.0,-77640.74558592879
2003-01-31,-461.17962720703565,-78101.92521313578
2003-02-01,0.0,-78101.92521313578
2003-02-02,0.0,-78101.92521313578
2003-02-03,0.0,-78101.92521313578
2003-02-04,0.0,-78101.92521313578
2003-02-05,0.0,-78101.92521313578
2003-02-06,0.0,-78101.92521313578
2003-02-07,-460.94903739343215,-78562.87425052922
2003-02-08,0.0,-78562.87425052922
2003-02-09,0.0,-78562.87425052922
2003-02-10,0.0,-78562.87425052922
2003-02-11,0.0,-78562.87425052922
2003-02-12,0.0,-78562.87425052922
2003-02-13,0.0,-78562.87425052922
2003-02-14,-460.7185628747354,-79023.59281340393
2003-02-15,0.0,-79023.59281340393
2003-02-16,0.0,-79023.59281340393
2003-02-17,0.0,-79023.59281340393
2003-02-18,0.0,-79023.59281340393
2003-02-19,0.0,-79023.59281340393
2003-02-20,0.0,-79023.59281340393
2003-02-21,-322.3417425153087,-79345.93455591926
2003-02-22,0.0,-79345.93455591926
2003-02-23,0.0,-79345.93455591926
2003-02-24,0.0,-79345.93455591926
2003-02-25,0.0,-79345.93455591926
2003-02-26,0.0,-79345.93455591926
2003-02-27,0.0,-79345.93455591926
2003-02-28,-460.32703272204037,-79806.26158864133
2003-03-01,0.0,-79806.26158864133
2003-03-02,0.0,-79806.26158864133
2003-03-03,0.0,-79806.26158864133
2003-03-04,0.0,-79806.26158864133
2003-03-05,0.0,-79806.26158864133
2003-03-06,0.0,-79806.26158864133
2003-03-07,-460.0968692056794,-80266.35845784703
2003-03-08,0.0,-80266.35845784703
2003-03-09,0.0,-80266.35845784703
2003-03-10,0.0,-80266.35845784703
2003-03-11,0.0,-80266.35845784703
2003-03-12,0.0,-80266.35845784703
2003-03-13,0.0,-80266.35845784703
2003-03-14,-459.86682077107656,-80726.22527861816
2003-03-15,0.0,-80726.22527861816
2003-03-16,0.0,-80726.22527861816
2003-03-17,0.0,-80726.22527861816
2003-03-18,0.0,-80726.22527861816
2003-03-19,0.0,-80726.22527861816
2003-03-20,0.0,-80726.22527861816
2003-03-21,-459.636887360691,-81185.86216597888
2003-03-22,0.0,-81185.86216597888
2003-03-23,0.0,-81185.86216597888
2003-03-24,0.0,-81185.86216597888
2003-03-25,0.0,-81185.86216597888
2003-03-26,0.0,-81185.86216597888
2003-03-27,0.0,-81185.86216597888
2003-03-28,-459.40706891701063,-81645.26923489594
2003-03-29,0.0,-81645.26923489594
2003-03-30,0.0,-81645.26923489594
2003-03-31,0.0,-81645.26923489594
2003-04-01,0.0,-81645.26923489594
2003-04-02,0.0,-81645.26923489594
2003-04-03,0.0,-81645.26923489594
2003-04-04,-459.1773653825521,-82104.44660027849
2003-04-05,0.0,-82104.44660027849
2003-04-06,0.0,-82104.44660027849
2003-04-07,0.0,-82104.44660027849
2003-04-08,0.0,-82104.44660027849
2003-04-09,0.0,-82104.44660027849
2003-04-10,0.0,-82104.44660027849
2003-04-11,-458.94777669986075,-82563.3943769784
2003-04-12,0.0,-82563.3943769784
2003-04-13,0.0,-82563.3943769784
2003-04-14,0.0,-82563.3943769784
2003-04-15,0.0,-82563.3943769784
2003-04-16,0.0,-82563.3943769784
2003-04-17,0.0,-82563.3943769784
2003-04-18,-458.7183028115108,-83022.11267978989
2003-04-19,0.0,-83022.11267978989
2003-04-20,0.0,-83022.11267978989
2003-04-21,0.0,-83022.11267978989
2003-04-22,0.0,-83022.11267978989
2003-04-23,0.0,-83022.11267978989
2003-04-24,0.0,-83022.11267978989
2003-04-25,-458.48894366010506,-83480.60162344994
2003-04-26,0.0,-83480.60162344994
2003-04-27,0.0,-83480.60162344994
2003-04-28,0.0,-83480.60162344994
2003-04-29,0.0,-83480.60162344994
2003-04-30,0.0,-83480.60162344994
2003-05-01,0.0,-83480.60162344994
2003-05-02,-458.2596991882751,-83938.86132263823
2003-05-03,0.0,-83938.86132263823
2003-05-04,0.0,-83938.86132263823
2003-05-05,0.0,-83938.86132263823
2003-05-06,0.0,-83938.86132263823
2003-05-07,0.0,-83938.86132263823
2003-05-08,0.0,-83938.86132263823
2003-05-09,-458.03056933868095,-84396.89189197693
2003-05-10,0.0,-84396.89189197693
2003-05-11,0.0,-84396.89189197693
2003-05-12,0.0,-84396.89189197693
2003-05-13,0.0,-84396.89189197693
2003-05-14,0.0,-84396.89189197693
2003-05-15,0.0,-84396.89189197693
2003-05-16,-457.8015540540116,-84854.69344603096
2003-05-17,0.0,-84854.69344603096
2003-05-18,0.0,-84854.69344603096
2003-05-19,0.0,-84854.69344603096
2003-05-20,0.0,-84854.69344603096
2003-05-21,0.0,-84854.69344603096
2003-05-22,0.0,-84854.69344603096
2003-05-23,-457.57265327698457,-85312.26609930792
2003-05-24,0.0,-85312.26609930792
2003-05-25,0.0,-85312.26609930792
2003-05-26,0.0,-85312.26609930792
2003-05-27,0.0,-85312.26609930792
2003-05-28,0.0,-85312.26609930792
2003-05-29,0.0,-85312.26609930792
2003-05-30,-457.34386695034607,-85769.60996625829
2003-05-31,0.0,-85769.60996625829
2003-06-01,0.0,-85769.60996625829
2003-06-02,0.0,-85769.60996625829
2003-06-03,0.0,-85769.60996625829
2003-06-04,0.0,-85769.60996625829
2003-06-05,0.0,-85769.60996625829
2003-06-06,-457.11519501687087,-86226.72516127513
2003-06-07,0.0,-86226.72516127513
2003-06-08,0.0,-86226.72516127513
2003-06-09,0.0,-86226.72516127513
2003-06-10,0.0,-86226.72516127513
2003-06-11,0.0,-86226.72516127513
2003-06-12,0.0,-86226.72516127513
2003-06-13,-456.88663741936244,-86683.61179869447
2003-06-14,0.0,-86683.61179869447
2003-06-15,0.0,-86683.61179869447
2003-06-16,0.0,-86683.61179869447
2003-06-17,0.0,-86683.61179869447
2003-06-18,0.0,-86683.61179869447
2003-06-19,0.0,-86683.61179869447
2003-06-20,-456.6581941006528,-87140.26999279507
2003-06-21,0.0,-87140.26999279507
2003-06-22,0.0,-87140.26999279507
2003-06-23,0.0,-87140.26999279507
2003-06-24,0.0,-87140.26999279507
2003-06-25,0.0,-87140.26999279507
2003-06-26,0.0,-87140.26999279507
2003-06-27,-456.42986500360246,-87596.69985779864
2003-06-28,0.0,-87596.69985779864
2003-06-29,0.0,-87596.69985779864
2003-06-30,0.0,-87596.69985779864
2003-07-01,0.0,-87596.69985779864
2003-07-02,0.0,-87596.69985779864
2003-07-03,0.0,-87596.69985779864
2003-07-04,-456.20165007110074,-88052.90150786971
2003-07-05,0.0,-88052.90150786971
2003-07-06,0.0,-88052.90150786971
2003-07-07,0.0,-88052.90150786971
2003-07-08,0.0,-88052.90150786971
2003-07-09,0.0,-88052.90150786971
2003-07-10,0.0,-88052.90150786971
2003-07-11,-455.97354924606515,-88508.8750571158
2003-07-12,0.0,-88508.8750571158
2003-07-13,0.0,-88508.8750571158
2003-07-14,0.0,-88508.8750571158
2003-07-15,0.0,-88508.8750571158
2003-07-16,0.0,-88508.8750571158
2003-07-17,0.0,-88508.8750571158
2003-07-18,-455.7455624714421,-88964.62061958725
2003-07-19,0.0,-88964.62061958725
2003-07-20,0.0,-88964.62061958725
2003-07-21,0.0,-88964.62061958725
2003-07-22,0.0,-88964.62061958725
2003-07-23,0.0,-88964.62061958725
2003-07-24,0.0,-88964.62061958725
2003-07-25,-455.5176896902064,-89420.13830927748
2003-07-26,0.0,-89420.13830927748
2003-07-27,0.0,-89420.13830927748
2003-07-28,0.0,-89420.13830927748
2003-07-29,0.0,-89420.13830927748
2003-07-30,0.0,-89420.13830927748
2003-07-31,0.0,-89420.13830927748
2003-08-01,-455.2899308453613,-89875.42824012286
2003-08-02,0.0,-89875.42824012286
2003-08-03,0.0,-89875.42824012286
2003-08-04,0.0,-89875.42824012286
2003-08-05,0.0,-89875.42824012286
2003-08-06,0.0,-89875.42824012286
2003-08-07,0.0,-89875.42824012286
2003-08-08,-455.0622858799386,-90330.49052600283
2003-08-09,0.0,-90330.49052600283
2003-08-10,0.0,-90330.49052600283
2003-08-11,0.0,-90330.49052600283
2003-08-12,0.0,-90330.49052600283
2003-08-13,0.0,-90330.49052600283
2003-08-14,0.0,-90330.49052600283
2003-08-15,-454.8347547369986,-90785.32528073981
2003-08-16,0.0,-90785.32528073981
2003-08-17,0.0,-90785.32528073981
2003-08-18,0.0,-90785.32528073981
2003-08-19,0.0,-90785.32528073981
2003-08-20,0.0,-90785.32528073981
2003-08-21,0.0,-90785.32528073981
2003-08-22,-454.6073373596301,-91239.9326180995
2003-08-23,0.0,-91239.9326180995
2003-08-24,0.0,-91239.9326180995
2003-08-25,0.0,-91239.9326180995
2003-08-26,0.0,-91239.9326180995
2003-08-27,0.0,-91239.9326180995
2003-08-28,0.0,-91239.9326180995
2003-08-29,-454.3800336909503,-91694.31265179045
2003-08-30,0.0,-91694.31265179045
2003-08-31,0.0,-91694.31265179045
2003-09-01,0.0,-91694.31265179045
2003-09-02,0.0,-91694.31265179045
2003-09-03,0.0,-91694.31265179045
2003-09-04,0.0,-91694.31265179045
2003-09-05,-454.1528436741048,-92148.46549546451
2003-09-06,0.0,-92148.46549546451
2003-09-07,0.0,-92148.46549546451
2003-09-08,0.0,-92148.46549546451
2003-09-09,0.0,-92148.46549546451
2003-09-10,0.0,-92148.46549546451
2003-09-11,0.0,-92148.46549546451
2003-09-12,-453.92576725226775,-92602.39126271673
2003-09-13,0.0,-92602.39126271673
2003-09-14,0.0,-92602.39126271673
2003-09-15,0.0,-92602.39126271673
2003-09-16,0.0,-92602.39126271673
2003-09-17,0.0,-92602.39126271673
2003-09-18,0.0,-92602.39126271673
2003-09-19,-453.6988043686417,-93056.09006708534
2003-09-20,0.0,-93056.09006708534
2003-09-21,0.0,-93056.09006708534
2003-09-22,0.0,-93056.09006708534
2003-09-23,0.0,-93056.09006708534
2003-09-24,0.0,-93056.09006708534
2003-09-25,0.0,-93056.09006708534
2003-09-26,-453.47195496645736,-93509.56202205177
2003-09-27,0.0,-93509.56202205177
2003-09-28,0.0,-93509.56202205177
2003-09-29,0.0,-93509.56202205177
2003-09-30,0.0,-93509.56202205177
2003-10-01,0.0,-93509.56202205177
2003-10-02,0.0,-93509.56202205177
2003-10-03,-543.894262786769,-94053.4562848385
2003-10-04,0.0,-94053.4562848385
2003-10-05,0.0,-94053.4562848385
2003-10-06,0.0,-94053.4562848385
2003-10-07,0.0,-94053.4562848385
2003-10-08,0.0,-94053.4562848385
2003-10-09,0.0,-94053.4562848385
2003-10-10,-543.5679262290969,-94597.02421106759
2003-10-11,0.0,-94597.02421106759
2003-10-12,0.0,-94597.02421106759
2003-10-13,0.0,-94597.02421106759
2003-10-14,0.0,-94597.02421106759
2003-10-15,0.0,-94597.02421106759
2003-10-16,0.0,-94597.02421106759
2003-10-17,-452.70148789446625,-95049.72569896211
2003-10-18,0.0,-95049.72569896211
2003-10-19,0.0,-95049.72569896211
2003-10-20,0.0,-95049.72569896211
2003-10-21,0.0,-95049.72569896211
2003-10-22,0.0,-95049.72569896211
2003-10-23,0.0,-95049.72569896211
2003-10-24,-542.9701645806228,-95592.69586354273
2003-10-25,0.0,-95592.69586354273
2003-10-26,0.0,-95592.69586354273
2003-10-27,0.0,-95592.69586354273
2003-10-28,0.0,-95592.69586354273
2003-10-29,0.0,-95592.69586354273
2003-10-30,0.0,-95592.69586354273
2003-10-31,-542.6443824818745,-96135.34024602466
2003-11-01,0.0,-96135.34024602466
2003-11-02,0.0,-96135.34024602466
2003-11-03,0.0,-96135.34024602466
2003-11-04,0.0,-96135.34024602466
2003-11-05,0.0,-96135.34024602466
2003-11-06,0.0,-96135.34024602466
2003-11-07,-542.3187958523853,-96677.65904187702
2003-11-08,0.0,-96677.65904187702
2003-11-09,0.0,-96677.65904187702
2003-11-10,0.0,-96677.65904187702
2003-11-11,0.0,-96677.65904187702
2003-11-12,0.0,-96677.65904187702
2003-11-13,0.0,-96677.65904187702
2003-11-14,-451.6611704790616,-97129.32021235605
2003-11-15,0.0,-97129.32021235605
2003-11-16,0.0,-97129.32021235605
2003-11-17,0.0,-97129.32021235605
2003-11-18,0.0,-97129.32021235605
2003-11-19,0.0,-97129.32021235605
2003-11-20,0.0,-97129.32021235605
2003-11-21,-451.435339893822,-97580.75555224984
2003-11-22,0.0,-97580.75555224984
2003-11-23,0.0,-97580.75555224984
2003-11-24,0.0,-97580.75555224984
2003-11-25,0.0,-97580.75555224984
2003-11-26,0.0,-97580.75555224984
2003-11-27,0.0,-97580.75555224984
2003-11-28,-451.20962222387516,-98031.9651744737
2003-11-29,0.0,-98031.9651744737
2003-11-30,0.0,-98031.9651744737
2003-12-01,0.0,-98031.9651744737
2003-12-02,0.0,-98031.9651744737
2003-12-03,0.0,-98031.9651744737
2003-12-04,0.0,-98031.9651744737
2003-12-05,-450.9840174127632,-98482.94919188647
2003-12-06,0.0,-98482.94919188647
2003-12-07,0.0,-98482.94919188647
2003-12-08,0.0,-98482.94919188647
2003-12-09,0.0,-98482.94919188647
2003-12-10,0.0,-98482.94919188647
2003-12-11,0.0,-98482.94919188647
2003-12-12,-450.7585254040568,-98933.7077172905
2003-12-13,0.0,-98933.7077172905
2003-12-14,0.0,-98933.7077172905
2003-12-15,0.0,-98933.7077172905
2003-12-16,0.0,-98933.7077172905
2003-12-17,0.0,-98933.7077172905
2003-12-18,0.0,-98933.7077172905
2003-12-19,-540.6397753696258,-99474.34749266016
2003-12-20,0.0,-99474.34749266016
2003-12-21,0.0,-99474.34749266016
2003-12-22,0.0,-99474.34749266016
2003-12-23,0.0,-99474.34749266016
2003-12-24,0.0,-99474.34749266016
2003-12-25,0.0,-99474.34749266016
2003-12-26,-540.3153915044039,-100014.6628841646
2003-12-27,0.0,-100014.6628841646
2003-12-28,0.0,-100014.6628841646
2003-12-29,0.0,-100014.6628841646
2003-12-30,0.0,-100014.6628841646
2003-12-31,0.0,-100014.6628841646
2004-01-01,0.0,-100014.6628841646
2004-01-02,-539.9912022695013,-100554.65408643405
2004-01-03,0.0,-100554.65408643405
2004-01-04,0.0,-100554.65408643405
2004-01-05,0.0,-100554.65408643405
2004-01-06,0.0,-100554.65408643405
2004-01-07,0.0,-100554.65408643405
2004-01-08,0.0,-100554.65408643405
2004-01-09,-539.6672075481396,-101094.32129398221
2004-01-10,0.0,-101094.32129398221
2004-01-11,0.0,-101094.32129398221
2004-01-12,0.0,-101094.32129398221
2004-01-13,0.0,-101094.32129398221
2004-01-14,0.0,-101094.32129398221
2004-01-15,0.0,-101094.32129398221
2004-01-16,-539.3434072236106,-101633.6647012058
2004-01-17,0.0,-101633.6647012058
2004-01-18,0.0,-101633.6647012058
2004-01-19,0.0,-101633.6647012058
2004-01-20,0.0,-101633.6647012058
2004-01-21,0.0,-101633.6647012058
2004-01-22,0.0,-101633.6647012058
2004-01-23,-539.0198011792766,-102172.68450238509
2004-01-24,0.0,-102172.68450238509
2004-01-25,0.0,-102172.68450238509
2004-01-26,0.0,-102172.68450238509
2004-01-27,0.0,-102172.68450238509
2004-01-28,0.0,-102172.68450238509
2004-01-29,0.0,-102172.68450238509
2004-01-30,-538.6963892985689,-102711.38089168363
2004-01-31,0.0,-102711.38089168363
2004-02-01,0.0,-102711.38089168363
2004-02-02,0.0,-102711.38089168363
2004-02-03,0.0,-102711.38089168363
2004-02-04,0.0,-102711.38089168363
2004-02-05,0.0,-102711.38089168363
2004-02-06,-538.3731714649899,-103249.75406314863
2004-02-07,0.0,-103249.75406314863
2004-02-08,0.0,-103249.75406314863
2004-02-09,0.0,-103249.75406314863
2004-02-10,0.0,-103249.75406314863
2004-02-11,0.0,-103249.75406314863
2004-02-12,0.0,-103249.75406314863
2004-02-13,-538.0501475621109,-103787.80421071069
2004-02-14,0.0,-103787.80421071069
2004-02-15,0.0,-103787.80421071069
2004-02-16,0.0,-103787.80421071069
2004-02-17,0.0,-103787.80421071069
2004-02-18,0.0,-103787.80421071069
2004-02-19,0.0,-103787.80421071069
2004-02-20,-537.7273174735736,-104325.5315281843
2004-02-21,0.0,-104325.5315281843
2004-02-22,0.0,-104325.5315281843
2004-02-23,0.0,-104325.5315281843
2004-02-24,0.0,-104325.5315281843
2004-02-25,0.0,-104325.5315281843
2004-02-26,0.0,-104325.5315281843
2004-02-27,-537.4046810830895,-104862.93620926735
2004-02-28,0.0,-104862.93620926735
2004-02-29,0.0,-104862.93620926735
2004-03-01,0.0,-104862.93620926735
2004-03-02,0.0,-104862.93620926735
2004-03-03,0.0,-104862.93620926735
2004-03-04,0.0,-104862.93620926735
2004-03-05,-447.56853189536633,-105310.50474116276
2004-03-06,0.0,-105310.50474116276
2004-03-07,0.0,-105310.50474116276
2004-03-08,0.0,-105310.50474116276
2004-03-09,0.0,-105310.50474116276
2004-03-10,0.0,-105310.50474116276
2004-03-11,0.0,-105310.50474116276
2004-03-12,-447.34474762941863,-105757.84948879213
2004-03-13,0.0,-105757.84948879213
2004-03-14,0.0,-105757.84948879213
2004-03-15,0.0,-105757.84948879213
2004-03-16,0.0,-105757.84948879213
2004-03-17,0.0,-105757.84948879213
2004-03-18,0.0,-105757.84948879213
2004-03-19,-447.12107525560396,-106204.97056404769
2004-03-20,0.0,-106204.97056404769
2004-03-21,0.0,-106204.97056404769
2004-03-22,0.0,-106204.97056404769
2004-03-23,0.0,-106204.97056404769
2004-03-24,0.0,-106204.97056404769
2004-03-25,0.0,-106204.97056404769
2004-03-26,-446.89751471797615,-106651.86807876569
2004-03-27,0.0,-106651.86807876569
2004-03-28,0.0,-106651.86807876569
2004-03-29,0.0,-106651.86807876569
2004-03-30,0.0,-106651.86807876569
2004-03-31,0.0,-106651.86807876569
2004-04-01,0.0,-106651.86807876569
2004-04-02,-446.67406596061716,-107098.54214472626
2004-04-03,0.0,-107098.54214472626
2004-04-04,0.0,-107098.54214472626
2004-04-05,0.0,-107098.54214472626
2004-04-06,0.0,-107098.54214472626
2004-04-07,0.0,-107098.54214472626
2004-04-08,0.0,-107098.54214472626
2004-04-09,-446.4507289276369,-107544.99287365389
2004-04-10,0.0,-107544.99287365389
2004-04-11,0.0,-107544.99287365389
2004-04-12,0.0,-107544.99287365389
2004-04-13,0.0,-107544.99287365389
2004-04-14,0.0,-107544.99287365389
2004-04-15,0.0,-107544.99287365389
2004-04-16,-446.2275035631731,-107991.22037721705
2004-04-17,0.0,-107991.22037721705
2004-04-18,0.0,-107991.22037721705
2004-04-19,0.0,-107991.22037721705
2004-04-20,0.0,-107991.22037721705
2004-04-21,0.0,-107991.22037721705
2004-04-22,0.0,-107991.22037721705
2004-04-23,-446.00438981139155,-108437.22476702847
2004-04-24,0.0,-108437.22476702847
2004-04-25,0.0,-108437.22476702847
2004-04-26,0.0,-108437.22476702847
2004-04-27,0.0,-108437.22476702847
2004-04-28,0.0,-108437.22476702847
2004-04-29,0.0,-108437.22476702847
2004-04-30,-445.7813876164858,-108883.006154645
2004-05-01,0.0,-108883.006154645
2004-05-02,0.0,-108883.006154645
2004-05-03,0.0,-108883.006154645
2004-05-04,0.0,-108883.006154645
2004-05-05,0.0,-108883.006154645
2004-05-06,0.0,-108883.006154645
2004-05-07,-445.55849692267753,-109328.56465156772
2004-05-08,0.0,-109328.56465156772
2004-05-09,0.0,-109328.56465156772
2004-05-10,0.0,-109328.56465156772
2004-05-11,0.0,-109328.56465156772
2004-05-12,0.0,-109328.56465156772
2004-05-13,0.0,-109328.56465156772
2004-05-14,-445.33571767421614,-109773.90036924195
2004-05-15,0.0,-109773.90036924195
2004-05-16,0.0,-109773.90036924195
2004-05-17,0.0,-109773.90036924195
2004-05-18,0.0,-109773.90036924195
2004-05-19,0.0,-109773.90036924195
2004-05-20,0.0,-109773.90036924195
2004-05-21,-445.11304981537904,-110219.01341905736
2004-05-22,0.0,-110219.01341905736
2004-05-23,0.0,-110219.01341905736
2004-05-24,0.0,-110219.01341905736
2004-05-25,0.0,-110219.01341905736
2004-05-26,0.0,-110219.01341905736
2004-05-27,0.0,-110219.01341905736
2004-05-28,-444.89049329047134,-110663.90391234786
2004-05-29,0.0,-110663.90391234786
2004-05-30,0.0,-110663.90391234786
2004-05-31,0.0,-110663.90391234786
2004-06-01,0.0,-110663.90391234786
2004-06-02,0.0,-110663.90391234786
2004-06-03,0.0,-110663.90391234786
2004-06-04,-533.6016576525914,-111197.5055700005
2004-06-05,0.0,-111197.5055700005
2004-06-06,0.0,-111197.5055700005
2004-06-07,0.0,-111197.5055700005
2004-06-08,0.0,-111197.5055700005
2004-06-09,0.0,-111197.5055700005
2004-06-10,0.0,-111197.5055700005
2004-06-11,-533.2814966579997,-111730.7870666585
2004-06-12,0.0,-111730.7870666585
2004-06-13,0.0,-111730.7870666585
2004-06-14,0.0,-111730.7870666585
2004-06-15,0.0,-111730.7870666585
2004-06-16,0.0,-111730.7870666585
2004-06-17,0.0,-111730.7870666585
2004-06-18,-444.13460646667085,-112174.92167312512
2004-06-19,0.0,-112174.92167312512
2004-06-20,0.0,-112174.92167312512
2004-06-21,0.0,-112174.92167312512
2004-06-22,0.0,-112174.92167312512
2004-06-23,0.0,-112174.92167312512
2004-06-24,0.0,-112174.92167312512
2004-06-25,-532.6950469961249,-112707.61672012124
2004-06-26,0.0,-112707.61672012124
2004-06-27,0.0,-112707.61672012124
2004-06-28,0.0,-112707.61672012124
2004-06-29,0.0,-112707.61672012124
2004-06-30,0.0,-112707.61672012124
2004-07-01,0.0,-112707.61672012124
2004-07-02,-532.3754299679273,-113239.99215008912
2004-07-03,0.0,-113239.99215008912
2004-07-04,0.0,-113239.99215008912
2004-07-05,0.0,-113239.99215008912
2004-07-06,0.0,-113239.99215008912
2004-07-07,0.0,-113239.99215008912
2004-07-08,0.0,-113239.99215008912
2004-07-09,-443.3800039249555,-113683.37215401407
2004-07-10,0.0,-113683.37215401407
2004-07-11,0.0,-113683.37215401407
2004-07-12,0.0,-113683.37215401407
2004-07-13,0.0,-113683.37215401407
2004-07-14,0.0,-113683.37215401407
2004-07-15,0.0,-113683.37215401407
2004-07-16,-443.158313922993,-114126.53046793712
2004-07-17,0.0,-114126.53046793712
2004-07-18,0.0,-114126.53046793712
2004-07-19,0.0,-114126.53046793712
2004-07-20,0.0,-114126.53046793712
2004-07-21,0.0,-114126.53046793712
2004-07-22,0.0,-114126.53046793712
2004-07-23,-442.93673476603146,-114569.46720270312
2004-07-24,0.0,-114569.46720270312
2004-07-25,0.0,-114569.46720270312
2004-07-26,0.0,-114569.46720270312
2004-07-27,0.0,-114569.46720270312
2004-07-28,0.0,-114569.46720270312
2004-07-29,0.0,-114569.46720270312
2004-07-30,-442.71526639864845,-115012.18246910174
2004-07-31,0.0,-115012.18246910174
2004-08-01,0.0,-115012.18246910174
2004-08-02,0.0,-115012.18246910174
2004-08-03,0.0,-115012.18246910174
2004-08-04,0.0,-115012.18246910174
2004-08-05,0.0,-115012.18246910174
2004-08-06,-442.4939087654492,-115454.67637786723
2004-08-07,0.0,-115454.67637786723
2004-08-08,0.0,-115454.67637786723
2004-08-09,0.0,-115454.67637786723
2004-08-10,0.0,-115454.67637786723
2004-08-11,0.0,-115454.67637786723
2004-08-12,0.0,-115454.67637786723
2004-08-13,-442.2726618110664,-115896.94903967832
2004-08-14,0.0,-115896.94903967832
2004-08-15,0.0,-115896.94903967832
2004-08-16,0.0,-115896.94903967832
2004-08-17,0.0,-115896.94903967832
2004-08-18,0.0,-115896.94903967832
2004-08-19,0.0,-115896.94903967832
2004-08-20,-442.0515254801609,-116339.00056515844
2004-08-21,0.0,-116339.00056515844
2004-08-22,0.0,-116339.00056515844
2004-08-23,0.0,-116339.00056515844
2004-08-24,0.0,-116339.00056515844
2004-08-25,0.0,-116339.00056515844
2004-08-26,0.0,-116339.00056515844
2004-08-27,-441.8304997174208,-116780.83106487582
2004-08-28,0.0,-116780.83106487582
2004-08-29,0.0,-116780.83106487582
2004-08-30,0.0,-116780.83106487582
2004-08-31,0.0,-116780.83106487582
2004-09-01,0.0,-116780.83106487582
2004-09-02,0.0,-116780.83106487582
2004-09-03,-441.6095844675621,-117222.44064934342
2004-09-04,0.0,-117222.44064934342
2004-09-05,0.0,-117222.44064934342
2004-09-06,0.0,-117222.44064934342
2004-09-07,0.0,-117222.44064934342
2004-09-08,0.0,-117222.44064934342
2004-09-09,0.0,-117222.44064934342
2004-09-10,-441.38877967532835,-117663.82942901878
2004-09-11,0.0,-117663.82942901878
2004-09-12,0.0,-117663.82942901878
2004-09-13,0.0,-117663.82942901878
2004-09-14,0.0,-117663.82942901878
2004-09-15,0.0,-117663.82942901878
2004-09-16,0.0,-117663.82942901878
2004-09-17,-441.1680852854907,-118104.99751430424
2004-09-18,0.0,-118104.99751430424
2004-09-19,0.0,-118104.99751430424
2004-09-20,0.0,-118104.99751430424
2004-09-21,0.0,-118104.99751430424
2004-09-22,0.0,-118104.99751430424
2004-09-23,0.0,-118104.99751430424
2004-09-24,-440.9475012428479,-118545.9450155471
2004-09-25,0.0,-118545.9450155471
2004-09-26,0.0,-118545.9450155471
2004-09-27,0.0,-118545.9450155471
2004-09-28,0.0,-118545.9450155471
2004-09-29,0.0,-118545.9450155471
2004-09-30,0.0,-118545.9450155471
2004-10-01,-440.7270274922265,-118986.67204303935
2004-10-02,0.0,-118986.67204303935
2004-10-03,0.0,-118986.67204303935
2004-10-04,0.0,-118986.67204303935
2004-10-05,0.0,-118986.67204303935
2004-10-06,0.0,-118986.67204303935
2004-10-07,0.0,-118986.67204303935
2004-10-08,-440.5066639784804,-119427.1787070178
2004-10-09,0.0,-119427.1787070178
2004-10-10,0.0,-119427.1787070178
2004-10-11,0.0,-119427.1787070178
2004-10-12,0.0,-119427.1787070178
2004-10-13,0.0,-119427.1787070178
2004-10-14,0.0,-119427.1787070178
2004-10-15,-440.28641064649116,-119867.46511766431
2004-10-16,0.0,-119867.46511766431
2004-10-17,0.0,-119867.46511766431
2004-10-18,0.0,-119867.46511766431
2004-10-19,0.0,-119867.46511766431
2004-10-20,0.0,-119867.46511766431
2004-10-21,0.0,-119867.46511766431
2004-10-22,-528.0795209294014,-120395.54463859368
2004-10-23,0.0,-120395.54463859368
2004-10-24,0.0,-120395.54463859368
2004-10-25,0.0,-120395.54463859368
2004-10-26,0.0,-120395.54463859368
2004-10-27,0.0,-120395.54463859368
2004-10-28,0.0,-120395.54463859368
2004-10-29,-439.80222768070325,-120835.34686627437
2004-10-30,0.0,-120835.34686627437
2004-10-31,0.0,-120835.34686627437
2004-11-01,0.0,-120835.34686627437
2004-11-02,0.0,-120835.34686627437
2004-11-03,0.0,-120835.34686627437
2004-11-04,0.0,-120835.34686627437
2004-11-05,-439.58232656686283,-121274.92919284129
2004-11-06,0.0,-121274.92919284129
2004-11-07,0.0,-121274.92919284129
2004-11-08,0.0,-121274.92919284129
2004-11-09,0.0,-121274.92919284129
2004-11-10,0.0,-121274.92919284129
2004-11-11,0.0,-121274.92919284129
2004-11-12,-439.3625354035794,-121714.29172824486
2004-11-13,0.0,-121714.29172824486
2004-11-14,0.0,-121714.29172824486
2004-11-15,0.0,-121714.29172824486
2004-11-16,0.0,-121714.29172824486
2004-11-17,0.0,-121714.29172824486
2004-11-18,0.0,-121714.29172824486
2004-11-19,-439.1428541358776,-122153.4345823807
2004-11-20,0.0,-122153.4345823807
2004-11-21,0.0,-122153.4345823807
2004-11-22,0.0,-122153.4345823807
2004-11-23,0.0,-122153.4345823807
2004-11-24,0.0,-122153.4345823807
2004-11-25,0.0,-122153.4345823807
2004-11-26,-438.9232827088097,-122592.35786508955
2004-11-27,0.0,-122592.35786508955
2004-11-28,0.0,-122592.35786508955
2004-11-29,0.0,-122592.35786508955
2004-11-30,0.0,-122592.35786508955
2004-12-01,0.0,-122592.35786508955
2004-12-02,0.0,-122592.35786508955
2004-12-03,-438.7038210674553,-123031.06168615702
2004-12-04,0.0,-123031.06168615702
2004-12-05,0.0,-123031.06168615702
2004-12-06,0.0,-123031.06168615702
2004-12-07,0.0,-123031.06168615702
2004-12-08,0.0,-123031.06168615702
2004-12-09,0.0,-123031.06168615702
2004-12-10,-526.1813629883059,-123557.24304914533
2004-12-11,0.0,-123557.24304914533
2004-12-12,0.0,-123557.24304914533
2004-12-13,0.0,-123557.24304914533
2004-12-14,0.0,-123557.24304914533
2004-12-15,0.0,-123557.24304914533
2004-12-16,0.0,-123557.24304914533
2004-12-17,-438.22137847542734,-123995.46442762075
2004-12-18,0.0,-123995.46442762075
2004-12-19,0.0,-123995.46442762075
2004-12-20,0.0,-123995.46442762075
2004-12-21,0.0,-123995.46442762075
2004-12-22,0.0,-123995.46442762075
2004-12-23,0.0,-123995.46442762075
2004-12-24,-438.00226778618963,-124433.46669540694
2004-12-25,0.0,-124433.46669540694
2004-12-26,0.0,-124433.46669540694
2004-12-27,0.0,-124433.46669540694
2004-12-28,0.0,-124433.46669540694
2004-12-29,0.0,-124433.46669540694
2004-12-30,0.0,-124433.46669540694
2004-12-31,-437.7832666522966,-124871.2499620592
2005-01-01,0.0,-124871.2499620592
2005-01-02,0.0,-124871.2499620592
2005-01-03,0.0,-124871.2499620592
2005-01-04,0.0,-124871.2499620592
2005-01-05,0.0,-124871.2499620592
2005-01-06,0.0,-124871.2499620592
2005-01-07,-437.56437501897045,-125308.81433707813
2005-01-08,0.0,-125308.81433707813
2005-01-09,0.0,-125308.81433707813
2005-01-10,0.0,-125308.81433707813
2005-01-11,0.0,-125308.81433707813
2005-01-12,0.0,-125308.81433707813
2005-01-13,0.0,-125308.81433707813
2005-01-14,-437.345592831461,-125746.15992990963
2005-01-15,0.0,-125746.15992990963
2005-01-16,0.0,-125746.15992990963
2005-01-17,0.0,-125746.15992990963
2005-01-18,0.0,-125746.15992990963
2005-01-19,0.0,-125746.15992990963
2005-01-20,0.0,-125746.15992990963
2005-01-21,-437.1269200350452,-126183.28684994462
2005-01-22,0.0,-126183.28684994462
2005-01-23,0.0,-126183.28684994462
2005-01-24,0.0,-126183.28684994462
2005-01-25,0.0,-126183.28684994462
2005-01-26,0.0,-126183.28684994462
2005-01-27,0.0,-126183.28684994462
2005-01-28,-436.9083565750277,-126620.19520651968
2005-01-29,0.0,-126620.19520651968
2005-01-30,0.0,-126620.19520651968
2005-01-31,0.0,-126620.19520651968
2005-02-01,0.0,-126620.19520651968
2005-02-02,0.0,-126620.19520651968
2005-02-03,0.0,-126620.19520651968
2005-02-04,-436.68990239674025,-127056.88510891644
2005-02-05,0.0,-127056.88510891644
2005-02-06,0.0,-127056.88510891644
2005-02-07,0.0,-127056.88510891644
2005-02-08,0.0,-127056.88510891644
2005-02-09,0.0,-127056.88510891644
2005-02-10,0.0,-127056.88510891644
2005-02-11,-436.47155744554186,-127493.35666636203
2005-02-12,0.0,-127493.35666636203
2005-02-13,0.0,-127493.35666636203
2005-02-14,0.0,-127493.35666636203
2005-02-15,0.0,-127493.35666636203
2005-02-16,0.0,-127493.35666636203
2005-02-17,0.0,-127493.35666636203
2005-02-18,-523.5039860001829,-128016.86065236223
2005-02-19,0.0,-128016.86065236223
2005-02-20,0.0,-128016.86065236223
2005-02-21,0.0,-128016.86065236223
2005-02-22,0.0,-128016.86065236223
2005-02-23,0.0,-128016.86065236223
2005-02-24,0.0,-128016.86065236223
2005-02-25,-435.9915696738189,-128452.8522220361
2005-02-26,0.0,-128452.8522220361
2005-02-27,0.0,-128452.8522220361
2005-02-28,0.0,-128452.8522220361
2005-03-01,0.0,-128452.8522220361
2005-03-02,0.0,-128452.8522220361
2005-03-03,0.0,-128452.8522220361
2005-03-04,-522.9282886667784,-128975.78051070287
2005-03-05,0.0,-128975.78051070287
2005-03-06,0.0,-128975.78051070287
2005-03-07,0.0,-128975.78051070287
2005-03-08,0.0,-128975.78051070287
2005-03-09,0.0,-128975.78051070287
2005-03-10,0.0,-128975.78051070287
2005-03-11,-522.6145316935783,-129498.3950423965
2005-03-12,0.0,-129498.3950423965
2005-03-13,0.0,-129498.3950423965
2005-03-14,0.0,-129498.3950423965
2005-03-15,0.0,-129498.3950423965
2005-03-16,0.0,-129498.3950423965
2005-03-17,0.0,-129498.3950423965
2005-03-18,-435.2508024788018,-129933.64584487525
2005-03-19,0.0,-129933.64584487525
2005-03-20,0.0,-129933.64584487525
2005-03-21,0.0,-129933.64584487525
2005-03-22,0.0,-129933.64584487525
2005-03-23,0.0,-129933.64584487525
2005-03-24,0.0,-129933.64584487525
2005-03-25,-435.0331770775624,-130368.67902195279
2005-03-26,0.0,-130368.67902195279
2005-03-27,0.0,-130368.67902195279
2005-03-28,0.0,-130368.67902195279
2005-03-29,0.0,-130368.67902195279
2005-03-30,0.0,-130368.67902195279
2005-03-31,0.0,-130368.67902195279
2005-04-01,-434.8156604890237,-130803.49468244181
2005-04-02,0.0,-130803.49468244181
2005-04-03,0.0,-130803.49468244181
2005-04-04,0.0,-130803.49468244181
2005-04-05,0.0,-130803.49468244181
2005-04-06,0.0,-130803.49468244181
2005-04-07,0.0,-130803.49468244181
2005-04-08,-434.5982526587791,-131238.09293510055
2005-04-09,0.0,-131238.09293510055
2005-04-10,0.0,-131238.09293510055
2005-04-11,0.0,-131238.09293510055
2005-04-12,0.0,-131238.09293510055
2005-04-13,0.0,-131238.09293510055
2005-04-14,0.0,-131238.09293510055
2005-04-15,-434.3809535324498,-131672.47388863296
2005-04-16,0.0,-131672.47388863296
2005-04-17,0.0,-131672.47388863296
2005-04-18,0.0,-131672.47388863296
2005-04-19,0.0,-131672.47388863296
2005-04-20,0.0,-131672.47388863296
2005-04-21,0.0,-131672.47388863296
2005-04-22,-434.16376305568355,-132106.63765168865
2005-04-23,0.0,-132106.63765168865
2005-04-24,0.0,-132106.63765168865
2005-04-25,0.0,-132106.63765168865
2005-04-26,0.0,-132106.63765168865
2005-04-27,0.0,-132106.63765168865
2005-04-28,0.0,-132106.63765168865
2005-04-29,-433.9466811741557,-132540.58433286275
2005-04-30,0.0,-132540.58433286275
2005-05-01,0.0,-132540.58433286275
2005-05-02,0.0,-132540.58433286275
2005-05-03,0.0,-132540.58433286275
2005-05-04,0.0,-132540.58433286275
2005-05-05,0.0,-132540.58433286275
2005-05-06,-433.7297078335687,-132974.31404069636
2005-05-07,0.0,-132974.31404069636
2005-05-08,0.0,-132974.31404069636
2005-05-09,0.0,-132974.31404069636
2005-05-10,0.0,-132974.31404069636
2005-05-11,0.0,-132974.31404069636
2005-05-12,0.0,-132974.31404069636
2005-05-13,-520.2154115755822,-133494.529452272
2005-05-14,0.0,-133494.529452272
2005-05-15,0.0,-133494.529452272
2005-05-16,0.0,-133494.529452272
2005-05-17,0.0,-133494.529452272
2005-05-18,0.0,-133494.529452272
2005-05-19,0.0,-133494.529452272
2005-05-20,-519.9032823286368,-134014.43273460062
2005-05-21,0.0,-134014.43273460062
2005-05-22,0.0,-134014.43273460062
2005-05-23,0.0,-134014.43273460062
2005-05-24,0.0,-134014.43273460062
2005-05-25,0.0,-134014.43273460062
2005-05-26,0.0,-134014.43273460062
2005-05-27,-432.99278363269974,-134447.42551823333
2005-05-28,0.0,-134447.42551823333
2005-05-29,0.0,-134447.42551823333
2005-05-30,0.0,-134447.42551823333
2005-05-31,0.0,-134447.42551823333
2005-06-01,0.0,-134447.42551823333
2005-06-02,0.0,-134447.42551823333
2005-06-03,-519.33154468906,-134966.75706292235
2005-06-04,0.0,-134966.75706292235
2005-06-05,0.0,-134966.75706292235
2005-06-06,0.0,-134966.75706292235
2005-06-07,0.0,-134966.75706292235
2005-06-08,0.0,-134966.75706292235
2005-06-09,0.0,-134966.75706292235
2005-06-10,-432.51662146853886,-135399.27368439094
2005-06-11,0.0,-135399.27368439094
2005-06-12,0.0,-135399.27368439094
2005-06-13,0.0,-135399.27368439094
2005-06-14,0.0,-135399.27368439094
2005-06-15,0.0,-135399.27368439094
2005-06-16,0.0,-135399.27368439094
2005-06-17,-432.30036315780455,-135831.5740475487
2005-06-18,0.0,-135831.5740475487
2005-06-19,0.0,-135831.5740475487
2005-06-20,0.0,-135831.5740475487
2005-06-21,0.0,-135831.5740475487
2005-06-22,0.0,-135831.5740475487
2005-06-23,0.0,-135831.5740475487
2005-06-24,-432.0842129762257,-136263.65826052497
2005-06-25,0.0,-136263.65826052497
2005-06-26,0.0,-136263.65826052497
2005-06-27,0.0,-136263.65826052497
2005-06-28,0.0,-136263.65826052497
2005-06-29,0.0,-136263.65826052497
2005-06-30,0.0,-136263.65826052497
2005-07-01,-431.8681708697375,-136695.52643139474
2005-07-02,0.0,-136695.52643139474
2005-07-03,0.0,-136695.52643139474
2005-07-04,0.0,-136695.52643139474
2005-07-05,0.0,-136695.52643139474
2005-07-06,0.0,-136695.52643139474
2005-07-07,0.0,-136695.52643139474
2005-07-08,-431.65223678430266,-137127.17866817908
2005-07-09,0.0,-137127.17866817908
2005-07-10,0.0,-137127.17866817908
2005-07-11,0.0,-137127.17866817908
2005-07-12,0.0,-137127.17866817908
2005-07-13,0.0,-137127.17866817908
2005-07-14,0.0,-137127.17866817908
2005-07-15,-431.4364106659105,-137558.61507884494
2005-07-16,0.0,-137558.61507884494
2005-07-17,0.0,-137558.61507884494
2005-07-18,0.0,-137558.61507884494
2005-07-19,0.0,-137558.61507884494
2005-07-20,0.0,-137558.61507884494
2005-07-21,0.0,-137558.61507884494
2005-07-22,-431.22069246057754,-137989.8357713055
2005-07-23,0.0,-137989.8357713055
2005-07-24,0.0,-137989.8357713055
2005-07-25,0.0,-137989.8357713055
2005-07-26,0.0,-137989.8357713055
2005-07-27,0.0,-137989.8357713055
2005-07-28,0.0,-137989.8357713055
2005-07-29,-431.0050821143473,-138420.84085341985
2005-07-30,0.0,-138420.84085341985
2005-07-31,0.0,-138420.84085341985
2005-08-01,0.0,-138420.84085341985
2005-08-02,0.0,-138420.84085341985
2005-08-03,0.0,-138420.84085341985
2005-08-04,0.0,-138420.84085341985
2005-08-05,-430.7895795732901,-138851.63043299317
2005-08-06,0.0,-138851.63043299317
2005-08-07,0.0,-138851.63043299317
2005-08-08,0.0,-138851.63043299317
2005-08-09,0.0,-138851.63043299317
2005-08-10,0.0,-138851.63043299317
2005-08-11,0.0,-138851.63043299317
2005-08-12,-430.5741847835034,-139282.20461777668
2005-08-13,0.0,-139282.20461777668
2005-08-14,0.0,-139282.20461777668
2005-08-15,0.0,-139282.20461777668
2005-08-16,0.0,-139282.20461777668
2005-08-17,0.0,-139282.20461777668
2005-08-18,0.0,-139282.20461777668
2005-08-19,-430.35889769111174,-139712.5635154678
2005-08-20,0.0,-139712.5635154678
2005-08-21,0.0,-139712.5635154678
2005-08-22,0.0,-139712.5635154678
2005-08-23,0.0,-139712.5635154678
2005-08-24,0.0,-139712.5635154678
2005-08-25,0.0,-139712.5635154678
2005-08-26,-430.1437182422661,-140142.7072337101
2005-08-27,0.0,-140142.7072337101
2005-08-28,0.0,-140142.7072337101
2005-08-29,0.0,-140142.7072337101
2005-08-30,0.0,-140142.7072337101
2005-08-31,0.0,-140142.7072337101
2005-09-01,0.0,-140142.7072337101
2005-09-02,-429.92864638314495,-140572.6358800932
2005-09-03,0.0,-140572.6358800932
2005-09-04,0.0,-140572.6358800932
2005-09-05,0.0,-140572.6358800932
2005-09-06,0.0,-140572.6358800932
2005-09-07,0.0,-140572.6358800932
2005-09-08,0.0,-140572.6358800932
2005-09-09,-429.71368205995344,-141002.3495621531
2005-09-10,0.0,-141002.3495621531
2005-09-11,0.0,-141002.3495621531
2005-09-12,0.0,-141002.3495621531
2005-09-13,0.0,-141002.3495621531
2005-09-14,0.0,-141002.3495621531
2005-09-15,0.0,-141002.3495621531
2005-09-16,-429.49882521892346,-141431.84838737198
2005-09-17,0.0,-141431.84838737198
2005-09-18,0.0,-141431.84838737198
2005-09-19,0.0,-141431.84838737198
2005-09-20,0.0,-141431.84838737198
2005-09-21,0.0,-141431.84838737198
2005-09-22,0.0,-141431.84838737198
2005-09-23,-429.2840758063141,-141861.13246317825
2005-09-24,0.0,-141861.13246317825
2005-09-25,0.0,-141861.13246317825
2005-09-26,0.0,-141861.13246317825
2005-09-27,0.0,-141861.13246317825
2005-09-28,0.0,-141861.13246317825
2005-09-29,0.0,-141861.13246317825
2005-09-30,-429.0694337684109,-142290.20189694664
2005-10-01,0.0,-142290.20189694664
2005-10-02,0.0,-142290.20189694664
2005-10-03,0.0,-142290.20189694664
2005-10-04,0.0,-142290.20189694664
2005-10-05,0.0,-142290.20189694664
2005-10-06,0.0,-142290.20189694664
2005-10-07,-428.85489905152673,-142719.05679599813
2005-10-08,0.0,-142719.05679599813
2005-10-09,0.0,-142719.05679599813
2005-10-10,0.0,-142719.05679599813
2005-10-11,0.0,-142719.05679599813
2005-10-12,0.0,-142719.05679599813
2005-10-13,0.0,-142719.05679599813
2005-10-14,-428.640471602001,-143147.6972676001
2005-10-15,0.0,-143147.6972676001
2005-10-16,0.0,-143147.6972676001
2005-10-17,0.0,-143147.6972676001
2005-10-18,0.0,-143147.6972676001
2005-10-19,0.0,-143147.6972676001
2005-10-20,0.0,-143147.6972676001
2005-10-21,-428.4261513662,-143576.1234189663
2005-10-22,0.0,-143576.1234189663
2005-10-23,0.0,-143576.1234189663
2005-10-24,0.0,-143576.1234189663
2005-10-25,0.0,-143576.1234189663
2005-10-26,0.0,-143576.1234189663
2005-10-27,0.0,-143576.1234189663
2005-10-28,-428.21193829051685,-144004.33535725682
2005-10-29,0.0,-144004.33535725682
2005-10-30,0.0,-144004.33535725682
2005-10-31,0.0,-144004.33535725682
2005-11-01,0.0,-144004.33535725682
2005-11-02,0.0,-144004.33535725682
2005-11-03,0.0,-144004.33535725682
2005-11-04,-427.9978323213716,-144432.33318957814
2005-11-05,0.0,-144432.33318957814
2005-11-06,0.0,-144432.33318957814
2005-11-07,0.0,-144432.33318957814
2005-11-08,0.0,-144432.33318957814
2005-11-09,0.0,-144432.33318957814
2005-11-10,0.0,-144432.33318957814
2005-11-11,-427.783833405211,-144860.11702298338
2005-11-12,0.0,-144860.11702298338
2005-11-13,0.0,-144860.11702298338
2005-11-14,0.0,-144860.11702298338
2005-11-15,0.0,-144860.11702298338
2005-11-16,0.0,-144860.11702298338
2005-11-17,0.0,-144860.11702298338
2005-11-18,-427.56994148850833,-145287.68696447194
2005-11-19,0.0,-145287.68696447194
2005-11-20,0.0,-145287.68696447194
2005-11-21,0.0,-145287.68696447194
2005-11-22,0.0,-145287.68696447194
2005-11-23,0.0,-145287.68696447194
2005-11-24,0.0,-145287.68696447194
2005-11-25,-427.356156517764,-145715.0431209897
2005-11-26,0.0,-145715.0431209897
2005-11-27,0.0,-145715.0431209897
2005-11-28,0.0,-145715.0431209897
2005-11-29,0.0,-145715.0431209897
2005-11-30,0.0,-145715.0431209897
2005-12-01,0.0,-145715.0431209897
2005-12-02,-427.1424784395052,-146142.18559942918
2005-12-03,0.0,-146142.18559942918
2005-12-04,0.0,-146142.18559942918
2005-12-05,0.0,-146142.18559942918
2005-12-06,0.0,-146142.18559942918
2005-12-07,0.0,-146142.18559942918
2005-12-08,0.0,-146142.18559942918
2005-12-09,-426.9289072002855,-146569.1145066294
2005-12-10,0.0,-146569.1145066294
2005-12-11,0.0,-146569.1145066294
2005-12-12,0.0,-146569.1145066294
2005-12-13,0.0,-146569.1145066294
2005-12-14,0.0,-146569.1145066294
2005-12-15,0.0,-146569.1145066294
2005-12-16,-426.7154427466853,-146995.82994937606
2005-12-17,0.0,-146995.82994937606
2005-12-18,0.0,-146995.82994937606
2005-12-19,0.0,-146995.82994937606
2005-12-20,0.0,-146995.82994937606
2005-12-21,0.0,-146995.82994937606
2005-12-22,0.0,-146995.82994937606
2005-12-23,-426.502085025312,-147422.33203440136
2005-12-24,0.0,-147422.33203440136
2005-12-25,0.0,-147422.33203440136
2005-12-26,0.0,-147422.33203440136
2005-12-27,0.0,-147422.33203440136
2005-12-28,0.0,-147422.33203440136
2005-12-29,0.0,-147422.33203440136
2005-12-30,-426.28883398279936,-147848.62086838414
2005-12-31,0.0,-147848.62086838414
2006-01-01,0.0,-147848.62086838414
2006-01-02,0.0,-147848.62086838414
2006-01-03,0.0,-147848.62086838414
2006-01-04,0.0,-147848.62086838414
2006-01-05,0.0,-147848.62086838414
2006-01-06,-426.075689565808,-148274.69655795
2006-01-07,0.0,-148274.69655795
2006-01-08,0.0,-148274.69655795
2006-01-09,0.0,-148274.69655795
2006-01-10,0.0,-148274.69655795
2006-01-11,0.0,-148274.69655795
2006-01-12,0.0,-148274.69655795
2006-01-13,-425.86265172102503,-148700.559209671
2006-01-14,0.0,-148700.559209671
2006-01-15,0.0,-148700.559209671
2006-01-16,0.0,-148700.559209671
2006-01-17,0.0,-148700.559209671
2006-01-18,0.0,-148700.559209671
2006-01-19,0.0,-148700.559209671
2006-01-20,-425.64972039516454,-149126.2089300662
2006-01-21,0.0,-149126.2089300662
2006-01-22,0.0,-149126.2089300662
2006-01-23,0.0,-149126.2089300662
2006-01-24,0.0,-149126.2089300662
2006-01-25,0.0,-149126.2089300662
2006-01-26,0.0,-149126.2089300662
2006-01-27,-425.4368955349669,-149551.64582560118
2006-01-28,0.0,-149551.64582560118
2006-01-29,0.0,-149551.64582560118
2006-01-30,0.0,-149551.64582560118
2006-01-31,0.0,-149551.64582560118
2006-02-01,0.0,-149551.64582560118
2006-02-02,0.0,-149551.64582560118
2006-02-03,-425.22417708719945,-149976.87000268837
2006-02-04,0.0,-149976.87000268837
2006-02-05,0.0,-149976.87000268837
2006-02-06,0.0,-149976.87000268837
2006-02-07,0.0,-149976.87000268837
2006-02-08,0.0,-149976.87000268837
2006-02-09,0.0,-149976.87000268837
2006-02-10,-425.01156499865584,-150401.88156768703
2006-02-11,0.0,-150401.88156768703
2006-02-12,0.0,-150401.88156768703
2006-02-13,0.0,-150401.88156768703
2006-02-14,0.0,-150401.88156768703
2006-02-15,0.0,-150401.88156768703
2006-02-16,0.0,-150401.88156768703
2006-02-17,-424.79905921615654,-150826.6806269032
2006-02-18,0.0,-150826.6806269032
2006-02-19,0.0,-150826.6806269032
2006-02-20,0.0,-150826.6806269032
2006-02-21,0.0,-150826.6806269032
2006-02-22,0.0,-150826.6806269032
2006-02-23,0.0,-150826.6806269032
2006-02-24,-424.58665968654844,-151251.26728658972
2006-02-25,0.0,-151251.26728658972
2006-02-26,0.0,-151251.26728658972
2006-02-27,0.0,-151251.26728658972
2006-02-28,0.0,-151251.26728658972
2006-03-01,0.0,-151251.26728658972
2006-03-02,0.0,-151251.26728658972
2006-03-03,-424.37436635670514,-151675.64165294648
2006-03-04,0.0,-151675.64165294648
2006-03-05,0.0,-151675.64165294648
2006-03-06,0.0,-151675.64165294648
2006-03-07,0.0,-151675.64165294648
2006-03-08,0.0,-151675.64165294648
2006-03-09,0.0,-151675.64165294648
2006-03-10,-424.16217917352685,-152099.80383212003
2006-03-11,0.0,-152099.80383212003
2006-03-12,0.0,-152099.80383212003
2006-03-13,0.0,-152099.80383212003
2006-03-14,0.0,-152099.80383212003
2006-03-15,0.0,-152099.80383212003
2006-03-16,0.0,-152099.80383212003
2006-03-17,-423.95009808394,-152523.75393020397
2006-03-18,0.0,-152523.75393020397
2006-03-19,0.0,-152523.75393020397
2006-03-20,0.0,-152523.75393020397
2006-03-21,0.0,-152523.75393020397
2006-03-22,0.0,-152523.75393020397
2006-03-23,0.0,-152523.75393020397
2006-03-24,-423.738123034898,-152947.4920532389
2006-03-25,0.0,-152947.4920532389
2006-03-26,0.0,-152947.4920532389
2006-03-27,0.0,-152947.4920532389
2006-03-28,0.0,-152947.4920532389
2006-03-29,0.0,-152947.4920532389
2006-03-30,0.0,-152947.4920532389
2006-03-31,-423.5262539733806,-153371.01830721227
2006-04-01,0.0,-153371.01830721227
2006-04-02,0.0,-153371.01830721227
2006-04-03,0.0,-153371.01830721227
2006-04-04,0.0,-153371.01830721227
2006-04-05,0.0,-153371.01830721227
2006-04-06,0.0,-153371.01830721227
2006-04-07,-423.3144908463939,-153794.33279805863
2006-04-08,0.0,-153794.33279805863
2006-04-09,0.0,-153794.33279805863
2006-04-10,0.0,-153794.33279805863
2006-04-11,0.0,-153794.33279805863
2006-04-12,0.0,-153794.33279805863
2006-04-13,0.0,-153794.33279805863
2006-04-14,-423.1028336009707,-154217.43563165958
2006-04-15,0.0,-154217.43563165958
2006-04-16,0.0,-154217.43563165958
2006-04-17,0.0,-154217.43563165958
2006-04-18,0.0,-154217.43563165958
2006-04-19,0.0,-154217.43563165958
2006-04-20,0.0,-154217.43563165958
2006-04-21,-422.8912821841703,-154640.32691384375
2006-04-22,0.0,-154640.32691384375
2006-04-23,0.0,-154640.32691384375
2006-04-24,0.0,-154640.32691384375
2006-04-25,0.0,-154640.32691384375
2006-04-26,0.0,-154640.32691384375
2006-04-27,0.0,-154640.32691384375
2006-04-28,-422.6798365430781,-155063.0067503868
2006-04-29,0.0,-155063.0067503868
2006-04-30,0.0,-155063.0067503868
2006-05-01,0.0,-155063.0067503868
2006-05-02,0.0,-155063.0067503868
2006-05-03,0.0,-155063.0067503868
2006-05-04,0.0,-155063.0067503868
2006-05-05,-422.4684966248067,-155485.47524701164
2006-05-06,0.0,-155485.47524701164
2006-05-07,0.0,-155485.47524701164
2006-05-08,0.0,-155485.47524701164
2006-05-09,0.0,-155485.47524701164
2006-05-10,0.0,-155485.47524701164
2006-05-11,0.0,-155485.47524701164
2006-05-12,-422.25726237649417,-155907.73250938812
2006-05-13,0.0,-155907.73250938812
2006-05-14,0.0,-155907.73250938812
2006-05-15,0.0,-155907.73250938812
2006-05-16,0.0,-155907.73250938812
2006-05-17,0.0,-155907.73250938812
2006-05-18,0.0,-155907.73250938812
2006-05-19,-422.046133745306,-156329.77864313347
2006-05-20,0.0,-156329.77864313347
2006-05-21,0.0,-156329.77864313347
2006-05-22,0.0,-156329.77864313347
2006-05-23,0.0,-156329.77864313347
2006-05-24,0.0,-156329.77864313347
2006-05-25,0.0,-156329.77864313347
2006-05-26,-421.8351106784333,-156751.61375381192
2006-05-27,0.0,-156751.61375381192
2006-05-28,0.0,-156751.61375381192
2006-05-29,0.0,-156751.61375381192
2006-05-30,0.0,-156751.61375381192
2006-05-31,0.0,-156751.61375381192
2006-06-01,0.0,-156751.61375381192
2006-06-02,-421.6241931230941,-157173.237946935
2006-06-03,0.0,-157173.237946935
2006-06-04,0.0,-157173.237946935
2006-06-05,0.0,-157173.237946935
2006-06-06,0.0,-157173.237946935
2006-06-07,0.0,-157173.237946935
2006-06-08,0.0,-157173.237946935
2006-06-09,-421.41338102653253,-157594.65132796147
2006-06-10,0.0,-157594.65132796147
2006-06-11,0.0,-157594.65132796147
2006-06-12,0.0,-157594.65132796147
2006-06-13,0.0,-157594.65132796147
2006-06-14,0.0,-157594.65132796147
2006-06-15,0.0,-157594.65132796147
2006-06-16,-421.2026743360193,-158015.8540022975
2006-06-17,0.0,-158015.8540022975
2006-06-18,0.0,-158015.8540022975
2006-06-19,0.0,-158015.8540022975
2006-06-20,0.0,-158015.8540022975
2006-06-21,0.0,-158015.8540022975
2006-06-22,0.0,-158015.8540022975
2006-06-23,-420.9920729988513,-158436.8460752964
2006-06-24,0.0,-158436.8460752964
2006-06-25,0.0,-158436.8460752964
2006-06-26,0.0,-158436.8460752964
2006-06-27,0.0,-158436.8460752964
2006-06-28,0.0,-158436.8460752964
2006-06-29,0.0,-158436.8460752964
2006-06-30,-420.78157696235183,-158857.62765225873
2006-07-01,0.0,-158857.62765225873
2006-07-02,0.0,-158857.62765225873
2006-07-03,0.0,-158857.62765225873
2006-07-04,0.0,-158857.62765225873
2006-07-05,0.0,-158857.62765225873
2006-07-06,0.0,-158857.62765225873
2006-07-07,-420.5711861738707,-159278.19883843255
2006-07-08,0.0,-159278.19883843255
2006-07-09,0.0,-159278.19883843255
2006-07-10,0.0,-159278.19883843255
2006-07-11,0.0,-159278.19883843255
2006-07-12,0.0,-159278.19883843255
2006-07-13,0.0,-159278.19883843255
2006-07-14,-420.3609005807838,-159698.55973901332
2006-07-15,0.0,-159698.55973901332
2006-07-16,0.0,-159698.55973901332
2006-07-17,0.0,-159698.55973901332
2006-07-18,0.0,-159698.55973901332
2006-07-19,0.0,-159698.55973901332
2006-07-20,0.0,-159698.55973901332
2006-07-21,-420.15072013049337,-160118.71045914385
2006-07-22,0.0,-160118.71045914385
2006-07-23,0.0,-160118.71045914385
2006-07-24,0.0,-160118.71045914385
2006-07-25,0.0,-160118.71045914385
2006-07-26,0.0,-160118.71045914385
2006-07-27,0.0,-160118.71045914385
2006-07-28,-419.94064477042815,-160538.65110391425
2006-07-29,0.0,-160538.65110391425
2006-07-30,0.0,-160538.65110391425
2006-07-31,0.0,-160538.65110391425
2006-08-01,0.0,-160538.65110391425
2006-08-02,0.0,-160538.65110391425
2006-08-03,0.0,-160538.65110391425
2006-08-04,-419.7306744480429,-160958.38177836232
2006-08-05,0.0,-160958.38177836232
2006-08-06,0.0,-160958.38177836232
2006-08-07,0.0,-160958.38177836232
2006-08-08,0.0,-160958.38177836232
2006-08-09,0.0,-160958.38177836232
2006-08-10,0.0,-160958.38177836232
2006-08-11,-419.5208091108189,-161377.90258747316
2006-08-12,0.0,-161377.90258747316
2006-08-13,0.0,-161377.90258747316
2006-08-14,0.0,-161377.90258747316
2006-08-15,0.0,-161377.90258747316
2006-08-16,0.0,-161377.90258747316
2006-08-17,0.0,-161377.90258747316
2006-08-18,-419.3110487062635,-161797.21363617945
2006-08-19,0.0,-161797.21363617945
2006-08-20,0.0,-161797.21363617945
2006-08-21,0.0,-161797.21363617945
2006-08-22,0.0,-161797.21363617945
2006-08-23,0.0,-161797.21363617945
2006-08-24,0.0,-161797.21363617945
2006-08-25,-419.10139318191034,-162216.3150293614
2006-08-26,0.0,-162216.3150293614
2006-08-27,0.0,-162216.3150293614
2006-08-28,0.0,-162216.3150293614
2006-08-29,0.0,-162216.3150293614
2006-08-30,0.0,-162216.3150293614
2006-08-31,0.0,-162216.3150293614
2006-09-01,-418.8918424853194,-162635.2068718467
2006-09-02,0.0,-162635.2068718467
2006-09-03,0.0,-162635.2068718467
2006-09-04,0.0,-162635.2068718467
2006-09-05,0.0,-162635.2068718467
2006-09-06,0.0,-162635.2068718467
2006-09-07,0.0,-162635.2068718467
2006-09-08,-418.6823965640767,-163053.88926841074
2006-09-09,0.0,-163053.88926841074
2006-09-10,0.0,-163053.88926841074
2006-09-11,0.0,-163053.88926841074
2006-09-12,0.0,-163053.88926841074
2006-09-13,0.0,-163053.88926841074
2006-09-14,0.0,-163053.88926841074
2006-09-15,-418.47305536579466,-163472.3623237766
2006-09-16,0.0,-163472.3623237766
2006-09-17,0.0,-163472.3623237766
2006-09-18,0.0,-163472.3623237766
2006-09-19,0.0,-163472.3623237766
2006-09-20,0.0,-163472.3623237766
2006-09-21,0.0,-163472.3623237766
2006-09-22,-418.2638188381118,-163890.62614261475
2006-09-23,0.0,-163890.62614261475
2006-09-24,0.0,-163890.62614261475
2006-09-25,0.0,-163890.62614261475
2006-09-26,0.0,-163890.62614261475
2006-09-27,0.0,-163890.62614261475
2006-09-28,0.0,-163890.62614261475
2006-09-29,-418.0546869286927,-164308.6808295435
2006-09-30,0.0,-164308.6808295435
2006-10-01,0.0,-164308.6808295435
2006-10-02,0.0,-164308.6808295435
2006-10-03,0.0,-164308.6808295435
2006-10-04,0.0,-164308.6808295435
2006-10-05,0.0,-164308.6808295435
2006-10-06,-417.8456595852283,-164726.5264891287
2006-10-07,0.0,-164726.5264891287
2006-10-08,0.0,-164726.5264891287
2006-10-09,0.0,-164726.5264891287
2006-10-10,0.0,-164726.5264891287
2006-10-11,0.0,-164726.5264891287
2006-10-12,0.0,-164726.5264891287
2006-10-13,-417.6367367554357,-165144.1632258842
2006-10-14,0.0,-165144.1632258842
2006-10-15,0.0,-165144.1632258842
2006-10-16,0.0,-165144.1632258842
2006-10-17,0.0,-165144.1632258842
2006-10-18,0.0,-165144.1632258842
2006-10-19,0.0,-165144.1632258842
2006-10-20,-417.42791838705796,-165561.5911442713
2006-10-21,0.0,-165561.5911442713
2006-10-22,0.0,-165561.5911442713
2006-10-23,0.0,-165561.5911442713
2006-10-24,0.0,-165561.5911442713
2006-10-25,0.0,-165561.5911442713
2006-10-26,0.0,-165561.5911442713
2006-10-27,-500.66304531343724,-166062.25418958475
2006-10-28,0.0,-166062.25418958475
2006-10-29,0.0,-166062.25418958475
2006-10-30,0.0,-166062.25418958475
2006-10-31,0.0,-166062.25418958475
2006-11-01,0.0,-166062.25418958475
2006-11-02,0.0,-166062.25418958475
2006-11-03,-416.9688729052077,-166479.22306249
2006-11-04,0.0,-166479.22306249
2006-11-05,0.0,-166479.22306249
2006-11-06,0.0,-166479.22306249
2006-11-07,0.0,-166479.22306249
2006-11-08,0.0,-166479.22306249
2006-11-09,0.0,-166479.22306249
2006-11-10,-416.7603884687551,-166895.98345095874
2006-11-11,0.0,-166895.98345095874
2006-11-12,0.0,-166895.98345095874
2006-11-13,0.0,-166895.98345095874
2006-11-14,0.0,-166895.98345095874
2006-11-15,0.0,-166895.98345095874
2006-11-16,0.0,-166895.98345095874
2006-11-17,-499.86240992942476,-167395.84586088813
2006-11-18,0.0,-167395.84586088813
2006-11-19,0.0,-167395.84586088813
2006-11-20,0.0,-167395.84586088813
2006-11-21,0.0,-167395.84586088813
2006-11-22,0.0,-167395.84586088813
2006-11-23,0.0,-167395.84586088813
2006-11-24,-416.302077069556,-167812.14793795766
2006-11-25,0.0,-167812.14793795766
2006-11-26,0.0,-167812.14793795766
2006-11-27,0.0,-167812.14793795766
2006-11-28,0.0,-167812.14793795766
2006-11-29,0.0,-167812.14793795766
2006-11-30,0.0,-167812.14793795766
2006-12-01,-416.09392603102117,-168228.2418639887
2006-12-02,0.0,-168228.2418639887
2006-12-03,0.0,-168228.2418639887
2006-12-04,0.0,-168228.2418639887
2006-12-05,0.0,-168228.2418639887
2006-12-06,0.0,-168228.2418639887
2006-12-07,0.0,-168228.2418639887
2006-12-08,-415.8858790680057,-168644.12774305674
2006-12-09,0.0,-168644.12774305674
2006-12-10,0.0,-168644.12774305674
2006-12-11,0.0,-168644.12774305674
2006-12-12,0.0,-168644.12774305674
2006-12-13,0.0,-168644.12774305674
2006-12-14,0.0,-168644.12774305674
2006-12-15,-415.67793612847163,-169059.8056791852
2006-12-16,0.0,-169059.8056791852
2006-12-17,0.0,-169059.8056791852
2006-12-18,0.0,-169059.8056791852
2006-12-19,0.0,-169059.8056791852
2006-12-20,0.0,-169059.8056791852
2006-12-21,0.0,-169059.8056791852
2006-12-22,-498.564116592489,-169558.36979577772
2006-12-23,0.0,-169558.36979577772
2006-12-24,0.0,-169558.36979577772
2006-12-25,0.0,-169558.36979577772
2006-12-26,0.0,-169558.36979577772
2006-12-27,0.0,-169558.36979577772
2006-12-28,0.0,-169558.36979577772
2006-12-29,-498.26497812253336,-170056.63477390027
2006-12-30,0.0,-170056.63477390027
2006-12-31,0.0,-170056.63477390027
2007-01-01,0.0,-170056.63477390027
2007-01-02,0.0,-170056.63477390027
2007-01-03,0.0,-170056.63477390027
2007-01-04,0.0,-170056.63477390027
2007-01-05,-414.97168261304995,-170471.60645651328
2007-01-06,0.0,-170471.60645651328
2007-01-07,0.0,-170471.60645651328
2007-01-08,0.0,-170471.60645651328
2007-01-09,0.0,-170471.60645651328
2007-01-10,0.0,-170471.60645651328
2007-01-11,0.0,-170471.60645651328
2007-01-12,-414.7641967717434,-170886.37065328506
2007-01-13,0.0,-170886.37065328506
2007-01-14,0.0,-170886.37065328506
2007-01-15,0.0,-170886.37065328506
2007-01-16,0.0,-170886.37065328506
2007-01-17,0.0,-170886.37065328506
2007-01-18,0.0,-170886.37065328506
2007-01-19,-414.5568146733575,-171300.92746795842
2007-01-20,0.0,-171300.92746795842
2007-01-21,0.0,-171300.92746795842
2007-01-22,0.0,-171300.92746795842
2007-01-23,0.0,-171300.92746795842
2007-01-24,0.0,-171300.92746795842
2007-01-25,0.0,-171300.92746795842
2007-01-26,-414.34953626602083,-171715.27700422448
2007-01-27,0.0,-171715.27700422448
2007-01-28,0.0,-171715.27700422448
2007-01-29,0.0,-171715.27700422448
2007-01-30,0.0,-171715.27700422448
2007-01-31,0.0,-171715.27700422448
2007-02-01,0.0,-171715.27700422448
2007-02-02,-414.14236149788775,-172129.41936572234
2007-02-03,0.0,-172129.41936572234
2007-02-04,0.0,-172129.41936572234
2007-02-05,0.0,-172129.41936572234
2007-02-06,0.0,-172129.41936572234
2007-02-07,0.0,-172129.41936572234
2007-02-08,0.0,-172129.41936572234
2007-02-09,-413.9352903171389,-172543.3546560395
2007-02-10,0.0,-172543.3546560395
2007-02-11,0.0,-172543.3546560395
2007-02-12,0.0,-172543.3546560395
2007-02-13,0.0,-172543.3546560395
2007-02-14,0.0,-172543.3546560395
2007-02-15,0.0,-172543.3546560395
2007-02-16,-413.72832267198027,-172957.08297871146
2007-02-17,0.0,-172957.08297871146
2007-02-18,0.0,-172957.08297871146
2007-02-19,0.0,-172957.08297871146
2007-02-20,0.0,-172957.08297871146
2007-02-21,0.0,-172957.08297871146
2007-02-22,0.0,-172957.08297871146
2007-02-23,-413.5214585106443,-173370.60443722212
2007-02-24,0.0,-173370.60443722212
2007-02-25,0.0,-173370.60443722212
2007-02-26,0.0,-173370.60443722212
2007-02-27,0.0,-173370.60443722212
2007-02-28,0.0,-173370.60443722212
2007-03-01,0.0,-173370.60443722212
2007-03-02,-413.314697781389,-173783.91913500347
2007-03-03,0.0,-173783.91913500347
2007-03-04,0.0,-173783.91913500347
2007-03-05,0.0,-173783.91913500347
2007-03-06,0.0,-173783.91913500347
2007-03-07,0.0,-173783.91913500347
2007-03-08,0.0,-173783.91913500347
2007-03-09,-413.10804043249834,-174197.0271754359
2007-03-10,0.0,-174197.0271754359
2007-03-11,0.0,-174197.0271754359
2007-03-12,0.0,-174197.0271754359
2007-03-13,0.0,-174197.0271754359
2007-03-14,0.0,-174197.0271754359
2007-03-15,0.0,-174197.0271754359
2007-03-16,-412.9014864122821,-174609.9286618482
2007-03-17,0.0,-174609.9286618482
2007-03-18,0.0,-174609.9286618482
2007-03-19,0.0,-174609.9286618482
2007-03-20,0.0,-174609.9286618482
2007-03-21,0.0,-174609.9286618482
2007-03-22,0.0,-174609.9286618482
2007-03-23,-412.69503566907593,-175022.6236975172
2007-03-24,0.0,-175022.6236975172
2007-03-25,0.0,-175022.6236975172
2007-03-26,0.0,-175022.6236975172
2007-03-27,0.0,-175022.6236975172
2007-03-28,0.0,-175022.6236975172
2007-03-29,0.0,-175022.6236975172
2007-03-30,-412.48868815124143,-175435.11238566844
2007-03-31,0.0,-175435.11238566844
2007-04-01,0.0,-175435.11238566844
2007-04-02,0.0,-175435.11238566844
2007-04-03,0.0,-175435.11238566844
2007-04-04,0.0,-175435.11238566844
2007-04-05,0.0,-175435.11238566844
2007-04-06,-412.28244380716586,-175847.39482947555
2007-04-07,0.0,-175847.39482947555
2007-04-08,0.0,-175847.39482947555
2007-04-09,0.0,-175847.39482947555
2007-04-10,0.0,-175847.39482947555
2007-04-11,0.0,-175847.39482947555
2007-04-12,0.0,-175847.39482947555
2007-04-13,-412.0763025852622,-176259.47113206086
2007-04-14,0.0,-176259.47113206086
2007-04-15,0.0,-176259.47113206086
2007-04-16,0.0,-176259.47113206086
2007-04-17,0.0,-176259.47113206086
2007-04-18,0.0,-176259.47113206086
2007-04-19,0.0,-176259.47113206086
2007-04-20,-411.87026443396957,-176671.34139649488
2007-04-21,0.0,-176671.34139649488
2007-04-22,0.0,-176671.34139649488
2007-04-23,0.0,-176671.34139649488
2007-04-24,0.0,-176671.34139649488
2007-04-25,0.0,-176671.34139649488
2007-04-26,0.0,-176671.34139649488
2007-04-27,-411.6643293017526,-177083.00572579668
2007-04-28,0.0,-177083.00572579668
2007-04-29,0.0,-177083.00572579668
2007-04-30,0.0,-177083.00572579668
2007-05-01,0.0,-177083.00572579668
2007-05-02,0.0,-177083.00572579668
2007-05-03,0.0,-177083.00572579668
2007-05-04,-411.4584971371017,-177494.46422293375
2007-05-05,0.0,-177494.46422293375
2007-05-06,0.0,-177494.46422293375
2007-05-07,0.0,-177494.46422293375
2007-05-08,0.0,-177494.46422293375
2007-05-09,0.0,-177494.46422293375
2007-05-10,0.0,-177494.46422293375
2007-05-11,-411.2527678885331,-177905.71699082223
2007-05-12,0.0,-177905.71699082223
2007-05-13,0.0,-177905.71699082223
2007-05-14,0.0,-177905.71699082223
2007-05-15,0.0,-177905.71699082223
2007-05-16,0.0,-177905.71699082223
2007-05-17,0.0,-177905.71699082223
2007-05-18,-411.047141504589,-178316.76413232682
2007-05-19,0.0,-178316.76413232682
2007-05-20,0.0,-178316.76413232682
2007-05-21,0.0,-178316.76413232682
2007-05-22,0.0,-178316.76413232682
2007-05-23,0.0,-178316.76413232682
2007-05-24,0.0,-178316.76413232682
2007-05-25,-410.84161793383663,-178727.60575026064
2007-05-26,0.0,-178727.60575026064
2007-05-27,0.0,-178727.60575026064
2007-05-28,0.0,-178727.60575026064
2007-05-29,0.0,-178727.60575026064
2007-05-30,0.0,-178727.60575026064
2007-05-31,0.0,-178727.60575026064
2007-06-01,-410.63619712486974,-179138.24194738548
2007-06-02,0.0,-179138.24194738548
2007-06-03,0.0,-179138.24194738548
2007-06-04,0.0,-179138.24194738548
2007-06-05,0.0,-179138.24194738548
2007-06-06,0.0,-179138.24194738548
2007-06-07,0.0,-179138.24194738548
2007-06-08,-410.4308790263073,-179548.67282641178
2007-06-09,0.0,-179548.67282641178
2007-06-10,0.0,-179548.67282641178
2007-06-11,0.0,-179548.67282641178
2007-06-12,0.0,-179548.67282641178
2007-06-13,0.0,-179548.67282641178
2007-06-14,0.0,-179548.67282641178
2007-06-15,-410.2256635867941,-179958.89848999854
2007-06-16,0.0,-179958.89848999854
2007-06-17,0.0,-179958.89848999854
2007-06-18,0.0,-179958.89848999854
2007-06-19,0.0,-179958.89848999854
2007-06-20,0.0,-179958.89848999854
2007-06-21,0.0,-179958.89848999854
2007-06-22,-410.0205507550007,-180368.9190407535
2007-06-23,0.0,-180368.9190407535
2007-06-24,0.0,-180368.9190407535
2007-06-25,0.0,-180368.9190407535
2007-06-26,0.0,-180368.9190407535
2007-06-27,0.0,-180368.9190407535
2007-06-28,0.0,-180368.9190407535
2007-06-29,-491.77864857554795,-180860.69768932904
2007-06-30,0.0,-180860.69768932904
2007-07-01,0.0,-180860.69768932904
2007-07-02,0.0,-180860.69768932904
2007-07-03,0.0,-180860.69768932904
2007-07-04,0.0,-180860.69768932904
2007-07-05,0.0,-180860.69768932904
2007-07-06,-491.4835813864026,-181352.18127071543
2007-07-07,0.0,-181352.18127071543
2007-07-08,0.0,-181352.18127071543
2007-07-09,0.0,-181352.18127071543
2007-07-10,0.0,-181352.18127071543
2007-07-11,0.0,-181352.18127071543
2007-07-12,0.0,-181352.18127071543
2007-07-13,-409.3239093646423,-181761.50518008007
2007-07-14,0.0,-181761.50518008007
2007-07-15,0.0,-181761.50518008007
2007-07-16,0.0,-181761.50518008007
2007-07-17,0.0,-181761.50518008007
2007-07-18,0.0,-181761.50518008007
2007-07-19,0.0,-181761.50518008007
2007-07-20,-409.11924740996,-182170.62442749005
2007-07-21,0.0,-182170.62442749005
2007-07-22,0.0,-182170.62442749005
2007-07-23,0.0,-182170.62442749005
2007-07-24,0.0,-182170.62442749005
2007-07-25,0.0,-182170.62442749005
2007-07-26,0.0,-182170.62442749005
2007-07-27,-408.914687786255,-182579.5391152763
2007-07-28,0.0,-182579.5391152763
2007-07-29,0.0,-182579.5391152763
2007-07-30,0.0,-182579.5391152763
2007-07-31,0.0,-182579.5391152763
2007-08-01,0.0,-182579.5391152763
2007-08-02,0.0,-182579.5391152763
2007-08-03,-408.7102304423619,-182988.24934571865
2007-08-04,0.0,-182988.24934571865
2007-08-05,0.0,-182988.24934571865
2007-08-06,0.0,-182988.24934571865
2007-08-07,0.0,-182988.24934571865
2007-08-08,0.0,-182988.24934571865
2007-08-09,0.0,-182988.24934571865
2007-08-10,-408.5058753271407,-183396.7552210458
2007-08-11,0.0,-183396.7552210458
2007-08-12,0.0,-183396.7552210458
2007-08-13,0.0,-183396.7552210458
2007-08-14,0.0,-183396.7552210458
2007-08-15,0.0,-183396.7552210458
2007-08-16,0.0,-183396.7552210458
2007-08-17,-408.30162238947713,-183805.05684343528
2007-08-18,0.0,-183805.05684343528
2007-08-19,0.0,-183805.05684343528
2007-08-20,0.0,-183805.05684343528
2007-08-21,0.0,-183805.05684343528
2007-08-22,0.0,-183805.05684343528
2007-08-23,0.0,-183805.05684343528
2007-08-24,-408.0974715782824,-184213.15431501355
2007-08-25,0.0,-184213.15431501355
2007-08-26,0.0,-184213.15431501355
2007-08-27,0.0,-184213.15431501355
2007-08-28,0.0,-184213.15431501355
2007-08-29,0.0,-184213.15431501355
2007-08-30,0.0,-184213.15431501355
2007-08-31,-407.89342284249324,-184621.04773785605
2007-09-01,0.0,-184621.04773785605
2007-09-02,0.0,-184621.04773785605
2007-09-03,0.0,-184621.04773785605
2007-09-04,0.0,-184621.04773785605
2007-09-05,0.0,-184621.04773785605
2007-09-06,0.0,-184621.04773785605
2007-09-07,-407.689476131072,-185028.73721398716
2007-09-08,0.0,-185028.73721398716
2007-09-09,0.0,-185028.73721398716
2007-09-10,0.0,-185028.73721398716
2007-09-11,0.0,-185028.73721398716
2007-09-12,0.0,-185028.73721398716
2007-09-13,0.0,-185028.73721398716
2007-09-14,-407.4856313930065,-185436.2228453802
2007-09-15,0.0,-185436.2228453802
2007-09-16,0.0,-185436.2228453802
2007-09-17,0.0,-185436.2228453802
2007-09-18,0.0,-185436.2228453802
2007-09-19,0.0,-185436.2228453802
2007-09-20,0.0,-185436.2228453802
2007-09-21,-407.2818885773099,-185843.50473395747
2007-09-22,0.0,-185843.50473395747
2007-09-23,0.0,-185843.50473395747
2007-09-24,0.0,-185843.50473395747
2007-09-25,0.0,-185843.50473395747
2007-09-26,0.0,-185843.50473395747
2007-09-27,0.0,-185843.50473395747
2007-09-28,-407.0782476330213,-186250.58298159053
2007-09-29,0.0,-186250.58298159053
2007-09-30,0.0,-186250.58298159053
2007-10-01,0.0,-186250.58298159053
2007-10-02,0.0,-186250.58298159053
2007-10-03,0.0,-186250.58298159053
2007-10-04,0.0,-186250.58298159053
2007-10-05,-406.8747085092048,-186657.45769009972
2007-10-06,0.0,-186657.45769009972
2007-10-07,0.0,-186657.45769009972
2007-10-08,0.0,-186657.45769009972
2007-10-09,0.0,-186657.45769009972
2007-10-10,0.0,-186657.45769009972
2007-10-11,0.0,-186657.45769009972
2007-10-12,-406.67127115495015,-187064.12896125473
2007-10-13,0.0,-187064.12896125473
2007-10-14,0.0,-187064.12896125473
2007-10-15,0.0,-187064.12896125473
2007-10-16,0.0,-187064.12896125473
2007-10-17,0.0,-187064.12896125473
2007-10-18,0.0,-187064.12896125473
2007-10-19,-406.4679355193727,-187470.59689677414
2007-10-20,0.0,-187470.59689677414
2007-10-21,0.0,-187470.59689677414
2007-10-22,0.0,-187470.59689677414
2007-10-23,0.0,-187470.59689677414
2007-10-24,0.0,-187470.59689677414
2007-10-25,0.0,-187470.59689677414
2007-10-26,-406.264701551613,-187876.86159832578
2007-10-27,0.0,-187876.86159832578
2007-10-28,0.0,-187876.86159832578
2007-10-29,0.0,-187876.86159832578
2007-10-30,0.0,-187876.86159832578
2007-10-31,0.0,-187876.86159832578
2007-11-01,0.0,-187876.86159832578
2007-11-02,-406.06156920083714,-188282.9231675266
2007-11-03,0.0,-188282.9231675266
2007-11-04,0.0,-188282.9231675266
2007-11-05,0.0,-188282.9231675266
2007-11-06,0.0,-188282.9231675266
2007-11-07,0.0,-188282.9231675266
2007-11-08,0.0,-188282.9231675266
2007-11-09,-405.8585384162367,-188688.78170594282
2007-11-10,0.0,-188688.78170594282
2007-11-11,0.0,-188688.78170594282
2007-11-12,0.0,-188688.78170594282
2007-11-13,0.0,-188688.78170594282
2007-11-14,0.0,-188688.78170594282
2007-11-15,0.0,-188688.78170594282
2007-11-16,-405.6556091470286,-189094.43731508986
2007-11-17,0.0,-189094.43731508986
2007-11-18,0.0,-189094.43731508986
2007-11-19,0.0,-189094.43731508986
2007-11-20,0.0,-189094.43731508986
2007-11-21,0.0,-189094.43731508986
2007-11-22,0.0,-189094.43731508986
2007-11-23,-405.4527813424551,-189499.8900964323
2007-11-24,0.0,-189499.8900964323
2007-11-25,0.0,-189499.8900964323
2007-11-26,0.0,-189499.8900964323
2007-11-27,0.0,-189499.8900964323
2007-11-28,0.0,-189499.8900964323
2007-11-29,0.0,-189499.8900964323
2007-11-30,-405.2500549517839,-189905.14015138405
2007-12-01,0.0,-189905.14015138405
2007-12-02,0.0,-189905.14015138405
2007-12-03,0.0,-189905.14015138405
2007-12-04,0.0,-189905.14015138405
2007-12-05,0.0,-189905.14015138405
2007-12-06,0.0,-189905.14015138405
2007-12-07,-486.0569159091696,-190391.19706729322
2007-12-08,0.0,-190391.19706729322
2007-12-09,0.0,-190391.19706729322
2007-12-10,0.0,-190391.19706729322
2007-12-11,0.0,-190391.19706729322
2007-12-12,0.0,-190391.19706729322
2007-12-13,0.0,-190391.19706729322
2007-12-14,-404.80440146635345,-190796.0014687596
2007-12-15,0.0,-190796.0014687596
2007-12-16,0.0,-190796.0014687596
2007-12-17,0.0,-190796.0014687596
2007-12-18,0.0,-190796.0014687596
2007-12-19,0.0,-190796.0014687596
2007-12-20,0.0,-190796.0014687596
2007-12-21,-404.60199926562024,-191200.60346802522
2007-12-22,0.0,-191200.60346802522
2007-12-23,0.0,-191200.60346802522
2007-12-24,0.0,-191200.60346802522
2007-12-25,0.0,-191200.60346802522
2007-12-26,0.0,-191200.60346802522
2007-12-27,0.0,-191200.60346802522
2007-12-28,-404.3996982659874,-191605.00316629116
2007-12-29,0.0,-191605.00316629116
2007-12-30,0.0,-191605.00316629116
2007-12-31,0.0,-191605.00316629116
2008-01-01,0.0,-191605.00316629116
2008-01-02,0.0,-191605.00316629116
2008-01-03,0.0,-191605.00316629116
2008-01-04,-404.19749841685444,-192009.20066470804
2008-01-05,0.0,-192009.20066470804
2008-01-06,0.0,-192009.20066470804
2008-01-07,0.0,-192009.20066470804
2008-01-08,0.0,-192009.20066470804
2008-01-09,0.0,-192009.20066470804
2008-01-10,0.0,-192009.20066470804
2008-01-11,-403.995399667646,-192413.1960643757
2008-01-12,0.0,-192413.1960643757
2008-01-13,0.0,-192413.1960643757
2008-01-14,0.0,-192413.1960643757
2008-01-15,0.0,-192413.1960643757
2008-01-16,0.0,-192413.1960643757
2008-01-17,0.0,-192413.1960643757
2008-01-18,-403.7934019678122,-192816.98946634354
2008-01-19,0.0,-192816.98946634354
2008-01-20,0.0,-192816.98946634354
2008-01-21,0.0,-192816.98946634354
2008-01-22,0.0,-192816.98946634354
2008-01-23,0.0,-192816.98946634354
2008-01-24,0.0,-192816.98946634354
2008-01-25,-484.3098063201939,-193301.29927266377
2008-01-26,0.0,-193301.29927266377
2008-01-27,0.0,-193301.29927266377
2008-01-28,0.0,-193301.29927266377
2008-01-29,0.0,-193301.29927266377
2008-01-30,0.0,-193301.29927266377
2008-01-31,0.0,-193301.29927266377
2008-02-01,-403.3493503636681,-193704.6486230275
2008-02-02,0.0,-193704.6486230275
2008-02-03,0.0,-193704.6486230275
2008-02-04,0.0,-193704.6486230275
2008-02-05,0.0,-193704.6486230275
2008-02-06,0.0,-193704.6486230275
2008-02-07,0.0,-193704.6486230275
2008-02-08,-403.1476756884863,-194107.79629871598
2008-02-09,0.0,-194107.79629871598
2008-02-10,0.0,-194107.79629871598
2008-02-11,0.0,-194107.79629871598
2008-02-12,0.0,-194107.79629871598
2008-02-13,0.0,-194107.79629871598
2008-02-14,0.0,-194107.79629871598
2008-02-15,-402.94610185064204,-194510.74240056658
2008-02-16,0.0,-194510.74240056658
2008-02-17,0.0,-194510.74240056658
2008-02-18,0.0,-194510.74240056658
2008-02-19,0.0,-194510.74240056658
2008-02-20,0.0,-194510.74240056658
2008-02-21,0.0,-194510.74240056658
2008-02-22,-402.74462879971674,-194913.4870293663
2008-02-23,0.0,-194913.4870293663
2008-02-24,0.0,-194913.4870293663
2008-02-25,0.0,-194913.4870293663
2008-02-26,0.0,-194913.4870293663
2008-02-27,0.0,-194913.4870293663
2008-02-28,0.0,-194913.4870293663
2008-02-29,-483.0519077823802,-195396.53893714864
2008-03-01,0.0,-195396.53893714864
2008-03-02,0.0,-195396.53893714864
2008-03-03,0.0,-195396.53893714864
2008-03-04,0.0,-195396.53893714864
2008-03-05,0.0,-195396.53893714864
2008-03-06,0.0,-195396.53893714864
2008-03-07,-402.30173053142573,-195798.84066768002
2008-03-08,0.0,-195798.84066768002
2008-03-09,0.0,-195798.84066768002
2008-03-10,0.0,-195798.84066768002
2008-03-11,0.0,-195798.84066768002
2008-03-12,0.0,-195798.84066768002
2008-03-13,0.0,-195798.84066768002
2008-03-14,-402.10057966616006,-196200.94124734623
2008-03-15,0.0,-196200.94124734623
2008-03-16,0.0,-196200.94124734623
2008-03-17,0.0,-196200.94124734623
2008-03-18,0.0,-196200.94124734623
2008-03-19,0.0,-196200.94124734623
2008-03-20,0.0,-196200.94124734623
2008-03-21,-401.8995293763269,-196602.84077672253
2008-03-22,0.0,-196602.84077672253
2008-03-23,0.0,-196602.84077672253
2008-03-24,0.0,-196602.84077672253
2008-03-25,0.0,-196602.84077672253
2008-03-26,0.0,-196602.84077672253
2008-03-27,0.0,-196602.84077672253
2008-03-28,-401.69857961163876,-197004.53935633413
2008-03-29,0.0,-197004.53935633413
2008-03-30,0.0,-197004.53935633413
2008-03-31,0.0,-197004.53935633413
2008-04-01,0.0,-197004.53935633413
2008-04-02,0.0,-197004.53935633413
2008-04-03,0.0,-197004.53935633413
2008-04-04,-481.79727638619954,-197486.3366327203
2008-04-05,0.0,-197486.3366327203
2008-04-06,0.0,-197486.3366327203
2008-04-07,0.0,-197486.3366327203
2008-04-08,0.0,-197486.3366327203
2008-04-09,0.0,-197486.3366327203
2008-04-10,0.0,-197486.3366327203
2008-04-11,-481.50819802036784,-197967.8448307407
2008-04-12,0.0,-197967.8448307407
2008-04-13,0.0,-197967.8448307407
2008-04-14,0.0,-197967.8448307407
2008-04-15,0.0,-197967.8448307407
2008-04-16,0.0,-197967.8448307407
2008-04-17,0.0,-197967.8448307407
2008-04-18,-481.2192931015556,-198449.06412384228
2008-04-19,0.0,-198449.06412384228
2008-04-20,0.0,-198449.06412384228
2008-04-21,0.0,-198449.06412384228
2008-04-22,0.0,-198449.06412384228
2008-04-23,0.0,-198449.06412384228
2008-04-24,0.0,-198449.06412384228
2008-04-25,-480.93056152569466,-198929.99468536803
2008-04-26,0.0,-198929.99468536803
2008-04-27,0.0,-198929.99468536803
2008-04-28,0.0,-198929.99468536803
2008-04-29,0.0,-198929.99468536803
2008-04-30,0.0,-198929.99468536803
2008-05-01,0.0,-198929.99468536803
2008-05-02,-480.6420031887792,-199410.63668855675
2008-05-03,0.0,-199410.63668855675
2008-05-04,0.0,-199410.63668855675
2008-05-05,0.0,-199410.63668855675
2008-05-06,0.0,-199410.63668855675
2008-05-07,0.0,-199410.63668855675
2008-05-08,0.0,-199410.63668855675
2008-05-09,-480.35361798686597,-199890.99030654365
2008-05-10,0.0,-199890.99030654365
2008-05-11,0.0,-199890.99030654365
2008-05-12,0.0,-199890.99030654365
2008-05-13,0.0,-199890.99030654365
2008-05-14,0.0,-199890.99030654365
2008-05-15,0.0,-199890.99030654365
2008-05-16,-400.05450484672826,-200291.04481139034
2008-05-17,0.0,-200291.04481139034
2008-05-18,0.0,-200291.04481139034
2008-05-19,0.0,-200291.04481139034
2008-05-20,0.0,-200291.04481139034
2008-05-21,0.0,-200291.04481139034
2008-05-22,0.0,-200291.04481139034
2008-05-23,-399.85447759430485,-200690.8992889846
2008-05-24,0.0,-200690.8992889846
2008-05-25,0.0,-200690.8992889846
2008-05-26,0.0,-200690.8992889846
2008-05-27,0.0,-200690.8992889846
2008-05-28,0.0,-200690.8992889846
2008-05-29,0.0,-200690.8992889846
2008-05-30,-399.65455035550775,-201090.5538393401
2008-05-31,0.0,-201090.5538393401
2008-06-01,0.0,-201090.5538393401
2008-06-02,0.0,-201090.5538393401
2008-06-03,0.0,-201090.5538393401
2008-06-04,0.0,-201090.5538393401
2008-06-05,0.0,-201090.5538393401
2008-06-06,-479.345667696396,-201569.89950703655
2008-06-07,0.0,-201569.89950703655
2008-06-08,0.0,-201569.89950703655
2008-06-09,0.0,-201569.89950703655
2008-06-10,0.0,-201569.89950703655
2008-06-11,0.0,-201569.89950703655
2008-06-12,0.0,-201569.89950703655
2008-06-13,-479.05806029577815,-202048.9575673323
2008-06-14,0.0,-202048.9575673323
2008-06-15,0.0,-202048.9575673323
2008-06-16,0.0,-202048.9575673323
2008-06-17,0.0,-202048.9575673323
2008-06-18,0.0,-202048.9575673323
2008-06-19,0.0,-202048.9575673323
2008-06-20,-478.77062545960064,-202527.72819279192
2008-06-21,0.0,-202527.72819279192
2008-06-22,0.0,-202527.72819279192
2008-06-23,0.0,-202527.72819279192
2008-06-24,0.0,-202527.72819279192
2008-06-25,0.0,-202527.72819279192
2008-06-26,0.0,-202527.72819279192
2008-06-27,-478.4833630843249,-203006.2115558763
2008-06-28,0.0,-203006.2115558763
2008-06-29,0.0,-203006.2115558763
2008-06-30,0.0,-203006.2115558763
2008-07-01,0.0,-203006.2115558763
2008-07-02,0.0,-203006.2115558763
2008-07-03,0.0,-203006.2115558763
2008-07-04,-478.19627306647425,-203484.40782894276
2008-07-05,0.0,-203484.40782894276
2008-07-06,0.0,-203484.40782894276
2008-07-07,0.0,-203484.40782894276
2008-07-08,0.0,-203484.40782894276
2008-07-09,0.0,-203484.40782894276
2008-07-10,0.0,-203484.40782894276
2008-07-11,-477.9093553026344,-203962.31718424545
2008-07-12,0.0,-203962.31718424545
2008-07-13,0.0,-203962.31718424545
2008-07-14,0.0,-203962.31718424545
2008-07-15,0.0,-203962.31718424545
2008-07-16,0.0,-203962.31718424545
2008-07-17,0.0,-203962.31718424545
2008-07-18,-477.6226096894528,-204439.93979393493
2008-07-19,0.0,-204439.93979393493
2008-07-20,0.0,-204439.93979393493
2008-07-21,0.0,-204439.93979393493
2008-07-22,0.0,-204439.93979393493
2008-07-23,0.0,-204439.93979393493
2008-07-24,0.0,-204439.93979393493
2008-07-25,-477.3360361236391,-204917.2758300586
2008-07-26,0.0,-204917.2758300586
2008-07-27,0.0,-204917.2758300586
2008-07-28,0.0,-204917.2758300586
2008-07-29,0.0,-204917.2758300586
2008-07-30,0.0,-204917.2758300586
2008-07-31,0.0,-204917.2758300586
2008-08-01,-477.04963450196493,-205394.32546456053
2008-08-02,0.0,-205394.32546456053
2008-08-03,0.0,-205394.32546456053
2008-08-04,0.0,-205394.32546456053
2008-08-05,0.0,-205394.32546456053
2008-08-06,0.0,-205394.32546456053
2008-08-07,0.0,-205394.32546456053
2008-08-08,-476.76340472126367,-205871.0888692818
2008-08-09,0.0,-205871.0888692818
2008-08-10,0.0,-205871.0888692818
2008-08-11,0.0,-205871.0888692818
2008-08-12,0.0,-205871.0888692818
2008-08-13,0.0,-205871.0888692818
2008-08-14,0.0,-205871.0888692818
2008-08-15,-476.47734667843093,-206347.5662159602
2008-08-16,0.0,-206347.5662159602
2008-08-17,0.0,-206347.5662159602
2008-08-18,0.0,-206347.5662159602
2008-08-19,0.0,-206347.5662159602
2008-08-20,0.0,-206347.5662159602
2008-08-21,0.0,-206347.5662159602
2008-08-22,-476.19146027042393,-206823.75767623063
2008-08-23,0.0,-206823.75767623063
2008-08-24,0.0,-206823.75767623063
2008-08-25,0.0,-206823.75767623063
2008-08-26,0.0,-206823.75767623063
2008-08-27,0.0,-206823.75767623063
2008-08-28,0.0,-206823.75767623063
2008-08-29,-475.9057453942616,-207299.66342162492
2008-08-30,0.0,-207299.66342162492
2008-08-31,0.0,-207299.66342162492
2008-09-01,0.0,-207299.66342162492
2008-09-02,0.0,-207299.66342162492
2008-09-03,0.0,-207299.66342162492
2008-09-04,0.0,-207299.66342162492
2008-09-05,-396.3501682891876,-207696.01358991407
2008-09-06,0.0,-207696.01358991407
2008-09-07,0.0,-207696.01358991407
2008-09-08,0.0,-207696.01358991407
2008-09-09,0.0,-207696.01358991407
2008-09-10,0.0,-207696.01358991407
2008-09-11,0.0,-207696.01358991407
2008-09-12,-396.15199320504297,-208092.16558311915
2008-09-13,0.0,-208092.16558311915
2008-09-14,0.0,-208092.16558311915
2008-09-15,0.0,-208092.16558311915
2008-09-16,0.0,-208092.16558311915
2008-09-17,0.0,-208092.16558311915
2008-09-18,0.0,-208092.16558311915
2008-09-19,-395.9539172084405,-208488.11950032762
2008-09-20,0.0,-208488.11950032762
2008-09-21,0.0,-208488.11950032762
2008-09-22,0.0,-208488.11950032762
2008-09-23,0.0,-208488.11950032762
2008-09-24,0.0,-208488.11950032762
2008-09-25,0.0,-208488.11950032762
2008-09-26,-395.7559402498362,-208883.8754405775
2008-09-27,0.0,-208883.8754405775
2008-09-28,0.0,-208883.8754405775
2008-09-29,0.0,-208883.8754405775
2008-09-30,0.0,-208883.8754405775
2008-10-01,0.0,-208883.8754405775
2008-10-02,0.0,-208883.8754405775
2008-10-03,-395.5580622797113,-209279.43350285722
2008-10-04,0.0,-209279.43350285722
2008-10-05,0.0,-209279.43350285722
2008-10-06,0.0,-209279.43350285722
2008-10-07,0.0,-209279.43350285722
2008-10-08,0.0,-209279.43350285722
2008-10-09,0.0,-209279.43350285722
2008-10-10,-395.3602832485714,-209674.79378610582
2008-10-11,0.0,-209674.79378610582
2008-10-12,0.0,-209674.79378610582
2008-10-13,0.0,-209674.79378610582
2008-10-14,0.0,-209674.79378610582
2008-10-15,0.0,-209674.79378610582
2008-10-16,0.0,-209674.79378610582
2008-10-17,-395.16260310694713,-210069.95638921275
2008-10-18,0.0,-210069.95638921275
2008-10-19,0.0,-210069.95638921275
2008-10-20,0.0,-210069.95638921275
2008-10-21,0.0,-210069.95638921275
2008-10-22,0.0,-210069.95638921275
2008-10-23,0.0,-210069.95638921275
2008-10-24,-394.96502180539363,-210464.92141101812
2008-10-25,0.0,-210464.92141101812
2008-10-26,0.0,-210464.92141101812
2008-10-27,0.0,-210464.92141101812
2008-10-28,0.0,-210464.92141101812
2008-10-29,0.0,-210464.92141101812
2008-10-30,0.0,-210464.92141101812
2008-10-31,-394.76753929449103,-210859.68895031256
2008-11-01,0.0,-210859.68895031256
2008-11-02,0.0,-210859.68895031256
2008-11-03,0.0,-210859.68895031256
2008-11-04,0.0,-210859.68895031256
2008-11-05,0.0,-210859.68895031256
2008-11-06,0.0,-210859.68895031256
2008-11-07,-394.57015552484376,-211254.25910583744
2008-11-08,0.0,-211254.25910583744
2008-11-09,0.0,-211254.25910583744
2008-11-10,0.0,-211254.25910583744
2008-11-11,0.0,-211254.25910583744
2008-11-12,0.0,-211254.25910583744
2008-11-13,0.0,-211254.25910583744
2008-11-14,-394.3728704470813,-211648.63197628455
2008-11-15,0.0,-211648.63197628455
2008-11-16,0.0,-211648.63197628455
2008-11-17,0.0,-211648.63197628455
2008-11-18,0.0,-211648.63197628455
2008-11-19,0.0,-211648.63197628455
2008-11-20,0.0,-211648.63197628455
2008-11-21,-394.17568401185775,-212042.80766029644
2008-11-22,0.0,-212042.80766029644
2008-11-23,0.0,-212042.80766029644
2008-11-24,0.0,-212042.80766029644
2008-11-25,0.0,-212042.80766029644
2008-11-26,0.0,-212042.80766029644
2008-11-27,0.0,-212042.80766029644
2008-11-28,-393.9785961698518,-212436.7862564663
2008-11-29,0.0,-212436.7862564663
2008-11-30,0.0,-212436.7862564663
2008-12-01,0.0,-212436.7862564663
2008-12-02,0.0,-212436.7862564663
2008-12-03,0.0,-212436.7862564663
2008-12-04,0.0,-212436.7862564663
2008-12-05,-393.7816068717669,-212830.56786333804
2008-12-06,0.0,-212830.56786333804
2008-12-07,0.0,-212830.56786333804
2008-12-08,0.0,-212830.56786333804
2008-12-09,0.0,-212830.56786333804
2008-12-10,0.0,-212830.56786333804
2008-12-11,0.0,-212830.56786333804
2008-12-12,-393.58471606833103,-213224.1525794064
2008-12-13,0.0,-213224.1525794064
2008-12-14,0.0,-213224.1525794064
2008-12-15,0.0,-213224.1525794064
2008-12-16,0.0,-213224.1525794064
2008-12-17,0.0,-213224.1525794064
2008-12-18,0.0,-213224.1525794064
2008-12-19,-393.38792371029683,-213617.54050311667
2008-12-20,0.0,-213617.54050311667
2008-12-21,0.0,-213617.54050311667
2008-12-22,0.0,-213617.54050311667
2008-12-23,0.0,-213617.54050311667
2008-12-24,0.0,-213617.54050311667
2008-12-25,0.0,-213617.54050311667
2008-12-26,-393.1912297484417,-214010.7317328651
2008-12-27,0.0,-214010.7317328651
2008-12-28,0.0,-214010.7317328651
2008-12-29,0.0,-214010.7317328651
2008-12-30,0.0,-214010.7317328651
2008-12-31,0.0,-214010.7317328651
2009-01-01,0.0,-214010.7317328651
2009-01-02,-392.99463413356744,-214403.72636699863
2009-01-03,0.0,-214403.72636699863
2009-01-04,0.0,-214403.72636699863
2009-01-05,0.0,-214403.72636699863
2009-01-06,0.0,-214403.72636699863
2009-01-07,0.0,-214403.72636699863
2009-01-08,0.0,-214403.72636699863
2009-01-09,-392.7981368165007,-214796.5245038151
2009-01-10,0.0,-214796.5245038151
2009-01-11,0.0,-214796.5245038151
2009-01-12,0.0,-214796.5245038151
2009-01-13,0.0,-214796.5245038151
2009-01-14,0.0,-214796.5245038151
2009-01-15,0.0,-214796.5245038151
2009-01-16,-392.6017377480925,-215189.12624156324
2009-01-17,0.0,-215189.12624156324
2009-01-18,0.0,-215189.12624156324
2009-01-19,0.0,-215189.12624156324
2009-01-20,0.0,-215189.12624156324
2009-01-21,0.0,-215189.12624156324
2009-01-22,0.0,-215189.12624156324
2009-01-23,-392.4054368792184,-215581.5316784425
2009-01-24,0.0,-215581.5316784425
2009-01-25,0.0,-215581.5316784425
2009-01-26,0.0,-215581.5316784425
2009-01-27,0.0,-215581.5316784425
2009-01-28,0.0,-215581.5316784425
2009-01-29,0.0,-215581.5316784425
2009-01-30,-392.2092341607788,-215973.74091260333
2009-01-31,0.0,-215973.74091260333
2009-02-01,0.0,-215973.74091260333
2009-02-02,0.0,-215973.74091260333
2009-02-03,0.0,-215973.74091260333
2009-02-04,0.0,-215973.74091260333
2009-02-05,0.0,-215973.74091260333
2009-02-06,-392.01312954369837,-216365.75404214708
2009-02-07,0.0,-216365.75404214708
2009-02-08,0.0,-216365.75404214708
2009-02-09,0.0,-216365.75404214708
2009-02-10,0.0,-216365.75404214708
2009-02-11,0.0,-216365.75404214708
2009-02-12,0.0,-216365.75404214708
2009-02-13,-391.8171229789265,-216757.57116512605
2009-02-14,0.0,-216757.57116512605
2009-02-15,0.0,-216757.57116512605
2009-02-16,0.0,-216757.57116512605
2009-02-17,0.0,-216757.57116512605
2009-02-18,0.0,-216757.57116512605
2009-02-19,0.0,-216757.57116512605
2009-02-20,-391.621214417437,-217149.19237954344
2009-02-21,0.0,-217149.19237954344
2009-02-22,0.0,-217149.19237954344
2009-02-23,0.0,-217149.19237954344
2009-02-24,0.0,-217149.19237954344
2009-02-25,0.0,-217149.19237954344
2009-02-26,0.0,-217149.19237954344
2009-02-27,-391.4254038102283,-217540.61778335366
2009-02-28,0.0,-217540.61778335366
2009-03-01,0.0,-217540.61778335366
2009-03-02,0.0,-217540.61778335366
2009-03-03,0.0,-217540.61778335366
2009-03-04,0.0,-217540.61778335366
2009-03-05,0.0,-217540.61778335366
2009-03-06,-391.22969110832315,-217931.847474462
2009-03-07,0.0,-217931.847474462
2009-03-08,0.0,-217931.847474462
2009-03-09,0.0,-217931.847474462
2009-03-10,0.0,-217931.847474462
2009-03-11,0.0,-217931.847474462
2009-03-12,0.0,-217931.847474462
2009-03-13,-391.034076262769,-218322.88155072473
2009-03-14,0.0,-218322.88155072473
2009-03-15,0.0,-218322.88155072473
2009-03-16,0.0,-218322.88155072473
2009-03-17,0.0,-218322.88155072473
2009-03-18,0.0,-218322.88155072473
2009-03-19,0.0,-218322.88155072473
2009-03-20,-390.83855922463766,-218713.72010994935
2009-03-21,0.0,-218713.72010994935
2009-03-22,0.0,-218713.72010994935
2009-03-23,0.0,-218713.72010994935
2009-03-24,0.0,-218713.72010994935
2009-03-25,0.0,-218713.72010994935
2009-03-26,0.0,-218713.72010994935
2009-03-27,-390.6431399450253,-219104.36324989435
2009-03-28,0.0,-219104.36324989435
2009-03-29,0.0,-219104.36324989435
2009-03-30,0.0,-219104.36324989435
2009-03-31,0.0,-219104.36324989435
2009-04-01,0.0,-219104.36324989435
2009-04-02,0.0,-219104.36324989435
2009-04-03,-390.4478183750528,-219494.81106826942
2009-04-04,0.0,-219494.81106826942
2009-04-05,0.0,-219494.81106826942
2009-04-06,0.0,-219494.81106826942
2009-04-07,0.0,-219494.81106826942
2009-04-08,0.0,-219494.81106826942
2009-04-09,0.0,-219494.81106826942
2009-04-10,-390.25259446586534,-219885.06366273528
2009-04-11,0.0,-219885.06366273528
2009-04-12,0.0,-219885.06366273528
2009-04-13,0.0,-219885.06366273528
2009-04-14,0.0,-219885.06366273528
2009-04-15,0.0,-219885.06366273528
2009-04-16,0.0,-219885.06366273528
2009-04-17,-273.0402277180427,-220158.10389045335
2009-04-18,0.0,-220158.10389045335
2009-04-19,0.0,-220158.10389045335
2009-04-20,0.0,-220158.10389045335
2009-04-21,0.0,-220158.10389045335
2009-04-22,0.0,-220158.10389045335
2009-04-23,0.0,-220158.10389045335
2009-04-24,-389.92094805477336,-220548.0248385081
2009-04-25,0.0,-220548.0248385081
2009-04-26,0.0,-220548.0248385081
2009-04-27,0.0,-220548.0248385081
2009-04-28,0.0,-220548.0248385081
2009-04-29,0.0,-220548.0248385081
2009-04-30,0.0,-220548.0248385081
2009-05-01,-389.72598758074594,-220937.75082608883
2009-05-02,0.0,-220937.75082608883
2009-05-03,0.0,-220937.75082608883
2009-05-04,0.0,-220937.75082608883
2009-05-05,0.0,-220937.75082608883
2009-05-06,0.0,-220937.75082608883
2009-05-07,0.0,-220937.75082608883
2009-05-08,-389.5311245869556,-221327.28195067577
2009-05-09,0.0,-221327.28195067577
2009-05-10,0.0,-221327.28195067577
2009-05-11,0.0,-221327.28195067577
2009-05-12,0.0,-221327.28195067577
2009-05-13,0.0,-221327.28195067577
2009-05-14,0.0,-221327.28195067577
2009-05-15,-389.33635902466216,-221716.6183097004
2009-05-16,0.0,-221716.6183097004
2009-05-17,0.0,-221716.6183097004
2009-05-18,0.0,-221716.6183097004
2009-05-19,0.0,-221716.6183097004
2009-05-20,0.0,-221716.6183097004
2009-05-21,0.0,-221716.6183097004
2009-05-22,-389.1416908451498,-222105.76000054553
2009-05-23,0.0,-222105.76000054553
2009-05-24,0.0,-222105.76000054553
2009-05-25,0.0,-222105.76000054553
2009-05-26,0.0,-222105.76000054553
2009-05-27,0.0,-222105.76000054553
2009-05-28,0.0,-222105.76000054553
2009-05-29,-388.94711999972725,-222494.7071205452
2009-05-30,0.0,-222494.7071205452
2009-05-31,0.0,-222494.7071205452
2009-06-01,0.0,-222494.7071205452
2009-06-02,0.0,-222494.7071205452
2009-06-03,0.0,-222494.7071205452
2009-06-04,0.0,-222494.7071205452
2009-06-05,-388.7526464397274,-222883.45976698492
2009-06-06,0.0,-222883.45976698492
2009-06-07,0.0,-222883.45976698492
2009-06-08,0.0,-222883.45976698492
2009-06-09,0.0,-222883.45976698492
2009-06-10,0.0,-222883.45976698492
2009-06-11,0.0,-222883.45976698492
2009-06-12,-388.5582701165076,-223272.01803710137
2009-06-13,0.0,-223272.01803710137
2009-06-14,0.0,-223272.01803710137
2009-06-15,0.0,-223272.01803710137
2009-06-16,0.0,-223272.01803710137
2009-06-17,0.0,-223272.01803710137
2009-06-18,0.0,-223272.01803710137
2009-06-19,-388.3639909814493,-223660.38202808285
2009-06-20,0.0,-223660.38202808285
2009-06-21,0.0,-223660.38202808285
2009-06-22,0.0,-223660.38202808285
2009-06-23,0.0,-223660.38202808285
2009-06-24,0.0,-223660.38202808285
2009-06-25,0.0,-223660.38202808285
2009-06-26,-388.1698089859586,-224048.55183706887
2009-06-27,0.0,-224048.55183706887
2009-06-28,0.0,-224048.55183706887
2009-06-29,0.0,-224048.55183706887
2009-06-30,0.0,-224048.55183706887
2009-07-01,0.0,-224048.55183706887
2009-07-02,0.0,-224048.55183706887
2009-07-03,-387.9757240814656,-224436.52756115037
2009-07-04,0.0,-224436.52756115037
2009-07-05,0.0,-224436.52756115037
2009-07-06,0.0,-224436.52756115037
2009-07-07,0.0,-224436.52756115037
2009-07-08,0.0,-224436.52756115037
2009-07-09,0.0,-224436.52756115037
2009-07-10,-387.7817362194249,-224824.3092973698
2009-07-11,0.0,-224824.3092973698
2009-07-12,0.0,-224824.3092973698
2009-07-13,0.0,-224824.3092973698
2009-07-14,0.0,-224824.3092973698
2009-07-15,0.0,-224824.3092973698
2009-07-16,0.0,-224824.3092973698
2009-07-17,-387.58784535131514,-225211.8971427211
2009-07-18,0.0,-225211.8971427211
2009-07-19,0.0,-225211.8971427211
2009-07-20,0.0,-225211.8971427211
2009-07-21,0.0,-225211.8971427211
2009-07-22,0.0,-225211.8971427211
2009-07-23,0.0,-225211.8971427211
2009-07-24,-387.39405142863944,-225599.29119414976
2009-07-25,0.0,-225599.29119414976
2009-07-26,0.0,-225599.29119414976
2009-07-27,0.0,-225599.29119414976
2009-07-28,0.0,-225599.29119414976
2009-07-29,0.0,-225599.29119414976
2009-07-30,0.0,-225599.29119414976
2009-07-31,-387.20035440292514,-225986.49154855264
2009-08-01,0.0,-225986.49154855264
2009-08-02,0.0,-225986.49154855264
2009-08-03,0.0,-225986.49154855264
2009-08-04,0.0,-225986.49154855264
2009-08-05,0.0,-225986.49154855264
2009-08-06,0.0,-225986.49154855264
2009-08-07,-464.40810507086843,-226450.89965362346
2009-08-08,0.0,-226450.89965362346
2009-08-09,0.0,-226450.89965362346
2009-08-10,0.0,-226450.89965362346
2009-08-11,0.0,-226450.89965362346
2009-08-12,0.0,-226450.89965362346
2009-08-13,0.0,-226450.89965362346
2009-08-14,-464.1294602078259,-226915.02911383123
2009-08-15,0.0,-226915.02911383123
2009-08-16,0.0,-226915.02911383123
2009-08-17,0.0,-226915.02911383123
2009-08-18,0.0,-226915.02911383123
2009-08-19,0.0,-226915.02911383123
2009-08-20,0.0,-226915.02911383123
2009-08-21,-386.5424854430844,-227301.5715992743
2009-08-22,0.0,-227301.5715992743
2009-08-23,0.0,-227301.5715992743
2009-08-24,0.0,-227301.5715992743
2009-08-25,0.0,-227301.5715992743
2009-08-26,0.0,-227301.5715992743
2009-08-27,0.0,-227301.5715992743
2009-08-28,-386.34921420036284,-227687.9208134747
2009-08-29,0.0,-227687.9208134747
2009-08-30,0.0,-227687.9208134747
2009-08-31,0.0,-227687.9208134747
2009-09-01,0.0,-227687.9208134747
2009-09-02,0.0,-227687.9208134747
2009-09-03,0.0,-227687.9208134747
2009-09-04,-386.1560395932627,-228074.07685306796
2009-09-05,0.0,-228074.07685306796
2009-09-06,0.0,-228074.07685306796
2009-09-07,0.0,-228074.07685306796
2009-09-08,0.0,-228074.07685306796
2009-09-09,0.0,-228074.07685306796
2009-09-10,0.0,-228074.07685306796
2009-09-11,-385.96296157346603,-228460.03981464147
2009-09-12,0.0,-228460.03981464147
2009-09-13,0.0,-228460.03981464147
2009-09-14,0.0,-228460.03981464147
2009-09-15,0.0,-228460.03981464147
2009-09-16,0.0,-228460.03981464147
2009-09-17,0.0,-228460.03981464147
2009-09-18,-385.76998009267925,-228845.80979473412
2009-09-19,0.0,-228845.80979473412
2009-09-20,0.0,-228845.80979473412
2009-09-21,0.0,-228845.80979473412
2009-09-22,0.0,-228845.80979473412
2009-09-23,0.0,-228845.80979473412
2009-09-24,0.0,-228845.80979473412
2009-09-25,-462.6925141231596,-229308.50230885728
2009-09-26,0.0,-229308.50230885728
2009-09-27,0.0,-229308.50230885728
2009-09-28,0.0,-229308.50230885728
2009-09-29,0.0,-229308.50230885728
2009-09-30,0.0,-229308.50230885728
2009-10-01,0.0,-229308.50230885728
2009-10-02,-462.4148986146856,-229770.9172074719
2009-10-03,0.0,-229770.9172074719
2009-10-04,0.0,-229770.9172074719
2009-10-05,0.0,-229770.9172074719
2009-10-06,0.0,-229770.9172074719
2009-10-07,0.0,-229770.9172074719
2009-10-08,0.0,-229770.9172074719
2009-10-09,-462.13744967551685,-230233.05465714738
2009-10-10,0.0,-230233.05465714738
2009-10-11,0.0,-230233.05465714738
2009-10-12,0.0,-230233.05465714738
2009-10-13,0.0,-230233.05465714738
2009-10-14,0.0,-230233.05465714738
2009-10-15,0.0,-230233.05465714738
2009-10-16,-461.8601672057116,-230694.91482435307
2009-10-17,0.0,-230694.91482435307
2009-10-18,0.0,-230694.91482435307
2009-10-19,0.0,-230694.91482435307
2009-10-20,0.0,-230694.91482435307
2009-10-21,0.0,-230694.91482435307
2009-10-22,0.0,-230694.91482435307
2009-10-23,-384.6525425878235,-231079.5673669409
2009-10-24,0.0,-231079.5673669409
2009-10-25,0.0,-231079.5673669409
2009-10-26,0.0,-231079.5673669409
2009-10-27,0.0,-231079.5673669409
2009-10-28,0.0,-231079.5673669409
2009-10-29,0.0,-231079.5673669409
2009-10-30,-384.46021631652957,-231464.0275832574
2009-10-31,0.0,-231464.0275832574
2009-11-01,0.0,-231464.0275832574
2009-11-02,0.0,-231464.0275832574
2009-11-03,0.0,-231464.0275832574
2009-11-04,0.0,-231464.0275832574
2009-11-05,0.0,-231464.0275832574
2009-11-06,-384.2679862083713,-231848.29556946573
2009-11-07,0.0,-231848.29556946573
2009-11-08,0.0,-231848.29556946573
2009-11-09,0.0,-231848.29556946573
2009-11-10,0.0,-231848.29556946573
2009-11-11,0.0,-231848.29556946573
2009-11-12,0.0,-231848.29556946573
2009-11-13,-384.07585221526716,-232232.37142168102
2009-11-14,0.0,-232232.37142168102
2009-11-15,0.0,-232232.37142168102
2009-11-16,0.0,-232232.37142168102
2009-11-17,0.0,-232232.37142168102
2009-11-18,0.0,-232232.37142168102
2009-11-19,0.0,-232232.37142168102
2009-11-20,-383.8838142891595,-232616.25523597014
2009-11-21,0.0,-232616.25523597014
2009-11-22,0.0,-232616.25523597014
2009-11-23,0.0,-232616.25523597014
2009-11-24,0.0,-232616.25523597014
2009-11-25,0.0,-232616.25523597014
2009-11-26,0.0,-232616.25523597014
2009-11-27,-383.69187238201494,-232999.9471083522
2009-11-28,0.0,-232999.9471083522
2009-11-29,0.0,-232999.9471083522
2009-11-30,0.0,-232999.9471083522
2009-12-01,0.0,-232999.9471083522
2009-12-02,0.0,-232999.9471083522
2009-12-03,0.0,-232999.9471083522
2009-12-04,-460.20003173498867,-233460.1471400872
2009-12-05,0.0,-233460.1471400872
2009-12-06,0.0,-233460.1471400872
2009-12-07,0.0,-233460.1471400872
2009-12-08,0.0,-233460.1471400872
2009-12-09,0.0,-233460.1471400872
2009-12-10,0.0,-233460.1471400872
2009-12-11,-383.2699264299564,-233843.41706651717
2009-12-12,0.0,-233843.41706651717
2009-12-13,0.0,-233843.41706651717
2009-12-14,0.0,-233843.41706651717
2009-12-15,0.0,-233843.41706651717
2009-12-16,0.0,-233843.41706651717
2009-12-17,0.0,-233843.41706651717
2009-12-18,-459.6939497600897,-234303.11101627722
2009-12-19,0.0,-234303.11101627722
2009-12-20,0.0,-234303.11101627722
2009-12-21,0.0,-234303.11101627722
2009-12-22,0.0,-234303.11101627722
2009-12-23,0.0,-234303.11101627722
2009-12-24,0.0,-234303.11101627722
2009-12-25,-382.84844449186136,-234685.95946076908
2009-12-26,0.0,-234685.95946076908
2009-12-27,0.0,-234685.95946076908
2009-12-28,0.0,-234685.95946076908
2009-12-29,0.0,-234685.95946076908
2009-12-30,0.0,-234685.95946076908
2009-12-31,0.0,-234685.95946076908
2010-01-01,-459.1884243235386,-235145.14788509265
2010-01-02,0.0,-235145.14788509265
2010-01-03,0.0,-235145.14788509265
2010-01-04,0.0,-235145.14788509265
2010-01-05,0.0,-235145.14788509265
2010-01-06,0.0,-235145.14788509265
2010-01-07,0.0,-235145.14788509265
2010-01-08,-382.4274260574537,-235527.57531115005
2010-01-09,0.0,-235527.57531115005
2010-01-10,0.0,-235527.57531115005
2010-01-11,0.0,-235527.57531115005
2010-01-12,0.0,-235527.57531115005
2010-01-13,0.0,-235527.57531115005
2010-01-14,0.0,-235527.57531115005
2010-01-15,-382.236212344425,-235909.81152349443
2010-01-16,0.0,-235909.81152349443
2010-01-17,0.0,-235909.81152349443
2010-01-18,0.0,-235909.81152349443
2010-01-19,0.0,-235909.81152349443
2010-01-20,0.0,-235909.81152349443
2010-01-21,0.0,-235909.81152349443
2010-01-22,-382.0450942382528,-236291.85661773267
2010-01-23,0.0,-236291.85661773267
2010-01-24,0.0,-236291.85661773267
2010-01-25,0.0,-236291.85661773267
2010-01-26,0.0,-236291.85661773267
2010-01-27,0.0,-236291.85661773267
2010-01-28,0.0,-236291.85661773267
2010-01-29,-381.85407169113364,-236673.71068942384
2010-01-30,0.0,-236673.71068942384
2010-01-31,0.0,-236673.71068942384
2010-02-01,0.0,-236673.71068942384
2010-02-02,0.0,-236673.71068942384
2010-02-03,0.0,-236673.71068942384
2010-02-04,0.0,-236673.71068942384
2010-02-05,-381.66314465528814,-237055.37383407913
2010-02-06,0.0,-237055.37383407913
2010-02-07,0.0,-237055.37383407913
2010-02-08,0.0,-237055.37383407913
2010-02-09,0.0,-237055.37383407913
2010-02-10,0.0,-237055.37383407913
2010-02-11,0.0,-237055.37383407913
2010-02-12,-381.47231308296045,-237436.84614716214
2010-02-13,0.0,-237436.84614716214
2010-02-14,0.0,-237436.84614716214
2010-02-15,0.0,-237436.84614716214
2010-02-16,0.0,-237436.84614716214
2010-02-17,0.0,-237436.84614716214
2010-02-18,0.0,-237436.84614716214
2010-02-19,-381.28157692641895,-237818.1277240886
2010-02-20,0.0,-237818.1277240886
2010-02-21,0.0,-237818.1277240886
2010-02-22,0.0,-237818.1277240886
2010-02-23,0.0,-237818.1277240886
2010-02-24,0.0,-237818.1277240886
2010-02-25,0.0,-237818.1277240886
2010-02-26,-381.09093613795574,-238199.21866022656
2010-02-27,0.0,-238199.21866022656
2010-02-28,0.0,-238199.21866022656
2010-03-01,0.0,-238199.21866022656
2010-03-02,0.0,-238199.21866022656
2010-03-03,0.0,-238199.21866022656
2010-03-04,0.0,-238199.21866022656
2010-03-05,-380.90039066988675,-238580.1190508965
2010-03-06,0.0,-238580.1190508965
2010-03-07,0.0,-238580.1190508965
2010-03-08,0.0,-238580.1190508965
2010-03-09,0.0,-238580.1190508965
2010-03-10,0.0,-238580.1190508965
2010-03-11,0.0,-238580.1190508965
2010-03-12,-380.7099404745518,-238960.8289913711
2010-03-13,0.0,-238960.8289913711
2010-03-14,0.0,-238960.8289913711
2010-03-15,0.0,-238960.8289913711
2010-03-16,0.0,-238960.8289913711
2010-03-17,0.0,-238960.8289913711
2010-03-18,0.0,-238960.8289913711
2010-03-19,-380.5195855043145,-239341.3485768754
2010-03-20,0.0,-239341.3485768754
2010-03-21,0.0,-239341.3485768754
2010-03-22,0.0,-239341.3485768754
2010-03-23,0.0,-239341.3485768754
2010-03-24,0.0,-239341.3485768754
2010-03-25,0.0,-239341.3485768754
2010-03-26,-380.3293257115624,-239721.677902587
2010-03-27,0.0,-239721.677902587
2010-03-28,0.0,-239721.677902587
2010-03-29,0.0,-239721.677902587
2010-03-30,0.0,-239721.677902587
2010-03-31,0.0,-239721.677902587
2010-04-01,0.0,-239721.677902587
2010-04-02,-456.16699325844786,-240177.8448958454
2010-04-03,0.0,-240177.8448958454
2010-04-04,0.0,-240177.8448958454
2010-04-05,0.0,-240177.8448958454
2010-04-06,0.0,-240177.8448958454
2010-04-07,0.0,-240177.8448958454
2010-04-08,0.0,-240177.8448958454
2010-04-09,-379.91107755207736,-240557.75597339752
2010-04-10,0.0,-240557.75597339752
2010-04-11,0.0,-240557.75597339752
2010-04-12,0.0,-240557.75597339752
2010-04-13,0.0,-240557.75597339752
2010-04-14,0.0,-240557.75597339752
2010-04-15,0.0,-240557.75597339752
2010-04-16,-379.7211220133013,-240937.4770954108
2010-04-17,0.0,-240937.4770954108
2010-04-18,0.0,-240937.4770954108
2010-04-19,0.0,-240937.4770954108
2010-04-20,0.0,-240937.4770954108
2010-04-21,0.0,-240937.4770954108
2010-04-22,0.0,-240937.4770954108
2010-04-23,-379.53126145229464,-241317.00835686305
2010-04-24,0.0,-241317.00835686305
2010-04-25,0.0,-241317.00835686305
2010-04-26,0.0,-241317.00835686305
2010-04-27,0.0,-241317.00835686305
2010-04-28,0.0,-241317.00835686305
2010-04-29,0.0,-241317.00835686305
2010-04-30,-379.34149582156846,-241696.34985268465
2010-05-01,0.0,-241696.34985268465
2010-05-02,0.0,-241696.34985268465
2010-05-03,0.0,-241696.34985268465
2010-05-04,0.0,-241696.34985268465
2010-05-05,0.0,-241696.34985268465
2010-05-06,0.0,-241696.34985268465
2010-05-07,-379.1518250736577,-242075.5016777583
2010-05-08,0.0,-242075.5016777583
2010-05-09,0.0,-242075.5016777583
2010-05-10,0.0,-242075.5016777583
2010-05-11,0.0,-242075.5016777583
2010-05-12,0.0,-242075.5016777583
2010-05-13,0.0,-242075.5016777583
2010-05-14,-378.96224916112084,-242454.4639269194
2010-05-15,0.0,-242454.4639269194
2010-05-16,0.0,-242454.4639269194
2010-05-17,0.0,-242454.4639269194
2010-05-18,0.0,-242454.4639269194
2010-05-19,0.0,-242454.4639269194
2010-05-20,0.0,-242454.4639269194
2010-05-21,-378.7727680365403,-242833.23669495597
2010-05-22,0.0,-242833.23669495597
2010-05-23,0.0,-242833.23669495597
2010-05-24,0.0,-242833.23669495597
2010-05-25,0.0,-242833.23669495597
2010-05-26,0.0,-242833.23669495597
2010-05-27,0.0,-242833.23669495597
2010-05-28,-454.3000579830264,-243287.536752939
2010-05-29,0.0,-243287.536752939
2010-05-30,0.0,-243287.536752939
2010-05-31,0.0,-243287.536752939
2010-06-01,0.0,-243287.536752939
2010-06-02,0.0,-243287.536752939
2010-06-03,0.0,-243287.536752939
2010-06-04,-454.02747794823665,-243741.56423088722
2010-06-05,0.0,-243741.56423088722
2010-06-06,0.0,-243741.56423088722
2010-06-07,0.0,-243741.56423088722
2010-06-08,0.0,-243741.56423088722
2010-06-09,0.0,-243741.56423088722
2010-06-10,0.0,-243741.56423088722
2010-06-11,-378.12921788455645,-244119.69344877172
2010-06-12,0.0,-244119.69344877172
2010-06-13,0.0,-244119.69344877172
2010-06-14,0.0,-244119.69344877172
2010-06-15,0.0,-244119.69344877172
2010-06-16,0.0,-244119.69344877172
2010-06-17,0.0,-244119.69344877172
2010-06-18,-377.94015327561414,-244497.63360204734
2010-06-19,0.0,-244497.63360204734
2010-06-20,0.0,-244497.63360204734
2010-06-21,0.0,-244497.63360204734
2010-06-22,0.0,-244497.63360204734
2010-06-23,0.0,-244497.63360204734
2010-06-24,0.0,-244497.63360204734
2010-06-25,-377.7511831989764,-244875.38478524634
2010-06-26,0.0,-244875.38478524634
2010-06-27,0.0,-244875.38478524634
2010-06-28,0.0,-244875.38478524634
2010-06-29,0.0,-244875.38478524634
2010-06-30,0.0,-244875.38478524634
2010-07-01,0.0,-244875.38478524634
2010-07-02,-377.56230760737685,-245252.94709285372
2010-07-03,0.0,-245252.94709285372
2010-07-04,0.0,-245252.94709285372
2010-07-05,0.0,-245252.94709285372
2010-07-06,0.0,-245252.94709285372
2010-07-07,0.0,-245252.94709285372
2010-07-08,0.0,-245252.94709285372
2010-07-09,-377.37352645357316,-245630.32061930734
2010-07-10,0.0,-245630.32061930734
2010-07-11,0.0,-245630.32061930734
2010-07-12,0.0,-245630.32061930734
2010-07-13,0.0,-245630.32061930734
2010-07-14,0.0,-245630.32061930734
2010-07-15,0.0,-245630.32061930734
2010-07-16,-377.18483969034634,-246007.50545899768
2010-07-17,0.0,-246007.50545899768
2010-07-18,0.0,-246007.50545899768
2010-07-19,0.0,-246007.50545899768
2010-07-20,0.0,-246007.50545899768
2010-07-21,0.0,-246007.50545899768
2010-07-22,0.0,-246007.50545899768
2010-07-23,-376.9962472705012,-246384.50170626817
2010-07-24,0.0,-246384.50170626817
2010-07-25,0.0,-246384.50170626817
2010-07-26,0.0,-246384.50170626817
2010-07-27,0.0,-246384.50170626817
2010-07-28,0.0,-246384.50170626817
2010-07-29,0.0,-246384.50170626817
2010-07-30,-376.8077491468659,-246761.309455415
2010-07-31,0.0,-246761.309455415
2010-08-01,0.0,-246761.309455415
2010-08-02,0.0,-246761.309455415
2010-08-03,0.0,-246761.309455415
2010-08-04,0.0,-246761.309455415
2010-08-05,0.0,-246761.309455415
2010-08-06,-451.943214326751,-247213.25266974175
2010-08-07,0.0,-247213.25266974175
2010-08-08,0.0,-247213.25266974175
2010-08-09,0.0,-247213.25266974175
2010-08-10,0.0,-247213.25266974175
2010-08-11,0.0,-247213.25266974175
2010-08-12,0.0,-247213.25266974175
2010-08-13,-451.67204839815497,-247664.92471813993
2010-08-14,0.0,-247664.92471813993
2010-08-15,0.0,-247664.92471813993
2010-08-16,0.0,-247664.92471813993
2010-08-17,0.0,-247664.92471813993
2010-08-18,0.0,-247664.92471813993
2010-08-19,0.0,-247664.92471813993
2010-08-20,-451.40104516911606,-248116.32576330903
2010-08-21,0.0,-248116.32576330903
2010-08-22,0.0,-248116.32576330903
2010-08-23,0.0,-248116.32576330903
2010-08-24,0.0,-248116.32576330903
2010-08-25,0.0,-248116.32576330903
2010-08-26,0.0,-248116.32576330903
2010-08-27,-375.9418371183455,-248492.26760042738
2010-08-28,0.0,-248492.26760042738
2010-08-29,0.0,-248492.26760042738
2010-08-30,0.0,-248492.26760042738
2010-08-31,0.0,-248492.26760042738
2010-09-01,0.0,-248492.26760042738
2010-09-02,0.0,-248492.26760042738
2010-09-03,-375.7538661997864,-248868.02146662713
2010-09-04,0.0,-248868.02146662713
2010-09-05,0.0,-248868.02146662713
2010-09-06,0.0,-248868.02146662713
2010-09-07,0.0,-248868.02146662713
2010-09-08,0.0,-248868.02146662713
2010-09-09,0.0,-248868.02146662713
2010-09-10,-375.5659892666865,-249243.58745589387
2010-09-11,0.0,-249243.58745589387
2010-09-12,0.0,-249243.58745589387
2010-09-13,0.0,-249243.58745589387
2010-09-14,0.0,-249243.58745589387
2010-09-15,0.0,-249243.58745589387
2010-09-16,0.0,-249243.58745589387
2010-09-17,-375.3782062720531,-249618.9656621659
2010-09-18,0.0,-249618.9656621659
2010-09-19,0.0,-249618.9656621659
2010-09-20,0.0,-249618.9656621659
2010-09-21,0.0,-249618.9656621659
2010-09-22,0.0,-249618.9656621659
2010-09-23,0.0,-249618.9656621659
2010-09-24,-375.1905171689171,-249994.15617933485
2010-09-25,0.0,-249994.15617933485
2010-09-26,0.0,-249994.15617933485
2010-09-27,0.0,-249994.15617933485
2010-09-28,0.0,-249994.15617933485
2010-09-29,0.0,-249994.15617933485
2010-09-30,0.0,-249994.15617933485
2010-10-01,-375.0029219103326,-250369.15910124523
2010-10-02,0.0,-250369.15910124523
2010-10-03,0.0,-250369.15910124523
2010-10-04,0.0,-250369.15910124523
2010-10-05,0.0,-250369.15910124523
2010-10-06,0.0,-250369.15910124523
2010-10-07,0.0,-250369.15910124523
2010-10-08,-449.77850453925294,-250818.9376057845
2010-10-09,0.0,-250818.9376057845
2010-10-10,0.0,-250818.9376057845
2010-10-11,0.0,-250818.9376057845
2010-10-12,0.0,-250818.9376057845
2010-10-13,0.0,-250818.9376057845
2010-10-14,0.0,-250818.9376057845
2010-10-15,-374.5905311971078,-251193.52813698165
2010-10-16,0.0,-251193.52813698165
2010-10-17,0.0,-251193.52813698165
2010-10-18,0.0,-251193.52813698165
2010-10-19,0.0,-251193.52813698165
2010-10-20,0.0,-251193.52813698165
2010-10-21,0.0,-251193.52813698165
2010-10-22,-374.4032359315092,-251567.93137291318
2010-10-23,0.0,-251567.93137291318
2010-10-24,0.0,-251567.93137291318
2010-10-25,0.0,-251567.93137291318
2010-10-26,0.0,-251567.93137291318
2010-10-27,0.0,-251567.93137291318
2010-10-28,0.0,-251567.93137291318
2010-10-29,-374.21603431354345,-251942.14740722673
2010-10-30,0.0,-251942.14740722673
2010-10-31,0.0,-251942.14740722673
2010-11-01,0.0,-251942.14740722673
2010-11-02,0.0,-251942.14740722673
2010-11-03,0.0,-251942.14740722673
2010-11-04,0.0,-251942.14740722673
2010-11-05,-374.02892629638666,-252316.17633352312
2010-11-06,0.0,-252316.17633352312
2010-11-07,0.0,-252316.17633352312
2010-11-08,0.0,-252316.17633352312
2010-11-09,0.0,-252316.17633352312
2010-11-10,0.0,-252316.17633352312
2010-11-11,0.0,-252316.17633352312
2010-11-12,-448.6102941998862,-252764.78662772302
2010-11-13,0.0,-252764.78662772302
2010-11-14,0.0,-252764.78662772302
2010-11-15,0.0,-252764.78662772302
2010-11-16,0.0,-252764.78662772302
2010-11-17,0.0,-252764.78662772302
2010-11-18,0.0,-252764.78662772302
2010-11-19,-448.34112802336625,-253213.12775574636
2010-11-20,0.0,-253213.12775574636
2010-11-21,0.0,-253213.12775574636
2010-11-22,0.0,-253213.12775574636
2010-11-23,0.0,-253213.12775574636
2010-11-24,0.0,-253213.12775574636
2010-11-25,0.0,-253213.12775574636
2010-11-26,-448.0721233465522,-253661.19987909286
2010-11-27,0.0,-253661.19987909286
2010-11-28,0.0,-253661.19987909286
2010-11-29,0.0,-253661.19987909286
2010-11-30,0.0,-253661.19987909286
2010-12-01,0.0,-253661.19987909286
2010-12-02,0.0,-253661.19987909286
2010-12-03,-447.8032800725442,-254109.00315916538
2010-12-04,0.0,-254109.00315916538
2010-12-05,0.0,-254109.00315916538
2010-12-06,0.0,-254109.00315916538
2010-12-07,0.0,-254109.00315916538
2010-12-08,0.0,-254109.00315916538
2010-12-09,0.0,-254109.00315916538
2010-12-10,-447.53459810450084,-254556.53775726992
2010-12-11,0.0,-254556.53775726992
2010-12-12,0.0,-254556.53775726992
2010-12-13,0.0,-254556.53775726992
2010-12-14,0.0,-254556.53775726992
2010-12-15,0.0,-254556.53775726992
2010-12-16,0.0,-254556.53775726992
2010-12-17,-447.2660773456381,-255003.8038346155
2010-12-18,0.0,-255003.8038346155
2010-12-19,0.0,-255003.8038346155
2010-12-20,0.0,-255003.8038346155
2010-12-21,0.0,-255003.8038346155
2010-12-22,0.0,-255003.8038346155
2010-12-23,0.0,-255003.8038346155
2010-12-24,-372.49809808269225,-255376.30193269823
2010-12-25,0.0,-255376.30193269823
2010-12-26,0.0,-255376.30193269823
2010-12-27,0.0,-255376.30193269823
2010-12-28,0.0,-255376.30193269823
2010-12-29,0.0,-255376.30193269823
2010-12-30,0.0,-255376.30193269823
2010-12-31,-372.3118490336509,-255748.61378173192
2011-01-01,0.0,-255748.61378173192
2011-01-02,0.0,-255748.61378173192
2011-01-03,0.0,-255748.61378173192
2011-01-04,0.0,-255748.61378173192
2011-01-05,0.0,-255748.61378173192
2011-01-06,0.0,-255748.61378173192
2011-01-07,-372.1256931091341,-256120.73947484104
2011-01-08,0.0,-256120.73947484104
2011-01-09,0.0,-256120.73947484104
2011-01-10,0.0,-256120.73947484104
2011-01-11,0.0,-256120.73947484104
2011-01-12,0.0,-256120.73947484104
2011-01-13,0.0,-256120.73947484104
2011-01-14,-371.93963026257956,-256492.6791051036
2011-01-15,0.0,-256492.6791051036
2011-01-16,0.0,-256492.6791051036
2011-01-17,0.0,-256492.6791051036
2011-01-18,0.0,-256492.6791051036
2011-01-19,0.0,-256492.6791051036
2011-01-20,0.0,-256492.6791051036
2011-01-21,-371.7536604474482,-256864.43276555103
2011-01-22,0.0,-256864.43276555103
2011-01-23,0.0,-256864.43276555103
2011-01-24,0.0,-256864.43276555103
2011-01-25,0.0,-256864.43276555103
2011-01-26,0.0,-256864.43276555103
2011-01-27,0.0,-256864.43276555103
2011-01-28,-371.5677836172245,-257236.0005491682
2011-01-29,0.0,-257236.0005491682
2011-01-30,0.0,-257236.0005491682
2011-01-31,0.0,-257236.0005491682
2011-02-01,0.0,-257236.0005491682
2011-02-02,0.0,-257236.0005491682
2011-02-03,0.0,-257236.0005491682
2011-02-04,-371.3819997254159,-257607.38254889357
2011-02-05,0.0,-257607.38254889357
2011-02-06,0.0,-257607.38254889357
2011-02-07,0.0,-257607.38254889357
2011-02-08,0.0,-257607.38254889357
2011-02-09,0.0,-257607.38254889357
2011-02-10,0.0,-257607.38254889357
2011-02-11,-371.19630872555325,-257978.57885761908
2011-02-12,0.0,-257978.57885761908
2011-02-13,0.0,-257978.57885761908
2011-02-14,0.0,-257978.57885761908
2011-02-15,0.0,-257978.57885761908
2011-02-16,0.0,-257978.57885761908
2011-02-17,0.0,-257978.57885761908
2011-02-18,-371.0107105711905,-258349.58956819028
2011-02-19,0.0,-258349.58956819028
2011-02-20,0.0,-258349.58956819028
2011-02-21,0.0,-258349.58956819028
2011-02-22,0.0,-258349.58956819028
2011-02-23,0.0,-258349.58956819028
2011-02-24,0.0,-258349.58956819028
2011-02-25,-370.8252052159049,-258720.41477340623
2011-02-26,0.0,-258720.41477340623
2011-02-27,0.0,-258720.41477340623
2011-02-28,0.0,-258720.41477340623
2011-03-01,0.0,-258720.41477340623
2011-03-02,0.0,-258720.41477340623
2011-03-03,0.0,-258720.41477340623
2011-03-04,-370.6397926132969,-259091.05456601956
2011-03-05,0.0,-259091.05456601956
2011-03-06,0.0,-259091.05456601956
2011-03-07,0.0,-259091.05456601956
2011-03-08,0.0,-259091.05456601956
2011-03-09,0.0,-259091.05456601956
2011-03-10,0.0,-259091.05456601956
2011-03-11,-370.4544727169902,-259461.50903873658
2011-03-12,0.0,-259461.50903873658
2011-03-13,0.0,-259461.50903873658
2011-03-14,0.0,-259461.50903873658
2011-03-15,0.0,-259461.50903873658
2011-03-16,0.0,-259461.50903873658
2011-03-17,0.0,-259461.50903873658
2011-03-18,-370.26924548063175,-259831.77828421723
2011-03-19,0.0,-259831.77828421723
2011-03-20,0.0,-259831.77828421723
2011-03-21,0.0,-259831.77828421723
2011-03-22,0.0,-259831.77828421723
2011-03-23,0.0,-259831.77828421723
2011-03-24,0.0,-259831.77828421723
2011-03-25,-370.08411085789146,-260201.86239507515
2011-03-26,0.0,-260201.86239507515
2011-03-27,0.0,-260201.86239507515
2011-03-28,0.0,-260201.86239507515
2011-03-29,0.0,-260201.86239507515
2011-03-30,0.0,-260201.86239507515
2011-03-31,0.0,-260201.86239507515
2011-04-01,-369.8990688024624,-260571.76146387763
2011-04-02,0.0,-260571.76146387763
2011-04-03,0.0,-260571.76146387763
2011-04-04,0.0,-260571.76146387763
2011-04-05,0.0,-260571.76146387763
2011-04-06,0.0,-260571.76146387763
2011-04-07,0.0,-260571.76146387763
2011-04-08,-443.6569431216734,-261015.41840699932
2011-04-09,0.0,-261015.41840699932
2011-04-10,0.0,-261015.41840699932
2011-04-11,0.0,-261015.41840699932
2011-04-12,0.0,-261015.41840699932
2011-04-13,0.0,-261015.41840699932
2011-04-14,0.0,-261015.41840699932
2011-04-15,-369.4922907965004,-261384.9106977958
2011-04-16,0.0,-261384.9106977958
2011-04-17,0.0,-261384.9106977958
2011-04-18,0.0,-261384.9106977958
2011-04-19,0.0,-261384.9106977958
2011-04-20,0.0,-261384.9106977958
2011-04-21,0.0,-261384.9106977958
2011-04-22,-369.30754465110215,-261754.2182424469
2011-04-23,0.0,-261754.2182424469
2011-04-24,0.0,-261754.2182424469
2011-04-25,0.0,-261754.2182424469
2011-04-26,0.0,-261754.2182424469
2011-04-27,0.0,-261754.2182424469
2011-04-28,0.0,-261754.2182424469
2011-04-29,-369.1228908787766,-262123.3411333257
2011-04-30,0.0,-262123.3411333257
2011-05-01,0.0,-262123.3411333257
2011-05-02,0.0,-262123.3411333257
2011-05-03,0.0,-262123.3411333257
2011-05-04,0.0,-262123.3411333257
2011-05-05,0.0,-262123.3411333257
2011-05-06,-368.9383294333371,-262492.27946275903
2011-05-07,0.0,-262492.27946275903
2011-05-08,0.0,-262492.27946275903
2011-05-09,0.0,-262492.27946275903
2011-05-10,0.0,-262492.27946275903
2011-05-11,0.0,-262492.27946275903
2011-05-12,0.0,-262492.27946275903
2011-05-13,-442.50463232234455,-262934.7840950814
2011-05-14,0.0,-262934.7840950814
2011-05-15,0.0,-262934.7840950814
2011-05-16,0.0,-262934.7840950814
2011-05-17,0.0,-262934.7840950814
2011-05-18,0.0,-262934.7840950814
2011-05-19,0.0,-262934.7840950814
2011-05-20,-442.2391295429511,-263377.02322462434
2011-05-21,0.0,-263377.02322462434
2011-05-22,0.0,-263377.02322462434
2011-05-23,0.0,-263377.02322462434
2011-05-24,0.0,-263377.02322462434
2011-05-25,0.0,-263377.02322462434
2011-05-26,0.0,-263377.02322462434
2011-05-27,-368.31148838768786,-263745.334713012
2011-05-28,0.0,-263745.334713012
2011-05-29,0.0,-263745.334713012
2011-05-30,0.0,-263745.334713012
2011-05-31,0.0,-263745.334713012
2011-06-01,0.0,-263745.334713012
2011-06-02,0.0,-263745.334713012
2011-06-03,-368.127332643494,-264113.46204565547
2011-06-04,0.0,-264113.46204565547
2011-06-05,0.0,-264113.46204565547
2011-06-06,0.0,-264113.46204565547
2011-06-07,0.0,-264113.46204565547
2011-06-08,0.0,-264113.46204565547
2011-06-09,0.0,-264113.46204565547
2011-06-10,-367.9432689771723,-264481.4053146327
2011-06-11,0.0,-264481.4053146327
2011-06-12,0.0,-264481.4053146327
2011-06-13,0.0,-264481.4053146327
2011-06-14,0.0,-264481.4053146327
2011-06-15,0.0,-264481.4053146327
2011-06-16,0.0,-264481.4053146327
2011-06-17,-441.31115681122037,-264922.7164714439
2011-06-18,0.0,-264922.7164714439
2011-06-19,0.0,-264922.7164714439
2011-06-20,0.0,-264922.7164714439
2011-06-21,0.0,-264922.7164714439
2011-06-22,0.0,-264922.7164714439
2011-06-23,0.0,-264922.7164714439
2011-06-24,-441.04637011713373,-265363.762841561
2011-06-25,0.0,-265363.762841561
2011-06-26,0.0,-265363.762841561
2011-06-27,0.0,-265363.762841561
2011-06-28,0.0,-265363.762841561
2011-06-29,0.0,-265363.762841561
2011-06-30,0.0,-265363.762841561
2011-07-01,-367.3181185792195,-265731.0809601402
2011-07-02,0.0,-265731.0809601402
2011-07-03,0.0,-265731.0809601402
2011-07-04,0.0,-265731.0809601402
2011-07-05,0.0,-265731.0809601402
2011-07-06,0.0,-265731.0809601402
2011-07-07,0.0,-265731.0809601402
2011-07-08,-440.5613514239158,-266171.6423115642
2011-07-09,0.0,-266171.6423115642
2011-07-10,0.0,-266171.6423115642
2011-07-11,0.0,-266171.6423115642
2011-07-12,0.0,-266171.6423115642
2011-07-13,0.0,-266171.6423115642
2011-07-14,0.0,-266171.6423115642
2011-07-15,-366.91417884421793,-266538.5564904084
2011-07-16,0.0,-266538.5564904084
2011-07-17,0.0,-266538.5564904084
2011-07-18,0.0,-266538.5564904084
2011-07-19,0.0,-266538.5564904084
2011-07-20,0.0,-266538.5564904084
2011-07-21,0.0,-266538.5564904084
2011-07-22,-366.7307217547958,-266905.2872121632
2011-07-23,0.0,-266905.2872121632
2011-07-24,0.0,-266905.2872121632
2011-07-25,0.0,-266905.2872121632
2011-07-26,0.0,-266905.2872121632
2011-07-27,0.0,-266905.2872121632
2011-07-28,0.0,-266905.2872121632
2011-07-29,-366.5473563939184,-267271.8345685571
2011-07-30,0.0,-267271.8345685571
2011-07-31,0.0,-267271.8345685571
2011-08-01,0.0,-267271.8345685571
2011-08-02,0.0,-267271.8345685571
2011-08-03,0.0,-267271.8345685571
2011-08-04,0.0,-267271.8345685571
2011-08-05,-366.36408271572145,-267638.1986512728
2011-08-06,0.0,-267638.1986512728
2011-08-07,0.0,-267638.1986512728
2011-08-08,0.0,-267638.1986512728
2011-08-09,0.0,-267638.1986512728
2011-08-10,0.0,-267638.1986512728
2011-08-11,0.0,-267638.1986512728
2011-08-12,-366.1809006743636,-268004.3795519471
2011-08-13,0.0,-268004.3795519471
2011-08-14,0.0,-268004.3795519471
2011-08-15,0.0,-268004.3795519471
2011-08-16,0.0,-268004.3795519471
2011-08-17,0.0,-268004.3795519471
2011-08-18,0.0,-268004.3795519471
2011-08-19,-365.99781022402647,-268370.3773621712
2011-08-20,0.0,-268370.3773621712
2011-08-21,0.0,-268370.3773621712
2011-08-22,0.0,-268370.3773621712
2011-08-23,0.0,-268370.3773621712
2011-08-24,0.0,-268370.3773621712
2011-08-25,0.0,-268370.3773621712
2011-08-26,-365.81481131891445,-268736.19217349007
2011-08-27,0.0,-268736.19217349007
2011-08-28,0.0,-268736.19217349007
2011-08-29,0.0,-268736.19217349007
2011-08-30,0.0,-268736.19217349007
2011-08-31,0.0,-268736.19217349007
2011-09-01,0.0,-268736.19217349007
2011-09-02,-365.63190391325503,-269101.8240774033
2011-09-03,0.0,-269101.8240774033
2011-09-04,0.0,-269101.8240774033
2011-09-05,0.0,-269101.8240774033
2011-09-06,0.0,-269101.8240774033
2011-09-07,0.0,-269101.8240774033
2011-09-08,0.0,-269101.8240774033
2011-09-09,-365.44908796129835,-269467.27316536463
2011-09-10,0.0,-269467.27316536463
2011-09-11,0.0,-269467.27316536463
2011-09-12,0.0,-269467.27316536463
2011-09-13,0.0,-269467.27316536463
2011-09-14,0.0,-269467.27316536463
2011-09-15,0.0,-269467.27316536463
2011-09-16,-365.2663634173177,-269832.5395287819
2011-09-17,0.0,-269832.5395287819
2011-09-18,0.0,-269832.5395287819
2011-09-19,0.0,-269832.5395287819
2011-09-20,0.0,-269832.5395287819
2011-09-21,0.0,-269832.5395287819
2011-09-22,0.0,-269832.5395287819
2011-09-23,-365.08373023560904,-270197.6232590175
2011-09-24,0.0,-270197.6232590175
2011-09-25,0.0,-270197.6232590175
2011-09-26,0.0,-270197.6232590175
2011-09-27,0.0,-270197.6232590175
2011-09-28,0.0,-270197.6232590175
2011-09-29,0.0,-270197.6232590175
2011-09-30,-364.9011883704913,-270562.524447388
2011-10-01,0.0,-270562.524447388
2011-10-02,0.0,-270562.524447388
2011-10-03,0.0,-270562.524447388
2011-10-04,0.0,-270562.524447388
2011-10-05,0.0,-270562.524447388
2011-10-06,0.0,-270562.524447388
2011-10-07,-364.718737776306,-270927.2431851643
2011-10-08,0.0,-270927.2431851643
2011-10-09,0.0,-270927.2431851643
2011-10-10,0.0,-270927.2431851643
2011-10-11,0.0,-270927.2431851643
2011-10-12,0.0,-270927.2431851643
2011-10-13,0.0,-270927.2431851643
2011-10-14,-364.5363784074179,-271291.7795635717
2011-10-15,0.0,-271291.7795635717
2011-10-16,0.0,-271291.7795635717
2011-10-17,0.0,-271291.7795635717
2011-10-18,0.0,-271291.7795635717
2011-10-19,0.0,-271291.7795635717
2011-10-20,0.0,-271291.7795635717
2011-10-21,-364.3541102182142,-271656.1336737899
2011-10-22,0.0,-271656.1336737899
2011-10-23,0.0,-271656.1336737899
2011-10-24,0.0,-271656.1336737899
2011-10-25,0.0,-271656.1336737899
2011-10-26,0.0,-271656.1336737899
2011-10-27,0.0,-271656.1336737899
2011-10-28,-364.17193316310505,-272020.305606953
2011-10-29,0.0,-272020.305606953
2011-10-30,0.0,-272020.305606953
2011-10-31,0.0,-272020.305606953
2011-11-01,0.0,-272020.305606953
2011-11-02,0.0,-272020.305606953
2011-11-03,0.0,-272020.305606953
2011-11-04,-363.98984719652356,-272384.2954541495
2011-11-05,0.0,-272384.2954541495
2011-11-06,0.0,-272384.2954541495
2011-11-07,0.0,-272384.2954541495
2011-11-08,0.0,-272384.2954541495
2011-11-09,0.0,-272384.2954541495
2011-11-10,0.0,-272384.2954541495
2011-11-11,-363.8078522729253,-272748.10330642236
2011-11-12,0.0,-272748.10330642236
2011-11-13,0.0,-272748.10330642236
2011-11-14,0.0,-272748.10330642236
2011-11-15,0.0,-272748.10330642236
2011-11-16,0.0,-272748.10330642236
2011-11-17,0.0,-272748.10330642236
2011-11-18,-363.62594834678885,-273111.72925476916
2011-11-19,0.0,-273111.72925476916
2011-11-20,0.0,-273111.72925476916
2011-11-21,0.0,-273111.72925476916
2011-11-22,0.0,-273111.72925476916
2011-11-23,0.0,-273111.72925476916
2011-11-24,0.0,-273111.72925476916
2011-11-25,-363.44413537261545,-273475.1733901418
2011-11-26,0.0,-273475.1733901418
2011-11-27,0.0,-273475.1733901418
2011-11-28,0.0,-273475.1733901418
2011-11-29,0.0,-273475.1733901418
2011-11-30,0.0,-273475.1733901418
2011-12-01,0.0,-273475.1733901418
2011-12-02,-363.26241330492917,-273838.4358034467
2011-12-03,0.0,-273838.4358034467
2011-12-04,0.0,-273838.4358034467
2011-12-05,0.0,-273838.4358034467
2011-12-06,0.0,-273838.4358034467
2011-12-07,0.0,-273838.4358034467
2011-12-08,0.0,-273838.4358034467
2011-12-09,-363.0807820982767,-274201.5165855449
2011-12-10,0.0,-274201.5165855449
2011-12-11,0.0,-274201.5165855449
2011-12-12,0.0,-274201.5165855449
2011-12-13,0.0,-274201.5165855449
2011-12-14,0.0,-274201.5165855449
2011-12-15,0.0,-274201.5165855449
2011-12-16,-362.8992417072276,-274564.4158272521
2011-12-17,0.0,-274564.4158272521
2011-12-18,0.0,-274564.4158272521
2011-12-19,0.0,-274564.4158272521
2011-12-20,0.0,-274564.4158272521
2011-12-21,0.0,-274564.4158272521
2011-12-22,0.0,-274564.4158272521
2011-12-23,-362.71779208637395,-274927.1336193385
2011-12-24,0.0,-274927.1336193385
2011-12-25,0.0,-274927.1336193385
2011-12-26,0.0,-274927.1336193385
2011-12-27,0.0,-274927.1336193385
2011-12-28,0.0,-274927.1336193385
2011-12-29,0.0,-274927.1336193385
2011-12-30,-362.5364331903308,-275289.67005252885
2011-12-31,0.0,-275289.67005252885
2012-01-01,0.0,-275289.67005252885
2012-01-02,0.0,-275289.67005252885
2012-01-03,0.0,-275289.67005252885
2012-01-04,0.0,-275289.67005252885
2012-01-05,0.0,-275289.67005252885
2012-01-06,-362.3551649737356,-275652.0252175026
2012-01-07,0.0,-275652.0252175026
2012-01-08,0.0,-275652.0252175026
2012-01-09,0.0,-275652.0252175026
2012-01-10,0.0,-275652.0252175026
2012-01-11,0.0,-275652.0252175026
2012-01-12,0.0,-275652.0252175026
2012-01-13,-362.1739873912488,-276014.1992048939
2012-01-14,0.0,-276014.1992048939
2012-01-15,0.0,-276014.1992048939
2012-01-16,0.0,-276014.1992048939
2012-01-17,0.0,-276014.1992048939
2012-01-18,0.0,-276014.1992048939
2012-01-19,0.0,-276014.1992048939
2012-01-20,-361.9929003975531,-276376.1921052914
2012-01-21,0.0,-276376.1921052914
2012-01-22,0.0,-276376.1921052914
2012-01-23,0.0,-276376.1921052914
2012-01-24,0.0,-276376.1921052914
2012-01-25,0.0,-276376.1921052914
2012-01-26,0.0,-276376.1921052914
2012-01-27,-361.8119039473543,-276738.0040092388
2012-01-28,0.0,-276738.0040092388
2012-01-29,0.0,-276738.0040092388
2012-01-30,0.0,-276738.0040092388
2012-01-31,0.0,-276738.0040092388
2012-02-01,0.0,-276738.0040092388
2012-02-02,0.0,-276738.0040092388
2012-02-03,-361.6309979953806,-277099.6350072342
2012-02-04,0.0,-277099.6350072342
2012-02-05,0.0,-277099.6350072342
2012-02-06,0.0,-277099.6350072342
2012-02-07,0.0,-277099.6350072342
2012-02-08,0.0,-277099.6350072342
2012-02-09,0.0,-277099.6350072342
2012-02-10,-361.4501824963829,-277461.0851897305
2012-02-11,0.0,-277461.0851897305
2012-02-12,0.0,-277461.0851897305
2012-02-13,0.0,-277461.0851897305
2012-02-14,0.0,-277461.0851897305
2012-02-15,0.0,-277461.0851897305
2012-02-16,0.0,-277461.0851897305
2012-02-17,-361.26945740513474,-277822.3546471356
2012-02-18,0.0,-277822.3546471356
2012-02-19,0.0,-277822.3546471356
2012-02-20,0.0,-277822.3546471356
2012-02-21,0.0,-277822.3546471356
2012-02-22,0.0,-277822.3546471356
2012-02-23,0.0,-277822.3546471356
2012-02-24,-361.08882267643224,-278183.44346981205
2012-02-25,0.0,-278183.44346981205
2012-02-26,0.0,-278183.44346981205
2012-02-27,0.0,-278183.44346981205
2012-02-28,0.0,-278183.44346981205
2012-02-29,0.0,-278183.44346981205
2012-03-01,0.0,-278183.44346981205
2012-03-02,-360.908278265094,-278544.3517480771
2012-03-03,0.0,-278544.3517480771
2012-03-04,0.0,-278544.3517480771
2012-03-05,0.0,-278544.3517480771
2012-03-06,0.0,-278544.3517480771
2012-03-07,0.0,-278544.3517480771
2012-03-08,0.0,-278544.3517480771
2012-03-09,-432.87338895115374,-278977.22513702826
2012-03-10,0.0,-278977.22513702826
2012-03-11,0.0,-278977.22513702826
2012-03-12,0.0,-278977.22513702826
2012-03-13,0.0,-278977.22513702826
2012-03-14,0.0,-278977.22513702826
2012-03-15,0.0,-278977.22513702826
2012-03-16,-360.51138743148584,-279337.7365244598
2012-03-17,0.0,-279337.7365244598
2012-03-18,0.0,-279337.7365244598
2012-03-19,0.0,-279337.7365244598
2012-03-20,0.0,-279337.7365244598
2012-03-21,0.0,-279337.7365244598
2012-03-22,0.0,-279337.7365244598
2012-03-23,-360.33113173777014,-279698.0676561976
2012-03-24,0.0,-279698.0676561976
2012-03-25,0.0,-279698.0676561976
2012-03-26,0.0,-279698.0676561976
2012-03-27,0.0,-279698.0676561976
2012-03-28,0.0,-279698.0676561976
2012-03-29,0.0,-279698.0676561976
2012-03-30,-360.15096617190125,-280058.21862236946
2012-03-31,0.0,-280058.21862236946
2012-04-01,0.0,-280058.21862236946
2012-04-02,0.0,-280058.21862236946
2012-04-03,0.0,-280058.21862236946
2012-04-04,0.0,-280058.21862236946
2012-04-05,0.0,-280058.21862236946
2012-04-06,-359.9708906888153,-280418.1895130583
2012-04-07,0.0,-280418.1895130583
2012-04-08,0.0,-280418.1895130583
2012-04-09,0.0,-280418.1895130583
2012-04-10,0.0,-280418.1895130583
2012-04-11,0.0,-280418.1895130583
2012-04-12,0.0,-280418.1895130583
2012-04-13,-359.79090524347083,-280777.98041830177
2012-04-14,0.0,-280777.98041830177
2012-04-15,0.0,-280777.98041830177
2012-04-16,0.0,-280777.98041830177
2012-04-17,0.0,-280777.98041830177
2012-04-18,0.0,-280777.98041830177
2012-04-19,0.0,-280777.98041830177
2012-04-20,-359.61100979084915,-281137.59142809256
2012-04-21,0.0,-281137.59142809256
2012-04-22,0.0,-281137.59142809256
2012-04-23,0.0,-281137.59142809256
2012-04-24,0.0,-281137.59142809256
2012-04-25,0.0,-281137.59142809256
2012-04-26,0.0,-281137.59142809256
2012-04-27,-359.4312042859537,-281497.0226323785
2012-04-28,0.0,-281497.0226323785
2012-04-29,0.0,-281497.0226323785
2012-04-30,0.0,-281497.0226323785
2012-05-01,0.0,-281497.0226323785
2012-05-02,0.0,-281497.0226323785
2012-05-03,0.0,-281497.0226323785
2012-05-04,-359.25148868381075,-281856.27412106236
2012-05-05,0.0,-281856.27412106236
2012-05-06,0.0,-281856.27412106236
2012-05-07,0.0,-281856.27412106236
2012-05-08,0.0,-281856.27412106236
2012-05-09,0.0,-281856.27412106236
2012-05-10,0.0,-281856.27412106236
2012-05-11,-359.0718629394689,-282215.3459840019
2012-05-12,0.0,-282215.3459840019
2012-05-13,0.0,-282215.3459840019
2012-05-14,0.0,-282215.3459840019
2012-05-15,0.0,-282215.3459840019
2012-05-16,0.0,-282215.3459840019
2012-05-17,0.0,-282215.3459840019
2012-05-18,-358.89232700799903,-282574.23831100983
2012-05-19,0.0,-282574.23831100983
2012-05-20,0.0,-282574.23831100983
2012-05-21,0.0,-282574.23831100983
2012-05-22,0.0,-282574.23831100983
2012-05-23,0.0,-282574.23831100983
2012-05-24,0.0,-282574.23831100983
2012-05-25,-358.7128808444951,-282932.9511918543
2012-05-26,0.0,-282932.9511918543
2012-05-27,0.0,-282932.9511918543
2012-05-28,0.0,-282932.9511918543
2012-05-29,0.0,-282932.9511918543
2012-05-30,0.0,-282932.9511918543
2012-05-31,0.0,-282932.9511918543
2012-06-01,-430.24022928488745,-283363.19142113917
2012-06-02,0.0,-283363.19142113917
2012-06-03,0.0,-283363.19142113917
2012-06-04,0.0,-283363.19142113917
2012-06-05,0.0,-283363.19142113917
2012-06-06,0.0,-283363.19142113917
2012-06-07,0.0,-283363.19142113917
2012-06-08,-429.98208514731647,-283793.17350628646
2012-06-09,0.0,-283793.17350628646
2012-06-10,0.0,-283793.17350628646
2012-06-11,0.0,-283793.17350628646
2012-06-12,0.0,-283793.17350628646
2012-06-13,0.0,-283793.17350628646
2012-06-14,0.0,-283793.17350628646
2012-06-15,-358.1034132468568,-284151.27691953327
2012-06-16,0.0,-284151.27691953327
2012-06-17,0.0,-284151.27691953327
2012-06-18,0.0,-284151.27691953327
2012-06-19,0.0,-284151.27691953327
2012-06-20,0.0,-284151.27691953327
2012-06-21,0.0,-284151.27691953327
2012-06-22,-357.92436154023335,-284509.2012810735
2012-06-23,0.0,-284509.2012810735
2012-06-24,0.0,-284509.2012810735
2012-06-25,0.0,-284509.2012810735
2012-06-26,0.0,-284509.2012810735
2012-06-27,0.0,-284509.2012810735
2012-06-28,0.0,-284509.2012810735
2012-06-29,-357.74539935946325,-284866.946680433
2012-06-30,0.0,-284866.946680433
2012-07-01,0.0,-284866.946680433
2012-07-02,0.0,-284866.946680433
2012-07-03,0.0,-284866.946680433
2012-07-04,0.0,-284866.946680433
2012-07-05,0.0,-284866.946680433
2012-07-06,-357.5665266597835,-285224.51320709276
2012-07-07,0.0,-285224.51320709276
2012-07-08,0.0,-285224.51320709276
2012-07-09,0.0,-285224.51320709276
2012-07-10,0.0,-285224.51320709276
2012-07-11,0.0,-285224.51320709276
2012-07-12,0.0,-285224.51320709276
2012-07-13,-357.3877433964537,-285581.9009504892
2012-07-14,0.0,-285581.9009504892
2012-07-15,0.0,-285581.9009504892
2012-07-16,0.0,-285581.9009504892
2012-07-17,0.0,-285581.9009504892
2012-07-18,0.0,-285581.9009504892
2012-07-19,0.0,-285581.9009504892
2012-07-20,-357.2090495247554,-285939.11000001396
2012-07-21,0.0,-285939.11000001396
2012-07-22,0.0,-285939.11000001396
2012-07-23,0.0,-285939.11000001396
2012-07-24,0.0,-285939.11000001396
2012-07-25,0.0,-285939.11000001396
2012-07-26,0.0,-285939.11000001396
2012-07-27,-357.03044499999305,-286296.140445014
2012-07-28,0.0,-286296.140445014
2012-07-29,0.0,-286296.140445014
2012-07-30,0.0,-286296.140445014
2012-07-31,0.0,-286296.140445014
2012-08-01,0.0,-286296.140445014
2012-08-02,0.0,-286296.140445014
2012-08-03,-356.851929777493,-286652.99237479153
2012-08-04,0.0,-286652.99237479153
2012-08-05,0.0,-286652.99237479153
2012-08-06,0.0,-286652.99237479153
2012-08-07,0.0,-286652.99237479153
2012-08-08,0.0,-286652.99237479153
2012-08-09,0.0,-286652.99237479153
2012-08-10,-356.6735038126043,-287009.66587860417
2012-08-11,0.0,-287009.66587860417
2012-08-12,0.0,-287009.66587860417
2012-08-13,0.0,-287009.66587860417
2012-08-14,0.0,-287009.66587860417
2012-08-15,0.0,-287009.66587860417
2012-08-16,0.0,-287009.66587860417
2012-08-17,-356.49516706069795,-287366.1610456649
2012-08-18,0.0,-287366.1610456649
2012-08-19,0.0,-287366.1610456649
2012-08-20,0.0,-287366.1610456649
2012-08-21,0.0,-287366.1610456649
2012-08-22,0.0,-287366.1610456649
2012-08-23,0.0,-287366.1610456649
2012-08-24,-356.3169194771676,-287722.4779651421
2012-08-25,0.0,-287722.4779651421
2012-08-26,0.0,-287722.4779651421
2012-08-27,0.0,-287722.4779651421
2012-08-28,0.0,-287722.4779651421
2012-08-29,0.0,-287722.4779651421
2012-08-30,0.0,-287722.4779651421
2012-08-31,-356.138761017429,-288078.6167261596
2012-09-01,0.0,-288078.6167261596
2012-09-02,0.0,-288078.6167261596
2012-09-03,0.0,-288078.6167261596
2012-09-04,0.0,-288078.6167261596
2012-09-05,0.0,-288078.6167261596
2012-09-06,0.0,-288078.6167261596
2012-09-07,-355.9606916369202,-288434.5774177965
2012-09-08,0.0,-288434.5774177965
2012-09-09,0.0,-288434.5774177965
2012-09-10,0.0,-288434.5774177965
2012-09-11,0.0,-288434.5774177965
2012-09-12,0.0,-288434.5774177965
2012-09-13,0.0,-288434.5774177965
2012-09-14,-355.7827112911018,-288790.3601290876
2012-09-15,0.0,-288790.3601290876
2012-09-16,0.0,-288790.3601290876
2012-09-17,0.0,-288790.3601290876
2012-09-18,0.0,-288790.3601290876
2012-09-19,0.0,-288790.3601290876
2012-09-20,0.0,-288790.3601290876
2012-09-21,-355.60481993545625,-289145.9649490231
2012-09-22,0.0,-289145.9649490231
2012-09-23,0.0,-289145.9649490231
2012-09-24,0.0,-289145.9649490231
2012-09-25,0.0,-289145.9649490231
2012-09-26,0.0,-289145.9649490231
2012-09-27,0.0,-289145.9649490231
2012-09-28,-355.4270175254885,-289501.39196654863
2012-09-29,0.0,-289501.39196654863
2012-09-30,0.0,-289501.39196654863
2012-10-01,0.0,-289501.39196654863
2012-10-02,0.0,-289501.39196654863
2012-10-03,0.0,-289501.39196654863
2012-10-04,0.0,-289501.39196654863
2012-10-05,-355.2493040167257,-289856.64127056533
2012-10-06,0.0,-289856.64127056533
2012-10-07,0.0,-289856.64127056533
2012-10-08,0.0,-289856.64127056533
2012-10-09,0.0,-289856.64127056533
2012-10-10,0.0,-289856.64127056533
2012-10-11,0.0,-289856.64127056533
2012-10-12,-355.07167936471734,-290211.7129499301
2012-10-13,0.0,-290211.7129499301
2012-10-14,0.0,-290211.7129499301
2012-10-15,0.0,-290211.7129499301
2012-10-16,0.0,-290211.7129499301
2012-10-17,0.0,-290211.7129499301
2012-10-18,0.0,-290211.7129499301
2012-10-19,-425.8729722300419,-290637.5859221602
2012-10-20,0.0,-290637.5859221602
2012-10-21,0.0,-290637.5859221602
2012-10-22,0.0,-290637.5859221602
2012-10-23,0.0,-290637.5859221602
2012-10-24,0.0,-290637.5859221602
2012-10-25,0.0,-290637.5859221602
2012-10-26,-425.61744844670386,-291063.2033706069
2012-10-27,0.0,-291063.2033706069
2012-10-28,0.0,-291063.2033706069
2012-10-29,0.0,-291063.2033706069
2012-10-30,0.0,-291063.2033706069
2012-10-31,0.0,-291063.2033706069
2012-11-01,0.0,-291063.2033706069
2012-11-02,-425.3620779776359,-291488.5654485845
2012-11-03,0.0,-291488.5654485845
2012-11-04,0.0,-291488.5654485845
2012-11-05,0.0,-291488.5654485845
2012-11-06,0.0,-291488.5654485845
2012-11-07,0.0,-291488.5654485845
2012-11-08,0.0,-291488.5654485845
2012-11-09,-354.2557172757078,-291842.82116586016
2012-11-10,0.0,-291842.82116586016
2012-11-11,0.0,-291842.82116586016
2012-11-12,0.0,-291842.82116586016
2012-11-13,0.0,-291842.82116586016
2012-11-14,0.0,-291842.82116586016
2012-11-15,0.0,-291842.82116586016
2012-11-16,-354.07858941706996,-292196.8997552772
2012-11-17,0.0,-292196.8997552772
2012-11-18,0.0,-292196.8997552772
2012-11-19,0.0,-292196.8997552772
2012-11-20,0.0,-292196.8997552772
2012-11-21,0.0,-292196.8997552772
2012-11-22,0.0,-292196.8997552772
2012-11-23,-424.68186014683374,-292621.581615424
2012-11-24,0.0,-292621.581615424
2012-11-25,0.0,-292621.581615424
2012-11-26,0.0,-292621.581615424
2012-11-27,0.0,-292621.581615424
2012-11-28,0.0,-292621.581615424
2012-11-29,0.0,-292621.581615424
2012-11-30,-353.68920919228805,-292975.2708246163
2012-12-01,0.0,-292975.2708246163
2012-12-02,0.0,-292975.2708246163
2012-12-03,0.0,-292975.2708246163
2012-12-04,0.0,-292975.2708246163
2012-12-05,0.0,-292975.2708246163
2012-12-06,0.0,-292975.2708246163
2012-12-07,-353.5123645876919,-293328.78318920406
2012-12-08,0.0,-293328.78318920406
2012-12-09,0.0,-293328.78318920406
2012-12-10,0.0,-293328.78318920406
2012-12-11,0.0,-293328.78318920406
2012-12-12,0.0,-293328.78318920406
2012-12-13,0.0,-293328.78318920406
2012-12-14,-353.33560840539803,-293682.11879760947
2012-12-15,0.0,-293682.11879760947
2012-12-16,0.0,-293682.11879760947
2012-12-17,0.0,-293682.11879760947
2012-12-18,0.0,-293682.11879760947
2012-12-19,0.0,-293682.11879760947
2012-12-20,0.0,-293682.11879760947
2012-12-21,-353.1589406011953,-294035.2777382106
2012-12-22,0.0,-294035.2777382106
2012-12-23,0.0,-294035.2777382106
2012-12-24,0.0,-294035.2777382106
2012-12-25,0.0,-294035.2777382106
2012-12-26,0.0,-294035.2777382106
2012-12-27,0.0,-294035.2777382106
2012-12-28,-423.5788333570737,-294458.8565715677
2012-12-29,0.0,-294458.8565715677
2012-12-30,0.0,-294458.8565715677
2012-12-31,0.0,-294458.8565715677
2013-01-01,0.0,-294458.8565715677
2013-01-02,0.0,-294458.8565715677
2013-01-03,0.0,-294458.8565715677
2013-01-04,-352.77057171421615,-294811.627143282
2013-01-05,0.0,-294811.627143282
2013-01-06,0.0,-294811.627143282
2013-01-07,0.0,-294811.627143282
2013-01-08,0.0,-294811.627143282
2013-01-09,0.0,-294811.627143282
2013-01-10,0.0,-294811.627143282
2013-01-11,-352.594186428359,-295164.22132971033
2013-01-12,0.0,-295164.22132971033
2013-01-13,0.0,-295164.22132971033
2013-01-14,0.0,-295164.22132971033
2013-01-15,0.0,-295164.22132971033
2013-01-16,0.0,-295164.22132971033
2013-01-17,0.0,-295164.22132971033
2013-01-18,-352.4178893351449,-295516.6392190455
2013-01-19,0.0,-295516.6392190455
2013-01-20,0.0,-295516.6392190455
2013-01-21,0.0,-295516.6392190455
2013-01-22,0.0,-295516.6392190455
2013-01-23,0.0,-295516.6392190455
2013-01-24,0.0,-295516.6392190455
2013-01-25,-352.24168039047726,-295868.88089943596
2013-01-26,0.0,-295868.88089943596
2013-01-27,0.0,-295868.88089943596
2013-01-28,0.0,-295868.88089943596
2013-01-29,0.0,-295868.88089943596
2013-01-30,0.0,-295868.88089943596
2013-01-31,0.0,-295868.88089943596
2013-02-01,-352.06555955028205,-296220.94645898626
2013-02-02,0.0,-296220.94645898626
2013-02-03,0.0,-296220.94645898626
2013-02-04,0.0,-296220.94645898626
2013-02-05,0.0,-296220.94645898626
2013-02-06,0.0,-296220.94645898626
2013-02-07,0.0,-296220.94645898626
2013-02-08,-351.88952677050685,-296572.8359857567
2013-02-09,0.0,-296572.8359857567
2013-02-10,0.0,-296572.8359857567
2013-02-11,0.0,-296572.8359857567
2013-02-12,0.0,-296572.8359857567
2013-02-13,0.0,-296572.8359857567
2013-02-14,0.0,-296572.8359857567
2013-02-15,-351.71358200712166,-296924.5495677638
2013-02-16,0.0,-296924.5495677638
2013-02-17,0.0,-296924.5495677638
2013-02-18,0.0,-296924.5495677638
2013-02-19,0.0,-296924.5495677638
2013-02-20,0.0,-296924.5495677638
2013-02-21,0.0,-296924.5495677638
2013-02-22,-351.53772521611813,-297276.08729297994
2013-02-23,0.0,-297276.08729297994
2013-02-24,0.0,-297276.08729297994
2013-02-25,0.0,-297276.08729297994
2013-02-26,0.0,-297276.08729297994
2013-02-27,0.0,-297276.08729297994
2013-02-28,0.0,-297276.08729297994
2013-03-01,-351.36195635351004,-297627.44924933347
2013-03-02,0.0,-297627.44924933347
2013-03-03,0.0,-297627.44924933347
2013-03-04,0.0,-297627.44924933347
2013-03-05,0.0,-297627.44924933347
2013-03-06,0.0,-297627.44924933347
2013-03-07,0.0,-297627.44924933347
2013-03-08,-351.1862753753333,-297978.6355247088
2013-03-09,0.0,-297978.6355247088
2013-03-10,0.0,-297978.6355247088
2013-03-11,0.0,-297978.6355247088
2013-03-12,0.0,-297978.6355247088
2013-03-13,0.0,-297978.6355247088
2013-03-14,0.0,-297978.6355247088
2013-03-15,-351.0106822376456,-298329.64620694646
2013-03-16,0.0,-298329.64620694646
2013-03-17,0.0,-298329.64620694646
2013-03-18,0.0,-298329.64620694646
2013-03-19,0.0,-298329.64620694646
2013-03-20,0.0,-298329.64620694646
2013-03-21,0.0,-298329.64620694646
2013-03-22,-350.8351768965268,-298680.481383843
2013-03-23,0.0,-298680.481383843
2013-03-24,0.0,-298680.481383843
2013-03-25,0.0,-298680.481383843
2013-03-26,0.0,-298680.481383843
2013-03-27,0.0,-298680.481383843
2013-03-28,0.0,-298680.481383843
2013-03-29,-350.6597593080785,-299031.1411431511
2013-03-30,0.0,-299031.1411431511
2013-03-31,0.0,-299031.1411431511
2013-04-01,0.0,-299031.1411431511
2013-04-02,0.0,-299031.1411431511
2013-04-03,0.0,-299031.1411431511
2013-04-04,0.0,-299031.1411431511
2013-04-05,-350.4844294284245,-299381.62557257956
2013-04-06,0.0,-299381.62557257956
2013-04-07,0.0,-299381.62557257956
2013-04-08,0.0,-299381.62557257956
2013-04-09,0.0,-299381.62557257956
2013-04-10,0.0,-299381.62557257956
2013-04-11,0.0,-299381.62557257956
2013-04-12,-350.30918721371023,-299731.9347597932
2013-04-13,0.0,-299731.9347597932
2013-04-14,0.0,-299731.9347597932
2013-04-15,0.0,-299731.9347597932
2013-04-16,0.0,-299731.9347597932
2013-04-17,0.0,-299731.9347597932
2013-04-18,0.0,-299731.9347597932
2013-04-19,-350.13403262010337,-300082.06879241334
2013-04-20,0.0,-300082.06879241334
2013-04-21,0.0,-300082.06879241334
2013-04-22,0.0,-300082.06879241334
2013-04-23,0.0,-300082.06879241334
2013-04-24,0.0,-300082.06879241334
2013-04-25,0.0,-300082.06879241334
2013-04-26,-419.95075872455203,-300502.0195511379
2013-04-27,0.0,-300502.0195511379
2013-04-28,0.0,-300502.0195511379
2013-04-29,0.0,-300502.0195511379
2013-04-30,0.0,-300502.0195511379
2013-05-01,0.0,-300502.0195511379
2013-05-02,0.0,-300502.0195511379
2013-05-03,-349.74899022443105,-300851.76854136237
2013-05-04,0.0,-300851.76854136237
2013-05-05,0.0,-300851.76854136237
2013-05-06,0.0,-300851.76854136237
2013-05-07,0.0,-300851.76854136237
2013-05-08,0.0,-300851.76854136237
2013-05-09,0.0,-300851.76854136237
2013-05-10,-349.5741157293188,-301201.3426570917
2013-05-11,0.0,-301201.3426570917
2013-05-12,0.0,-301201.3426570917
2013-05-13,0.0,-301201.3426570917
2013-05-14,0.0,-301201.3426570917
2013-05-15,0.0,-301201.3426570917
2013-05-16,0.0,-301201.3426570917
2013-05-17,-349.3993286714542,-301550.7419857632
2013-05-18,0.0,-301550.7419857632
2013-05-19,0.0,-301550.7419857632
2013-05-20,0.0,-301550.7419857632
2013-05-21,0.0,-301550.7419857632
2013-05-22,0.0,-301550.7419857632
2013-05-23,0.0,-301550.7419857632
2013-05-24,-349.22462900711844,-301899.96661477035
2013-05-25,0.0,-301899.96661477035
2013-05-26,0.0,-301899.96661477035
2013-05-27,0.0,-301899.96661477035
2013-05-28,0.0,-301899.96661477035
2013-05-29,0.0,-301899.96661477035
2013-05-30,0.0,-301899.96661477035
2013-05-31,-349.0500166926148,-302249.01663146296
2013-06-01,0.0,-302249.01663146296
2013-06-02,0.0,-302249.01663146296
2013-06-03,0.0,-302249.01663146296
2013-06-04,0.0,-302249.01663146296
2013-06-05,0.0,-302249.01663146296
2013-06-06,0.0,-302249.01663146296
2013-06-07,-348.8754916842686,-302597.89212314726
2013-06-08,0.0,-302597.89212314726
2013-06-09,0.0,-302597.89212314726
2013-06-10,0.0,-302597.89212314726
2013-06-11,0.0,-302597.89212314726
2013-06-12,0.0,-302597.89212314726
2013-06-13,0.0,-302597.89212314726
2013-06-14,-418.4412647261117,-303016.33338787337
2013-06-15,0.0,-303016.33338787337
2013-06-16,0.0,-303016.33338787337
2013-06-17,0.0,-303016.33338787337
2013-06-18,0.0,-303016.33338787337
2013-06-19,0.0,-303016.33338787337
2013-06-20,0.0,-303016.33338787337
2013-06-21,-418.190199967276,-303434.5235878406
2013-06-22,0.0,-303434.5235878406
2013-06-23,0.0,-303434.5235878406
2013-06-24,0.0,-303434.5235878406
2013-06-25,0.0,-303434.5235878406
2013-06-26,0.0,-303434.5235878406
2013-06-27,0.0,-303434.5235878406
2013-06-28,-417.9392858472957,-303852.46287368785
2013-06-29,0.0,-303852.46287368785
2013-06-30,0.0,-303852.46287368785
2013-07-01,0.0,-303852.46287368785
2013-07-02,0.0,-303852.46287368785
2013-07-03,0.0,-303852.46287368785
2013-07-04,0.0,-303852.46287368785
2013-07-05,-348.07376856315614,-304200.53664225095
2013-07-06,0.0,-304200.53664225095
2013-07-07,0.0,-304200.53664225095
2013-07-08,0.0,-304200.53664225095
2013-07-09,0.0,-304200.53664225095
2013-07-10,0.0,-304200.53664225095
2013-07-11,0.0,-304200.53664225095
2013-07-12,-347.8997316788745,-304548.43637392984
2013-07-13,0.0,-304548.43637392984
2013-07-14,0.0,-304548.43637392984
2013-07-15,0.0,-304548.43637392984
2013-07-16,0.0,-304548.43637392984
2013-07-17,0.0,-304548.43637392984
2013-07-18,0.0,-304548.43637392984
2013-07-19,-347.7257818130351,-304896.1621557429
2013-07-20,0.0,-304896.1621557429
2013-07-21,0.0,-304896.1621557429
2013-07-22,0.0,-304896.1621557429
2013-07-23,0.0,-304896.1621557429
2013-07-24,0.0,-304896.1621557429
2013-07-25,0.0,-304896.1621557429
2013-07-26,-347.5519189221286,-305243.714074665
2013-07-27,0.0,-305243.714074665
2013-07-28,0.0,-305243.714074665
2013-07-29,0.0,-305243.714074665
2013-07-30,0.0,-305243.714074665
2013-07-31,0.0,-305243.714074665
2013-08-01,0.0,-305243.714074665
2013-08-02,-416.85377155520104,-305660.5678462202
2013-08-03,0.0,-305660.5678462202
2013-08-04,0.0,-305660.5678462202
2013-08-05,0.0,-305660.5678462202
2013-08-06,0.0,-305660.5678462202
2013-08-07,0.0,-305660.5678462202
2013-08-08,0.0,-305660.5678462202
2013-08-09,-347.16971607688987,-306007.73756229714
2013-08-10,0.0,-306007.73756229714
2013-08-11,0.0,-306007.73756229714
2013-08-12,0.0,-306007.73756229714
2013-08-13,0.0,-306007.73756229714
2013-08-14,0.0,-306007.73756229714
2013-08-15,0.0,-306007.73756229714
2013-08-16,-416.3953574626217,-306424.1329197597
2013-08-17,0.0,-306424.1329197597
2013-08-18,0.0,-306424.1329197597
2013-08-19,0.0,-306424.1329197597
2013-08-20,0.0,-306424.1329197597
2013-08-21,0.0,-306424.1329197597
2013-08-22,0.0,-306424.1329197597
2013-08-23,-416.1455202481442,-306840.2784400078
2013-08-24,0.0,-306840.2784400078
2013-08-25,0.0,-306840.2784400078
2013-08-26,0.0,-306840.2784400078
2013-08-27,0.0,-306840.2784400078
2013-08-28,0.0,-306840.2784400078
2013-08-29,0.0,-306840.2784400078
2013-08-30,-346.57986077999607,-307186.85830078786
2013-08-31,0.0,-307186.85830078786
2013-09-01,0.0,-307186.85830078786
2013-09-02,0.0,-307186.85830078786
2013-09-03,0.0,-307186.85830078786
2013-09-04,0.0,-307186.85830078786
2013-09-05,0.0,-307186.85830078786
2013-09-06,-346.40657084960606,-307533.26487163745
2013-09-07,0.0,-307533.26487163745
2013-09-08,0.0,-307533.26487163745
2013-09-09,0.0,-307533.26487163745
2013-09-10,0.0,-307533.26487163745
2013-09-11,0.0,-307533.26487163745
2013-09-12,0.0,-307533.26487163745
2013-09-13,-346.2333675641813,-307879.4982392016
2013-09-14,0.0,-307879.4982392016
2013-09-15,0.0,-307879.4982392016
2013-09-16,0.0,-307879.4982392016
2013-09-17,0.0,-307879.4982392016
2013-09-18,0.0,-307879.4982392016
2013-09-19,0.0,-307879.4982392016
2013-09-20,-346.06025088039917,-308225.55849008204
2013-09-21,0.0,-308225.55849008204
2013-09-22,0.0,-308225.55849008204
2013-09-23,0.0,-308225.55849008204
2013-09-24,0.0,-308225.55849008204
2013-09-25,0.0,-308225.55849008204
2013-09-26,0.0,-308225.55849008204
2013-09-27,-345.887220754959,-308571.445710837
2013-09-28,0.0,-308571.445710837
2013-09-29,0.0,-308571.445710837
2013-09-30,0.0,-308571.445710837
2013-10-01,0.0,-308571.445710837
2013-10-02,0.0,-308571.445710837
2013-10-03,0.0,-308571.445710837
2013-10-04,-414.85713257349784,-308986.3028434105
2013-10-05,0.0,-308986.3028434105
2013-10-06,0.0,-308986.3028434105
2013-10-07,0.0,-308986.3028434105
2013-10-08,0.0,-308986.3028434105
2013-10-09,0.0,-308986.3028434105
2013-10-10,0.0,-308986.3028434105
2013-10-11,-345.50684857829475,-309331.80969198886
2013-10-12,0.0,-309331.80969198886
2013-10-13,0.0,-309331.80969198886
2013-10-14,0.0,-309331.80969198886
2013-10-15,0.0,-309331.80969198886
2013-10-16,0.0,-309331.80969198886
2013-10-17,0.0,-309331.80969198886
2013-10-18,-345.3340951540056,-309677.1437871428
2013-10-19,0.0,-309677.1437871428
2013-10-20,0.0,-309677.1437871428
2013-10-21,0.0,-309677.1437871428
2013-10-22,0.0,-309677.1437871428
2013-10-23,0.0,-309677.1437871428
2013-10-24,0.0,-309677.1437871428
2013-10-25,-414.1937137277143,-310091.3375008706
2013-10-26,0.0,-310091.3375008706
2013-10-27,0.0,-310091.3375008706
2013-10-28,0.0,-310091.3375008706
2013-10-29,0.0,-310091.3375008706
2013-10-30,0.0,-310091.3375008706
2013-10-31,0.0,-310091.3375008706
2013-11-01,-413.9451974994777,-310505.28269837005
2013-11-02,0.0,-310505.28269837005
2013-11-03,0.0,-310505.28269837005
2013-11-04,0.0,-310505.28269837005
2013-11-05,0.0,-310505.28269837005
2013-11-06,0.0,-310505.28269837005
2013-11-07,0.0,-310505.28269837005
2013-11-08,-413.696830380978,-310918.979528751
2013-11-09,0.0,-310918.979528751
2013-11-10,0.0,-310918.979528751
2013-11-11,0.0,-310918.979528751
2013-11-12,0.0,-310918.979528751
2013-11-13,0.0,-310918.979528751
2013-11-14,0.0,-310918.979528751
2013-11-15,-413.4486122827495,-311332.42814103374
2013-11-16,0.0,-311332.42814103374
2013-11-17,0.0,-311332.42814103374
2013-11-18,0.0,-311332.42814103374
2013-11-19,0.0,-311332.42814103374
2013-11-20,0.0,-311332.42814103374
2013-11-21,0.0,-311332.42814103374
2013-11-22,-413.2005431153798,-311745.6286841491
2013-11-23,0.0,-311745.6286841491
2013-11-24,0.0,-311745.6286841491
2013-11-25,0.0,-311745.6286841491
2013-11-26,0.0,-311745.6286841491
2013-11-27,0.0,-311745.6286841491
2013-11-28,0.0,-311745.6286841491
2013-11-29,-412.9526227895105,-312158.58130693866
2013-11-30,0.0,-312158.58130693866
2013-12-01,0.0,-312158.58130693866
2013-12-02,0.0,-312158.58130693866
2013-12-03,0.0,-312158.58130693866
2013-12-04,0.0,-312158.58130693866
2013-12-05,0.0,-312158.58130693866
2013-12-06,-343.9207093465307,-312502.5020162852
2013-12-07,0.0,-312502.5020162852
2013-12-08,0.0,-312502.5020162852
2013-12-09,0.0,-312502.5020162852
2013-12-10,0.0,-312502.5020162852
2013-12-11,0.0,-312502.5020162852
2013-12-12,0.0,-312502.5020162852
2013-12-13,-343.74874899185744,-312846.2507652771
2013-12-14,0.0,-312846.2507652771
2013-12-15,0.0,-312846.2507652771
2013-12-16,0.0,-312846.2507652771
2013-12-17,0.0,-312846.2507652771
2013-12-18,0.0,-312846.2507652771
2013-12-19,0.0,-312846.2507652771
2013-12-20,-343.57687461736145,-313189.82763989444
2013-12-21,0.0,-313189.82763989444
2013-12-22,0.0,-313189.82763989444
2013-12-23,0.0,-313189.82763989444
2013-12-24,0.0,-313189.82763989444
2013-12-25,0.0,-313189.82763989444
2013-12-26,0.0,-313189.82763989444
2013-12-27,-343.4050861800528,-313533.2327260745
2013-12-28,0.0,-313533.2327260745
2013-12-29,0.0,-313533.2327260745
2013-12-30,0.0,-313533.2327260745
2013-12-31,0.0,-313533.2327260745
2014-01-01,0.0,-313533.2327260745
2014-01-02,0.0,-313533.2327260745
2014-01-03,-343.23338363696274,-313876.46610971144
2014-01-04,0.0,-313876.46610971144
2014-01-05,0.0,-313876.46610971144
2014-01-06,0.0,-313876.46610971144
2014-01-07,0.0,-313876.46610971144
2014-01-08,0.0,-313876.46610971144
2014-01-09,0.0,-313876.46610971144
2014-01-10,-343.06176694514426,-314219.5278766566
2014-01-11,0.0,-314219.5278766566
2014-01-12,0.0,-314219.5278766566
2014-01-13,0.0,-314219.5278766566
2014-01-14,0.0,-314219.5278766566
2014-01-15,0.0,-314219.5278766566
2014-01-16,0.0,-314219.5278766566
2014-01-17,-342.89023606167166,-314562.41811271827
2014-01-18,0.0,-314562.41811271827
2014-01-19,0.0,-314562.41811271827
2014-01-20,0.0,-314562.41811271827
2014-01-21,0.0,-314562.41811271827
2014-01-22,0.0,-314562.41811271827
2014-01-23,0.0,-314562.41811271827
2014-01-24,-342.71879094364084,-314905.1369036619
2014-01-25,0.0,-314905.1369036619
2014-01-26,0.0,-314905.1369036619
2014-01-27,0.0,-314905.1369036619
2014-01-28,0.0,-314905.1369036619
2014-01-29,0.0,-314905.1369036619
2014-01-30,0.0,-314905.1369036619
2014-01-31,-342.5474315481691,-315247.68433521
2014-02-01,0.0,-315247.68433521
2014-02-02,0.0,-315247.68433521
2014-02-03,0.0,-315247.68433521
2014-02-04,0.0,-315247.68433521
2014-02-05,0.0,-315247.68433521
2014-02-06,0.0,-315247.68433521
2014-02-07,-342.37615783239505,-315590.06049304246
2014-02-08,0.0,-315590.06049304246
2014-02-09,0.0,-315590.06049304246
2014-02-10,0.0,-315590.06049304246
2014-02-11,0.0,-315590.06049304246
2014-02-12,0.0,-315590.06049304246
2014-02-13,0.0,-315590.06049304246
2014-02-14,-342.2049697534788,-315932.265462796
2014-02-15,0.0,-315932.265462796
2014-02-16,0.0,-315932.265462796
2014-02-17,0.0,-315932.265462796
2014-02-18,0.0,-315932.265462796
2014-02-19,0.0,-315932.265462796
2014-02-20,0.0,-315932.265462796
2014-02-21,-342.033867268602,-316274.29933006456
2014-02-22,0.0,-316274.29933006456
2014-02-23,0.0,-316274.29933006456
2014-02-24,0.0,-316274.29933006456
2014-02-25,0.0,-316274.29933006456
2014-02-26,0.0,-316274.29933006456
2014-02-27,0.0,-316274.29933006456
2014-02-28,-341.86285033496773,-316616.1621803995
2014-03-01,0.0,-316616.1621803995
2014-03-02,0.0,-316616.1621803995
2014-03-03,0.0,-316616.1621803995
2014-03-04,0.0,-316616.1621803995
2014-03-05,0.0,-316616.1621803995
2014-03-06,0.0,-316616.1621803995
2014-03-07,-341.6919189098002,-316957.8540993093
2014-03-08,0.0,-316957.8540993093
2014-03-09,0.0,-316957.8540993093
2014-03-10,0.0,-316957.8540993093
2014-03-11,0.0,-316957.8540993093
2014-03-12,0.0,-316957.8540993093
2014-03-13,0.0,-316957.8540993093
2014-03-14,-341.52107295034534,-317299.37517225964
2014-03-15,0.0,-317299.37517225964
2014-03-16,0.0,-317299.37517225964
2014-03-17,0.0,-317299.37517225964
2014-03-18,0.0,-317299.37517225964
2014-03-19,0.0,-317299.37517225964
2014-03-20,0.0,-317299.37517225964
2014-03-21,-341.3503124138702,-317640.7254846735
2014-03-22,0.0,-317640.7254846735
2014-03-23,0.0,-317640.7254846735
2014-03-24,0.0,-317640.7254846735
2014-03-25,0.0,-317640.7254846735
2014-03-26,0.0,-317640.7254846735
2014-03-27,0.0,-317640.7254846735
2014-03-28,-341.1796372576633,-317981.9051219312
2014-03-29,0.0,-317981.9051219312
2014-03-30,0.0,-317981.9051219312
2014-03-31,0.0,-317981.9051219312
2014-04-01,0.0,-317981.9051219312
2014-04-02,0.0,-317981.9051219312
2014-04-03,0.0,-317981.9051219312
2014-04-04,-409.2108569268413,-318391.1159788581
2014-04-05,0.0,-318391.1159788581
2014-04-06,0.0,-318391.1159788581
2014-04-07,0.0,-318391.1159788581
2014-04-08,0.0,-318391.1159788581
2014-04-09,0.0,-318391.1159788581
2014-04-10,0.0,-318391.1159788581
2014-04-11,-408.9653304126852,-318800.0813092708
2014-04-12,0.0,-318800.0813092708
2014-04-13,0.0,-318800.0813092708
2014-04-14,0.0,-318800.0813092708
2014-04-15,0.0,-318800.0813092708
2014-04-16,0.0,-318800.0813092708
2014-04-17,0.0,-318800.0813092708
2014-04-18,-340.59995934536465,-319140.68126861623
2014-04-19,0.0,-319140.68126861623
2014-04-20,0.0,-319140.68126861623
2014-04-21,0.0,-319140.68126861623
2014-04-22,0.0,-319140.68126861623
2014-04-23,0.0,-319140.68126861623
2014-04-24,0.0,-319140.68126861623
2014-04-25,-408.5155912388303,-319549.1968598551
2014-04-26,0.0,-319549.1968598551
2014-04-27,0.0,-319549.1968598551
2014-04-28,0.0,-319549.1968598551
2014-04-29,0.0,-319549.1968598551
2014-04-30,0.0,-319549.1968598551
2014-05-01,0.0,-319549.1968598551
2014-05-02,-340.2254015700725,-319889.4222614252
2014-05-03,0.0,-319889.4222614252
2014-05-04,0.0,-319889.4222614252
2014-05-05,0.0,-319889.4222614252
2014-05-06,0.0,-319889.4222614252
2014-05-07,0.0,-319889.4222614252
2014-05-08,0.0,-319889.4222614252
2014-05-09,-340.0552888692874,-320229.4775502945
2014-05-10,0.0,-320229.4775502945
2014-05-11,0.0,-320229.4775502945
2014-05-12,0.0,-320229.4775502945
2014-05-13,0.0,-320229.4775502945
2014-05-14,0.0,-320229.4775502945
2014-05-15,0.0,-320229.4775502945
2014-05-16,-339.8852612248528,-320569.3628115193
2014-05-17,0.0,-320569.3628115193
2014-05-18,0.0,-320569.3628115193
2014-05-19,0.0,-320569.3628115193
2014-05-20,0.0,-320569.3628115193
2014-05-21,0.0,-320569.3628115193
2014-05-22,0.0,-320569.3628115193
2014-05-23,-339.7153185942404,-320909.07813011354
2014-05-24,0.0,-320909.07813011354
2014-05-25,0.0,-320909.07813011354
2014-05-26,0.0,-320909.07813011354
2014-05-27,0.0,-320909.07813011354
2014-05-28,0.0,-320909.07813011354
2014-05-29,0.0,-320909.07813011354
2014-05-30,-339.54546093494326,-321248.6235910485
2014-05-31,0.0,-321248.6235910485
2014-06-01,0.0,-321248.6235910485
2014-06-02,0.0,-321248.6235910485
2014-06-03,0.0,-321248.6235910485
2014-06-04,0.0,-321248.6235910485
2014-06-05,0.0,-321248.6235910485
2014-06-06,-339.37568820447575,-321587.99927925295
2014-06-07,0.0,-321587.99927925295
2014-06-08,0.0,-321587.99927925295
2014-06-09,0.0,-321587.99927925295
2014-06-10,0.0,-321587.99927925295
2014-06-11,0.0,-321587.99927925295
2014-06-12,0.0,-321587.99927925295
2014-06-13,-339.20600036037354,-321927.2052796134
2014-06-14,0.0,-321927.2052796134
2014-06-15,0.0,-321927.2052796134
2014-06-16,0.0,-321927.2052796134
2014-06-17,0.0,-321927.2052796134
2014-06-18,0.0,-321927.2052796134
2014-06-19,0.0,-321927.2052796134
2014-06-20,-339.0363973601933,-322266.2416769735
2014-06-21,0.0,-322266.2416769735
2014-06-22,0.0,-322266.2416769735
2014-06-23,0.0,-322266.2416769735
2014-06-24,0.0,-322266.2416769735
2014-06-25,0.0,-322266.2416769735
2014-06-26,0.0,-322266.2416769735
2014-06-27,-338.8668791615133,-322605.1085561351
2014-06-28,0.0,-322605.1085561351
2014-06-29,0.0,-322605.1085561351
2014-06-30,0.0,-322605.1085561351
2014-07-01,0.0,-322605.1085561351
2014-07-02,0.0,-322605.1085561351
2014-07-03,0.0,-322605.1085561351
2014-07-04,-338.69744572193247,-322943.80600185704
2014-07-05,0.0,-322943.80600185704
2014-07-06,0.0,-322943.80600185704
2014-07-07,0.0,-322943.80600185704
2014-07-08,0.0,-322943.80600185704
2014-07-09,0.0,-322943.80600185704
2014-07-10,0.0,-322943.80600185704
2014-07-11,-338.5280969990715,-323282.3340988561
2014-07-12,0.0,-323282.3340988561
2014-07-13,0.0,-323282.3340988561
2014-07-14,0.0,-323282.3340988561
2014-07-15,0.0,-323282.3340988561
2014-07-16,0.0,-323282.3340988561
2014-07-17,0.0,-323282.3340988561
2014-07-18,-338.358832950572,-323620.69293180667
2014-07-19,0.0,-323620.69293180667
2014-07-20,0.0,-323620.69293180667
2014-07-21,0.0,-323620.69293180667
2014-07-22,0.0,-323620.69293180667
2014-07-23,0.0,-323620.69293180667
2014-07-24,0.0,-323620.69293180667
2014-07-25,-338.18965353409664,-323958.88258534076
2014-07-26,0.0,-323958.88258534076
2014-07-27,0.0,-323958.88258534076
2014-07-28,0.0,-323958.88258534076
2014-07-29,0.0,-323958.88258534076
2014-07-30,0.0,-323958.88258534076
2014-07-31,0.0,-323958.88258534076
2014-08-01,-338.0205587073296,-324296.90314404806
2014-08-02,0.0,-324296.90314404806
2014-08-03,0.0,-324296.90314404806
2014-08-04,0.0,-324296.90314404806
2014-08-05,0.0,-324296.90314404806
2014-08-06,0.0,-324296.90314404806
2014-08-07,0.0,-324296.90314404806
2014-08-08,-337.851548427976,-324634.754692476
2014-08-09,0.0,-324634.754692476
2014-08-10,0.0,-324634.754692476
2014-08-11,0.0,-324634.754692476
2014-08-12,0.0,-324634.754692476
2014-08-13,0.0,-324634.754692476
2014-08-14,0.0,-324634.754692476
2014-08-15,-337.682622653762,-324972.4373151298
2014-08-16,0.0,-324972.4373151298
2014-08-17,0.0,-324972.4373151298
2014-08-18,0.0,-324972.4373151298
2014-08-19,0.0,-324972.4373151298
2014-08-20,0.0,-324972.4373151298
2014-08-21,0.0,-324972.4373151298
2014-08-22,-337.5137813424351,-325309.9510964722
2014-08-23,0.0,-325309.9510964722
2014-08-24,0.0,-325309.9510964722
2014-08-25,0.0,-325309.9510964722
2014-08-26,0.0,-325309.9510964722
2014-08-27,0.0,-325309.9510964722
2014-08-28,0.0,-325309.9510964722
2014-08-29,-337.3450244517639,-325647.29612092394
2014-08-30,0.0,-325647.29612092394
2014-08-31,0.0,-325647.29612092394
2014-09-01,0.0,-325647.29612092394
2014-09-02,0.0,-325647.29612092394
2014-09-03,0.0,-325647.29612092394
2014-09-04,0.0,-325647.29612092394
2014-09-05,-337.17635193953805,-325984.4724728635
2014-09-06,0.0,-325984.4724728635
2014-09-07,0.0,-325984.4724728635
2014-09-08,0.0,-325984.4724728635
2014-09-09,0.0,-325984.4724728635
2014-09-10,0.0,-325984.4724728635
2014-09-11,0.0,-325984.4724728635
2014-09-12,-337.0077637635683,-326321.48023662705
2014-09-13,0.0,-326321.48023662705
2014-09-14,0.0,-326321.48023662705
2014-09-15,0.0,-326321.48023662705
2014-09-16,0.0,-326321.48023662705
2014-09-17,0.0,-326321.48023662705
2014-09-18,0.0,-326321.48023662705
2014-09-19,-336.83925988168653,-326658.3194965087
2014-09-20,0.0,-326658.3194965087
2014-09-21,0.0,-326658.3194965087
2014-09-22,0.0,-326658.3194965087
2014-09-23,0.0,-326658.3194965087
2014-09-24,0.0,-326658.3194965087
2014-09-25,0.0,-326658.3194965087
2014-09-26,-336.6708402517457,-326994.9903367604
2014-09-27,0.0,-326994.9903367604
2014-09-28,0.0,-326994.9903367604
2014-09-29,0.0,-326994.9903367604
2014-09-30,0.0,-326994.9903367604
2014-10-01,0.0,-326994.9903367604
2014-10-02,0.0,-326994.9903367604
2014-10-03,-336.50250483161983,-327331.49284159206
2014-10-04,0.0,-327331.49284159206
2014-10-05,0.0,-327331.49284159206
2014-10-06,0.0,-327331.49284159206
2014-10-07,0.0,-327331.49284159206
2014-10-08,0.0,-327331.49284159206
2014-10-09,0.0,-327331.49284159206
2014-10-10,-336.334253579204,-327667.8270951713
2014-10-11,0.0,-327667.8270951713
2014-10-12,0.0,-327667.8270951713
2014-10-13,0.0,-327667.8270951713
2014-10-14,0.0,-327667.8270951713
2014-10-15,0.0,-327667.8270951713
2014-10-16,0.0,-327667.8270951713
2014-10-17,-336.1660864524144,-328003.99318162375
2014-10-18,0.0,-328003.99318162375
2014-10-19,0.0,-328003.99318162375
2014-10-20,0.0,-328003.99318162375
2014-10-21,0.0,-328003.99318162375
2014-10-22,0.0,-328003.99318162375
2014-10-23,0.0,-328003.99318162375
2014-10-24,-335.9980034091882,-328339.991185033
2014-10-25,0.0,-328339.991185033
2014-10-26,0.0,-328339.991185033
2014-10-27,0.0,-328339.991185033
2014-10-28,0.0,-328339.991185033
2014-10-29,0.0,-328339.991185033
2014-10-30,0.0,-328339.991185033
2014-10-31,-335.8300044074835,-328675.82118944044
2014-11-01,0.0,-328675.82118944044
2014-11-02,0.0,-328675.82118944044
2014-11-03,0.0,-328675.82118944044
2014-11-04,0.0,-328675.82118944044
2014-11-05,0.0,-328675.82118944044
2014-11-06,0.0,-328675.82118944044
2014-11-07,-335.6620894052798,-329011.48327884567
2014-11-08,0.0,-329011.48327884567
2014-11-09,0.0,-329011.48327884567
2014-11-10,0.0,-329011.48327884567
2014-11-11,0.0,-329011.48327884567
2014-11-12,0.0,-329011.48327884567
2014-11-13,0.0,-329011.48327884567
2014-11-14,-335.49425836057713,-329346.97753720626
2014-11-15,0.0,-329346.97753720626
2014-11-16,0.0,-329346.97753720626
2014-11-17,0.0,-329346.97753720626
2014-11-18,0.0,-329346.97753720626
2014-11-19,0.0,-329346.97753720626
2014-11-20,0.0,-329346.97753720626
2014-11-21,-335.32651123139686,-329682.3040484376
2014-11-22,0.0,-329682.3040484376
2014-11-23,0.0,-329682.3040484376
2014-11-24,0.0,-329682.3040484376
2014-11-25,0.0,-329682.3040484376
2014-11-26,0.0,-329682.3040484376
2014-11-27,0.0,-329682.3040484376
2014-11-28,-335.15884797578116,-330017.4628964134
2014-11-29,0.0,-330017.4628964134
2014-11-30,0.0,-330017.4628964134
2014-12-01,0.0,-330017.4628964134
2014-12-02,0.0,-330017.4628964134
2014-12-03,0.0,-330017.4628964134
2014-12-04,0.0,-330017.4628964134
2014-12-05,-401.989522262152,-330419.45241867553
2014-12-06,0.0,-330419.45241867553
2014-12-07,0.0,-330419.45241867553
2014-12-08,0.0,-330419.45241867553
2014-12-09,0.0,-330419.45241867553
2014-12-10,0.0,-330419.45241867553
2014-12-11,0.0,-330419.45241867553
2014-12-12,-401.7483285487947,-330821.20074722427
2014-12-13,0.0,-330821.20074722427
2014-12-14,0.0,-330821.20074722427
2014-12-15,0.0,-330821.20074722427
2014-12-16,0.0,-330821.20074722427
2014-12-17,0.0,-330821.20074722427
2014-12-18,0.0,-330821.20074722427
2014-12-19,-401.5072795516655,-331222.708026776
2014-12-20,0.0,-331222.708026776
2014-12-21,0.0,-331222.708026776
2014-12-22,0.0,-331222.708026776
2014-12-23,0.0,-331222.708026776
2014-12-24,0.0,-331222.708026776
2014-12-25,0.0,-331222.708026776
2014-12-26,-334.38864598661206,-331557.09667276253
2014-12-27,0.0,-331557.09667276253
2014-12-28,0.0,-331557.09667276253
2014-12-29,0.0,-331557.09667276253
2014-12-30,0.0,-331557.09667276253
2014-12-31,0.0,-331557.09667276253
2015-01-01,0.0,-331557.09667276253
2015-01-02,-334.2214516636187,-331891.3181244262
2015-01-03,0.0,-331891.3181244262
2015-01-04,0.0,-331891.3181244262
2015-01-05,0.0,-331891.3181244262
2015-01-06,0.0,-331891.3181244262
2015-01-07,0.0,-331891.3181244262
2015-01-08,0.0,-331891.3181244262
2015-01-09,-334.0543409377869,-332225.37246536394
2015-01-10,0.0,-332225.37246536394
2015-01-11,0.0,-332225.37246536394
2015-01-12,0.0,-332225.37246536394
2015-01-13,0.0,-332225.37246536394
2015-01-14,0.0,-332225.37246536394
2015-01-15,0.0,-332225.37246536394
2015-01-16,-333.88731376731806,-332559.2597791313
2015-01-17,0.0,-332559.2597791313
2015-01-18,0.0,-332559.2597791313
2015-01-19,0.0,-332559.2597791313
2015-01-20,0.0,-332559.2597791313
2015-01-21,0.0,-332559.2597791313
2015-01-22,0.0,-332559.2597791313
2015-01-23,-333.7203701104344,-332892.98014924175
2015-01-24,0.0,-332892.98014924175
2015-01-25,0.0,-332892.98014924175
2015-01-26,0.0,-332892.98014924175
2015-01-27,0.0,-332892.98014924175
2015-01-28,0.0,-332892.98014924175
2015-01-29,0.0,-332892.98014924175
2015-01-30,-333.5535099253791,-333226.5336591671
2015-01-31,0.0,-333226.5336591671
2015-02-01,0.0,-333226.5336591671
2015-02-02,0.0,-333226.5336591671
2015-02-03,0.0,-333226.5336591671
2015-02-04,0.0,-333226.5336591671
2015-02-05,0.0,-333226.5336591671
2015-02-06,-400.0640798044998,-333626.5977389716
2015-02-07,0.0,-333626.5977389716
2015-02-08,0.0,-333626.5977389716
2015-02-09,0.0,-333626.5977389716
2015-02-10,0.0,-333626.5977389716
2015-02-11,0.0,-333626.5977389716
2015-02-12,0.0,-333626.5977389716
2015-02-13,-399.82404135661704,-334026.42178032815
2015-02-14,0.0,-334026.42178032815
2015-02-15,0.0,-334026.42178032815
2015-02-16,0.0,-334026.42178032815
2015-02-17,0.0,-334026.42178032815
2015-02-18,0.0,-334026.42178032815
2015-02-19,0.0,-334026.42178032815
2015-02-20,-399.5841469318031,-334426.0059272599
2015-02-21,0.0,-334426.0059272599
2015-02-22,0.0,-334426.0059272599
2015-02-23,0.0,-334426.0059272599
2015-02-24,0.0,-334426.0059272599
2015-02-25,0.0,-334426.0059272599
2015-02-26,0.0,-334426.0059272599
2015-02-27,-399.3443964436441,-334825.3503237036
2015-02-28,0.0,-334825.3503237036
2015-03-01,0.0,-334825.3503237036
2015-03-02,0.0,-334825.3503237036
2015-03-03,0.0,-334825.3503237036
2015-03-04,0.0,-334825.3503237036
2015-03-05,0.0,-334825.3503237036
2015-03-06,-332.5873248381482,-335157.93764854176
2015-03-07,0.0,-335157.93764854176
2015-03-08,0.0,-335157.93764854176
2015-03-09,0.0,-335157.93764854176
2015-03-10,0.0,-335157.93764854176
2015-03-11,0.0,-335157.93764854176
2015-03-12,0.0,-335157.93764854176
2015-03-13,-398.905237410875,-335556.8428859527
2015-03-14,0.0,-335556.8428859527
2015-03-15,0.0,-335556.8428859527
2015-03-16,0.0,-335556.8428859527
2015-03-17,0.0,-335556.8428859527
2015-03-18,0.0,-335556.8428859527
2015-03-19,0.0,-335556.8428859527
2015-03-20,-398.6658942684284,-335955.5087802211
2015-03-21,0.0,-335955.5087802211
2015-03-22,0.0,-335955.5087802211
2015-03-23,0.0,-335955.5087802211
2015-03-24,0.0,-335955.5087802211
2015-03-25,0.0,-335955.5087802211
2015-03-26,0.0,-335955.5087802211
2015-03-27,-332.02224560988947,-336287.531025831
2015-03-28,0.0,-336287.531025831
2015-03-29,0.0,-336287.531025831
2015-03-30,0.0,-336287.531025831
2015-03-31,0.0,-336287.531025831
2015-04-01,0.0,-336287.531025831
2015-04-02,0.0,-336287.531025831
2015-04-03,-331.8562344870845,-336619.38726031804
2015-04-04,0.0,-336619.38726031804
2015-04-05,0.0,-336619.38726031804
2015-04-06,0.0,-336619.38726031804
2015-04-07,0.0,-336619.38726031804
2015-04-08,0.0,-336619.38726031804
2015-04-09,0.0,-336619.38726031804
2015-04-10,-331.690306369841,-336951.07756668783
2015-04-11,0.0,-336951.07756668783
2015-04-12,0.0,-336951.07756668783
2015-04-13,0.0,-336951.07756668783
2015-04-14,0.0,-336951.07756668783
2015-04-15,0.0,-336951.07756668783
2015-04-16,0.0,-336951.07756668783
2015-04-17,-397.8293534599873,-337348.9069201478
2015-04-18,0.0,-337348.9069201478
2015-04-19,0.0,-337348.9069201478
2015-04-20,0.0,-337348.9069201478
2015-04-21,0.0,-337348.9069201478
2015-04-22,0.0,-337348.9069201478
2015-04-23,0.0,-337348.9069201478
2015-04-24,-397.59065584791125,-337746.49757599575
2015-04-25,0.0,-337746.49757599575
2015-04-26,0.0,-337746.49757599575
2015-04-27,0.0,-337746.49757599575
2015-04-28,0.0,-337746.49757599575
2015-04-29,0.0,-337746.49757599575
2015-04-30,0.0,-337746.49757599575
2015-05-01,-397.35210145440254,-338143.84967745014
2015-05-02,0.0,-338143.84967745014
2015-05-03,0.0,-338143.84967745014
2015-05-04,0.0,-338143.84967745014
2015-05-05,0.0,-338143.84967745014
2015-05-06,0.0,-338143.84967745014
2015-05-07,0.0,-338143.84967745014
2015-05-08,-397.11369019353,-338540.96336764365
2015-05-09,0.0,-338540.96336764365
2015-05-10,0.0,-338540.96336764365
2015-05-11,0.0,-338540.96336764365
2015-05-12,0.0,-338540.96336764365
2015-05-13,0.0,-338540.96336764365
2015-05-14,0.0,-338540.96336764365
2015-05-15,-330.7295183161782,-338871.69288595987
2015-05-16,0.0,-338871.69288595987
2015-05-17,0.0,-338871.69288595987
2015-05-18,0.0,-338871.69288595987
2015-05-19,0.0,-338871.69288595987
2015-05-20,0.0,-338871.69288595987
2015-05-21,0.0,-338871.69288595987
2015-05-22,-330.5641535570201,-339202.25703951693
2015-05-23,0.0,-339202.25703951693
2015-05-24,0.0,-339202.25703951693
2015-05-25,0.0,-339202.25703951693
2015-05-26,0.0,-339202.25703951693
2015-05-27,0.0,-339202.25703951693
2015-05-28,0.0,-339202.25703951693
2015-05-29,-330.3988714802416,-339532.6559109972
2015-05-30,0.0,-339532.6559109972
2015-05-31,0.0,-339532.6559109972
2015-06-01,0.0,-339532.6559109972
2015-06-02,0.0,-339532.6559109972
2015-06-03,0.0,-339532.6559109972
2015-06-04,0.0,-339532.6559109972
2015-06-05,-330.2336720445014,-339862.88958304166
2015-06-06,0.0,-339862.88958304166
2015-06-07,0.0,-339862.88958304166
2015-06-08,0.0,-339862.88958304166
2015-06-09,0.0,-339862.88958304166
2015-06-10,0.0,-339862.88958304166
2015-06-11,0.0,-339862.88958304166
2015-06-12,-330.06855520847915,-340192.95813825016
2015-06-13,0.0,-340192.95813825016
2015-06-14,0.0,-340192.95813825016
2015-06-15,0.0,-340192.95813825016
2015-06-16,0.0,-340192.95813825016
2015-06-17,0.0,-340192.95813825016
2015-06-18,0.0,-340192.95813825016
2015-06-19,-329.90352093087495,-340522.8616591811
2015-06-20,0.0,-340522.8616591811
2015-06-21,0.0,-340522.8616591811
2015-06-22,0.0,-340522.8616591811
2015-06-23,0.0,-340522.8616591811
2015-06-24,0.0,-340522.8616591811
2015-06-25,0.0,-340522.8616591811
2015-06-26,-329.73856917040945,-340852.6002283514
2015-06-27,0.0,-340852.6002283514
2015-06-28,0.0,-340852.6002283514
2015-06-29,0.0,-340852.6002283514
2015-06-30,0.0,-340852.6002283514
2015-07-01,0.0,-340852.6002283514
2015-07-02,0.0,-340852.6002283514
2015-07-03,-329.57369988582434,-341182.1739282373
2015-07-04,0.0,-341182.1739282373
2015-07-05,0.0,-341182.1739282373
2015-07-06,0.0,-341182.1739282373
2015-07-07,0.0,-341182.1739282373
2015-07-08,0.0,-341182.1739282373
2015-07-09,0.0,-341182.1739282373
2015-07-10,-329.40891303588137,-341511.58284127316
2015-07-11,0.0,-341511.58284127316
2015-07-12,0.0,-341511.58284127316
2015-07-13,0.0,-341511.58284127316
2015-07-14,0.0,-341511.58284127316
2015-07-15,0.0,-341511.58284127316
2015-07-16,0.0,-341511.58284127316
2015-07-17,-329.24420857936343,-341840.8270498526
2015-07-18,0.0,-341840.8270498526
2015-07-19,0.0,-341840.8270498526
2015-07-20,0.0,-341840.8270498526
2015-07-21,0.0,-341840.8270498526
2015-07-22,0.0,-341840.8270498526
2015-07-23,0.0,-341840.8270498526
2015-07-24,-329.07958647507377,-342169.9066363276
2015-07-25,0.0,-342169.9066363276
2015-07-26,0.0,-342169.9066363276
2015-07-27,0.0,-342169.9066363276
2015-07-28,0.0,-342169.9066363276
2015-07-29,0.0,-342169.9066363276
2015-07-30,0.0,-342169.9066363276
2015-07-31,-328.9150466818362,-342498.8216830095
2015-08-01,0.0,-342498.8216830095
2015-08-02,0.0,-342498.8216830095
2015-08-03,0.0,-342498.8216830095
2015-08-04,0.0,-342498.8216830095
2015-08-05,0.0,-342498.8216830095
2015-08-06,0.0,-342498.8216830095
2015-08-07,-328.7505891584953,-342827.572272168
2015-08-08,0.0,-342827.572272168
2015-08-09,0.0,-342827.572272168
2015-08-10,0.0,-342827.572272168
2015-08-11,0.0,-342827.572272168
2015-08-12,0.0,-342827.572272168
2015-08-13,0.0,-342827.572272168
2015-08-14,-328.586213863916,-343156.1584860319
2015-08-15,0.0,-343156.1584860319
2015-08-16,0.0,-343156.1584860319
2015-08-17,0.0,-343156.1584860319
2015-08-18,0.0,-343156.1584860319
2015-08-19,0.0,-343156.1584860319
2015-08-20,0.0,-343156.1584860319
2015-08-21,-328.42192075698404,-343484.58040678897
2015-08-22,0.0,-343484.58040678897
2015-08-23,0.0,-343484.58040678897
2015-08-24,0.0,-343484.58040678897
2015-08-25,0.0,-343484.58040678897
2015-08-26,0.0,-343484.58040678897
2015-08-27,0.0,-343484.58040678897
2015-08-28,-328.2577097966056,-343812.8381165856
2015-08-29,0.0,-343812.8381165856
2015-08-30,0.0,-343812.8381165856
2015-08-31,0.0,-343812.8381165856
2015-09-01,0.0,-343812.8381165856
2015-09-02,0.0,-343812.8381165856
2015-09-03,0.0,-343812.8381165856
2015-09-04,-328.0935809417072,-344140.9316975273
2015-09-05,0.0,-344140.9316975273
2015-09-06,0.0,-344140.9316975273
2015-09-07,0.0,-344140.9316975273
2015-09-08,0.0,-344140.9316975273
2015-09-09,0.0,-344140.9316975273
2015-09-10,0.0,-344140.9316975273
2015-09-11,-327.9295341512364,-344468.8612316785
2015-09-12,0.0,-344468.8612316785
2015-09-13,0.0,-344468.8612316785
2015-09-14,0.0,-344468.8612316785
2015-09-15,0.0,-344468.8612316785
2015-09-16,0.0,-344468.8612316785
2015-09-17,0.0,-344468.8612316785
2015-09-18,-327.76556938416076,-344796.6268010627
2015-09-19,0.0,-344796.6268010627
2015-09-20,0.0,-344796.6268010627
2015-09-21,0.0,-344796.6268010627
2015-09-22,0.0,-344796.6268010627
2015-09-23,0.0,-344796.6268010627
2015-09-24,0.0,-344796.6268010627
2015-09-25,-327.6016865994687,-345124.22848766216
2015-09-26,0.0,-345124.22848766216
2015-09-27,0.0,-345124.22848766216
2015-09-28,0.0,-345124.22848766216
2015-09-29,0.0,-345124.22848766216
2015-09-30,0.0,-345124.22848766216
2015-10-01,0.0,-345124.22848766216
2015-10-02,-327.43788575616895,-345451.6663734183
2015-10-03,0.0,-345451.6663734183
2015-10-04,0.0,-345451.6663734183
2015-10-05,0.0,-345451.6663734183
2015-10-06,0.0,-345451.6663734183
2015-10-07,0.0,-345451.6663734183
2015-10-08,0.0,-345451.6663734183
2015-10-09,-327.2741668132909,-345778.94054023153
2015-10-10,0.0,-345778.94054023153
2015-10-11,0.0,-345778.94054023153
2015-10-12,0.0,-345778.94054023153
2015-10-13,0.0,-345778.94054023153
2015-10-14,0.0,-345778.94054023153
2015-10-15,0.0,-345778.94054023153
2015-10-16,-327.11052972988426,-346106.0510699614
2015-10-17,0.0,-346106.0510699614
2015-10-18,0.0,-346106.0510699614
2015-10-19,0.0,-346106.0510699614
2015-10-20,0.0,-346106.0510699614
2015-10-21,0.0,-346106.0510699614
2015-10-22,0.0,-346106.0510699614
2015-10-23,-326.9469744650193,-346432.99804442644
2015-10-24,0.0,-346432.99804442644
2015-10-25,0.0,-346432.99804442644
2015-10-26,0.0,-346432.99804442644
2015-10-27,0.0,-346432.99804442644
2015-10-28,0.0,-346432.99804442644
2015-10-29,0.0,-346432.99804442644
2015-10-30,-392.1402011733441,-346825.1382455998
2015-10-31,0.0,-346825.1382455998
2015-11-01,0.0,-346825.1382455998
2015-11-02,0.0,-346825.1382455998
2015-11-03,0.0,-346825.1382455998
2015-11-04,0.0,-346825.1382455998
2015-11-05,0.0,-346825.1382455998
2015-11-06,-391.9049170526401,-347217.0431626524
2015-11-07,0.0,-347217.0431626524
2015-11-08,0.0,-347217.0431626524
2015-11-09,0.0,-347217.0431626524
2015-11-10,0.0,-347217.0431626524
2015-11-11,0.0,-347217.0431626524
2015-11-12,0.0,-347217.0431626524
2015-11-13,-391.66977410240855,-347608.7129367548
2015-11-14,0.0,-347608.7129367548
2015-11-15,0.0,-347608.7129367548
2015-11-16,0.0,-347608.7129367548
2015-11-17,0.0,-347608.7129367548
2015-11-18,0.0,-347608.7129367548
2015-11-19,0.0,-347608.7129367548
2015-11-20,-391.43477223794713,-348000.1477089927
2015-11-21,0.0,-348000.1477089927
2015-11-22,0.0,-348000.1477089927
2015-11-23,0.0,-348000.1477089927
2015-11-24,0.0,-348000.1477089927
2015-11-25,0.0,-348000.1477089927
2015-11-26,0.0,-348000.1477089927
2015-11-27,-325.99992614550365,-348326.14763513824
2015-11-28,0.0,-348326.14763513824
2015-11-29,0.0,-348326.14763513824
2015-11-30,0.0,-348326.14763513824
2015-12-01,0.0,-348326.14763513824
2015-12-02,0.0,-348326.14763513824
2015-12-03,0.0,-348326.14763513824
2015-12-04,-325.8369261824309,-348651.9845613206
2015-12-05,0.0,-348651.9845613206
2015-12-06,0.0,-348651.9845613206
2015-12-07,0.0,-348651.9845613206
2015-12-08,0.0,-348651.9845613206
2015-12-09,0.0,-348651.9845613206
2015-12-10,0.0,-348651.9845613206
2015-12-11,-325.6740077193397,-348977.65856904
2015-12-12,0.0,-348977.65856904
2015-12-13,0.0,-348977.65856904
2015-12-14,0.0,-348977.65856904
2015-12-15,0.0,-348977.65856904
2015-12-16,0.0,-348977.65856904
2015-12-17,0.0,-348977.65856904
2015-12-18,-325.51117071548003,-349303.16973975545
2015-12-19,0.0,-349303.16973975545
2015-12-20,0.0,-349303.16973975545
2015-12-21,0.0,-349303.16973975545
2015-12-22,0.0,-349303.16973975545
2015-12-23,0.0,-349303.16973975545
2015-12-24,0.0,-349303.16973975545
2015-12-25,-325.3484151301223,-349628.5181548856
2015-12-26,0.0,-349628.5181548856
2015-12-27,0.0,-349628.5181548856
2015-12-28,0.0,-349628.5181548856
2015-12-29,0.0,-349628.5181548856
2015-12-30,0.0,-349628.5181548856
2015-12-31,0.0,-349628.5181548856
2016-01-01,-325.1857409225572,-349953.7038958082
2016-01-02,0.0,-349953.7038958082
2016-01-03,0.0,-349953.7038958082
2016-01-04,0.0,-349953.7038958082
2016-01-05,0.0,-349953.7038958082
2016-01-06,0.0,-349953.7038958082
2016-01-07,0.0,-349953.7038958082
2016-01-08,-390.02777766251506,-350343.7316734707
2016-01-09,0.0,-350343.7316734707
2016-01-10,0.0,-350343.7316734707
2016-01-11,0.0,-350343.7316734707
2016-01-12,0.0,-350343.7316734707
2016-01-13,0.0,-350343.7316734707
2016-01-14,0.0,-350343.7316734707
2016-01-15,-389.7937609959176,-350733.52543446666
2016-01-16,0.0,-350733.52543446666
2016-01-17,0.0,-350733.52543446666
2016-01-18,0.0,-350733.52543446666
2016-01-19,0.0,-350733.52543446666
2016-01-20,0.0,-350733.52543446666
2016-01-21,0.0,-350733.52543446666
2016-01-22,-389.55988473931995,-351123.085319206
2016-01-23,0.0,-351123.085319206
2016-01-24,0.0,-351123.085319206
2016-01-25,0.0,-351123.085319206
2016-01-26,0.0,-351123.085319206
2016-01-27,0.0,-351123.085319206
2016-01-28,0.0,-351123.085319206
2016-01-29,-389.3261488084764,-351512.41146801447
2016-01-30,0.0,-351512.41146801447
2016-01-31,0.0,-351512.41146801447
2016-02-01,0.0,-351512.41146801447
2016-02-02,0.0,-351512.41146801447
2016-02-03,0.0,-351512.41146801447
2016-02-04,0.0,-351512.41146801447
2016-02-05,-324.2437942659928,-351836.6552622805
2016-02-06,0.0,-351836.6552622805
2016-02-07,0.0,-351836.6552622805
2016-02-08,0.0,-351836.6552622805
2016-02-09,0.0,-351836.6552622805
2016-02-10,0.0,-351836.6552622805
2016-02-11,0.0,-351836.6552622805
2016-02-12,-324.08167236885976,-352160.7369346493
2016-02-13,0.0,-352160.7369346493
2016-02-14,0.0,-352160.7369346493
2016-02-15,0.0,-352160.7369346493
2016-02-16,0.0,-352160.7369346493
2016-02-17,0.0,-352160.7369346493
2016-02-18,0.0,-352160.7369346493
2016-02-19,-323.9196315326754,-352484.6565661819
2016-02-20,0.0,-352484.6565661819
2016-02-21,0.0,-352484.6565661819
2016-02-22,0.0,-352484.6565661819
2016-02-23,0.0,-352484.6565661819
2016-02-24,0.0,-352484.6565661819
2016-02-25,0.0,-352484.6565661819
2016-02-26,-323.75767171690904,-352808.4142378988
2016-02-27,0.0,-352808.4142378988
2016-02-28,0.0,-352808.4142378988
2016-02-29,0.0,-352808.4142378988
2016-03-01,0.0,-352808.4142378988
2016-03-02,0.0,-352808.4142378988
2016-03-03,0.0,-352808.4142378988
2016-03-04,-323.5957928810506,-353132.0100307799
2016-03-05,0.0,-353132.0100307799
2016-03-06,0.0,-353132.0100307799
2016-03-07,0.0,-353132.0100307799
2016-03-08,0.0,-353132.0100307799
2016-03-09,0.0,-353132.0100307799
2016-03-10,0.0,-353132.0100307799
2016-03-11,-323.4339949846101,-353455.4440257645
2016-03-12,0.0,-353455.4440257645
2016-03-13,0.0,-353455.4440257645
2016-03-14,0.0,-353455.4440257645
2016-03-15,0.0,-353455.4440257645
2016-03-16,0.0,-353455.4440257645
2016-03-17,0.0,-353455.4440257645
2016-03-18,-323.2722779871178,-353778.7163037516
2016-03-19,0.0,-353778.7163037516
2016-03-20,0.0,-353778.7163037516
2016-03-21,0.0,-353778.7163037516
2016-03-22,0.0,-353778.7163037516
2016-03-23,0.0,-353778.7163037516
2016-03-24,0.0,-353778.7163037516
2016-03-25,-323.1106418481242,-354101.82694559975
2016-03-26,0.0,-354101.82694559975
2016-03-27,0.0,-354101.82694559975
2016-03-28,0.0,-354101.82694559975
2016-03-29,0.0,-354101.82694559975
2016-03-30,0.0,-354101.82694559975
2016-03-31,0.0,-354101.82694559975
2016-04-01,-322.9490865272001,-354424.776032127
2016-04-02,0.0,-354424.776032127
2016-04-03,0.0,-354424.776032127
2016-04-04,0.0,-354424.776032127
2016-04-05,0.0,-354424.776032127
2016-04-06,0.0,-354424.776032127
2016-04-07,0.0,-354424.776032127
2016-04-08,-322.78761198393653,-354747.5636441109
2016-04-09,0.0,-354747.5636441109
2016-04-10,0.0,-354747.5636441109
2016-04-11,0.0,-354747.5636441109
2016-04-12,0.0,-354747.5636441109
2016-04-13,0.0,-354747.5636441109
2016-04-14,0.0,-354747.5636441109
2016-04-15,-322.62621817794457,-355070.1898622889
2016-04-16,0.0,-355070.1898622889
2016-04-17,0.0,-355070.1898622889
2016-04-18,0.0,-355070.1898622889
2016-04-19,0.0,-355070.1898622889
2016-04-20,0.0,-355070.1898622889
2016-04-21,0.0,-355070.1898622889
2016-04-22,-322.4649050688556,-355392.65476735774
2016-04-23,0.0,-355392.65476735774
2016-04-24,0.0,-355392.65476735774
2016-04-25,0.0,-355392.65476735774
2016-04-26,0.0,-355392.65476735774
2016-04-27,0.0,-355392.65476735774
2016-04-28,0.0,-355392.65476735774
2016-04-29,-322.30367261632114,-355714.9584399741
2016-04-30,0.0,-355714.9584399741
2016-05-01,0.0,-355714.9584399741
2016-05-02,0.0,-355714.9584399741
2016-05-03,0.0,-355714.9584399741
2016-05-04,0.0,-355714.9584399741
2016-05-05,0.0,-355714.9584399741
2016-05-06,-322.14252078001294,-356037.1009607541
2016-05-07,0.0,-356037.1009607541
2016-05-08,0.0,-356037.1009607541
2016-05-09,0.0,-356037.1009607541
2016-05-10,0.0,-356037.1009607541
2016-05-11,0.0,-356037.1009607541
2016-05-12,0.0,-356037.1009607541
2016-05-13,-321.98144951962297,-356359.0824102737
2016-05-14,0.0,-356359.0824102737
2016-05-15,0.0,-356359.0824102737
2016-05-16,0.0,-356359.0824102737
2016-05-17,0.0,-356359.0824102737
2016-05-18,0.0,-356359.0824102737
2016-05-19,0.0,-356359.0824102737
2016-05-20,-321.82045879486316,-356680.90286906855
2016-05-21,0.0,-356680.90286906855
2016-05-22,0.0,-356680.90286906855
2016-05-23,0.0,-356680.90286906855
2016-05-24,0.0,-356680.90286906855
2016-05-25,0.0,-356680.90286906855
2016-05-26,0.0,-356680.90286906855
2016-05-27,-321.65954856546574,-357002.56241763406
2016-05-28,0.0,-357002.56241763406
2016-05-29,0.0,-357002.56241763406
2016-05-30,0.0,-357002.56241763406
2016-05-31,0.0,-357002.56241763406
2016-06-01,0.0,-357002.56241763406
2016-06-02,0.0,-357002.56241763406
2016-06-03,-321.49871879118297,-357324.06113642524
2016-06-04,0.0,-357324.06113642524
2016-06-05,0.0,-357324.06113642524
2016-06-06,0.0,-357324.06113642524
2016-06-07,0.0,-357324.06113642524
2016-06-08,0.0,-357324.06113642524
2016-06-09,0.0,-357324.06113642524
2016-06-10,-321.33796943178737,-357645.399105857
2016-06-11,0.0,-357645.399105857
2016-06-12,0.0,-357645.399105857
2016-06-13,0.0,-357645.399105857
2016-06-14,0.0,-357645.399105857
2016-06-15,0.0,-357645.399105857
2016-06-16,0.0,-357645.399105857
2016-06-17,-321.1773004470715,-357966.576406304
2016-06-18,0.0,-357966.576406304
2016-06-19,0.0,-357966.576406304
2016-06-20,0.0,-357966.576406304
2016-06-21,0.0,-357966.576406304
2016-06-22,0.0,-357966.576406304
2016-06-23,0.0,-357966.576406304
2016-06-24,-321.016711796848,-358287.5931181009
2016-06-25,0.0,-358287.5931181009
2016-06-26,0.0,-358287.5931181009
2016-06-27,0.0,-358287.5931181009
2016-06-28,0.0,-358287.5931181009
2016-06-29,0.0,-358287.5931181009
2016-06-30,0.0,-358287.5931181009
2016-07-01,-320.85620344094957,-358608.4493215418
2016-07-02,0.0,-358608.4493215418
2016-07-03,0.0,-358608.4493215418
2016-07-04,0.0,-358608.4493215418
2016-07-05,0.0,-358608.4493215418
2016-07-06,0.0,-358608.4493215418
2016-07-07,0.0,-358608.4493215418
2016-07-08,-320.6957753392291,-358929.1450968811
2016-07-09,0.0,-358929.1450968811
2016-07-10,0.0,-358929.1450968811
2016-07-11,0.0,-358929.1450968811
2016-07-12,0.0,-358929.1450968811
2016-07-13,0.0,-358929.1450968811
2016-07-14,0.0,-358929.1450968811
2016-07-15,-320.5354274515595,-359249.6805243327
2016-07-16,0.0,-359249.6805243327
2016-07-17,0.0,-359249.6805243327
2016-07-18,0.0,-359249.6805243327
2016-07-19,0.0,-359249.6805243327
2016-07-20,0.0,-359249.6805243327
2016-07-21,0.0,-359249.6805243327
2016-07-22,-320.37515973783366,-359570.05568407057
2016-07-23,0.0,-359570.05568407057
2016-07-24,0.0,-359570.05568407057
2016-07-25,0.0,-359570.05568407057
2016-07-26,0.0,-359570.05568407057
2016-07-27,0.0,-359570.05568407057
2016-07-28,0.0,-359570.05568407057
2016-07-29,-320.2149721579647,-359890.27065622853
2016-07-30,0.0,-359890.27065622853
2016-07-31,0.0,-359890.27065622853
2016-08-01,0.0,-359890.27065622853
2016-08-02,0.0,-359890.27065622853
2016-08-03,0.0,-359890.27065622853
2016-08-04,0.0,-359890.27065622853
2016-08-05,-320.05486467188575,-360210.3255209004
2016-08-06,0.0,-360210.3255209004
2016-08-07,0.0,-360210.3255209004
2016-08-08,0.0,-360210.3255209004
2016-08-09,0.0,-360210.3255209004
2016-08-10,0.0,-360210.3255209004
2016-08-11,0.0,-360210.3255209004
2016-08-12,-319.8948372395498,-360530.22035813995
2016-08-13,0.0,-360530.22035813995
2016-08-14,0.0,-360530.22035813995
2016-08-15,0.0,-360530.22035813995
2016-08-16,0.0,-360530.22035813995
2016-08-17,0.0,-360530.22035813995
2016-08-18,0.0,-360530.22035813995
2016-08-19,-319.73488982093005,-360849.95524796087
2016-08-20,0.0,-360849.95524796087
2016-08-21,0.0,-360849.95524796087
2016-08-22,0.0,-360849.95524796087
2016-08-23,0.0,-360849.95524796087
2016-08-24,0.0,-360849.95524796087
2016-08-25,0.0,-360849.95524796087
2016-08-26,-319.5750223760196,-361169.5302703369
2016-08-27,0.0,-361169.5302703369
2016-08-28,0.0,-361169.5302703369
2016-08-29,0.0,-361169.5302703369
2016-08-30,0.0,-361169.5302703369
2016-08-31,0.0,-361169.5302703369
2016-09-01,0.0,-361169.5302703369
2016-09-02,-319.4152348648316,-361488.9455052017
2016-09-03,0.0,-361488.9455052017
2016-09-04,0.0,-361488.9455052017
2016-09-05,0.0,-361488.9455052017
2016-09-06,0.0,-361488.9455052017
2016-09-07,0.0,-361488.9455052017
2016-09-08,0.0,-361488.9455052017
2016-09-09,-319.25552724739913,-361808.20103244914
2016-09-10,0.0,-361808.20103244914
2016-09-11,0.0,-361808.20103244914
2016-09-12,0.0,-361808.20103244914
2016-09-13,0.0,-361808.20103244914
2016-09-14,0.0,-361808.20103244914
2016-09-15,0.0,-361808.20103244914
2016-09-16,-319.09589948377544,-362127.2969319329
2016-09-17,0.0,-362127.2969319329
2016-09-18,0.0,-362127.2969319329
2016-09-19,0.0,-362127.2969319329
2016-09-20,0.0,-362127.2969319329
2016-09-21,0.0,-362127.2969319329
2016-09-22,0.0,-362127.2969319329
2016-09-23,-318.9363515340336,-362446.2332834669
2016-09-24,0.0,-362446.2332834669
2016-09-25,0.0,-362446.2332834669
2016-09-26,0.0,-362446.2332834669
2016-09-27,0.0,-362446.2332834669
2016-09-28,0.0,-362446.2332834669
2016-09-29,0.0,-362446.2332834669
2016-09-30,-318.77688335826656,-362765.01016682514
2016-10-01,0.0,-362765.01016682514
2016-10-02,0.0,-362765.01016682514
2016-10-03,0.0,-362765.01016682514
2016-10-04,0.0,-362765.01016682514
2016-10-05,0.0,-362765.01016682514
2016-10-06,0.0,-362765.01016682514
2016-10-07,-318.6174949165875,-363083.6276617417
2016-10-08,0.0,-363083.6276617417
2016-10-09,0.0,-363083.6276617417
2016-10-10,0.0,-363083.6276617417
2016-10-11,0.0,-363083.6276617417
2016-10-12,0.0,-363083.6276617417
2016-10-13,0.0,-363083.6276617417
2016-10-14,-318.4581861691292,-363402.08584791084
2016-10-15,0.0,-363402.08584791084
2016-10-16,0.0,-363402.08584791084
2016-10-17,0.0,-363402.08584791084
2016-10-18,0.0,-363402.08584791084
2016-10-19,0.0,-363402.08584791084
2016-10-20,0.0,-363402.08584791084
2016-10-21,-318.2989570760446,-363720.3848049869
2016-10-22,0.0,-363720.3848049869
2016-10-23,0.0,-363720.3848049869
2016-10-24,0.0,-363720.3848049869
2016-10-25,0.0,-363720.3848049869
2016-10-26,0.0,-363720.3848049869
2016-10-27,0.0,-363720.3848049869
2016-10-28,-381.7677691170079,-364102.1525741039
2016-10-29,0.0,-364102.1525741039
2016-10-30,0.0,-364102.1525741039
2016-10-31,0.0,-364102.1525741039
2016-11-01,0.0,-364102.1525741039
2016-11-02,0.0,-364102.1525741039
2016-11-03,0.0,-364102.1525741039
2016-11-04,-381.53870845553763,-364483.6912825594
2016-11-05,0.0,-364483.6912825594
2016-11-06,0.0,-364483.6912825594
2016-11-07,0.0,-364483.6912825594
2016-11-08,0.0,-364483.6912825594
2016-11-09,0.0,-364483.6912825594
2016-11-10,0.0,-364483.6912825594
2016-11-11,-381.30978523046434,-364865.00106778985
2016-11-12,0.0,-364865.00106778985
2016-11-13,0.0,-364865.00106778985
2016-11-14,0.0,-364865.00106778985
2016-11-15,0.0,-364865.00106778985
2016-11-16,0.0,-364865.00106778985
2016-11-17,0.0,-364865.00106778985
2016-11-18,-317.56749946610506,-365182.568567256
2016-11-19,0.0,-365182.568567256
2016-11-20,0.0,-365182.568567256
2016-11-21,0.0,-365182.568567256
2016-11-22,0.0,-365182.568567256
2016-11-23,0.0,-365182.568567256
2016-11-24,0.0,-365182.568567256
2016-11-25,-317.40871571637206,-365499.9772829723
2016-11-26,0.0,-365499.9772829723
2016-11-27,0.0,-365499.9772829723
2016-11-28,0.0,-365499.9772829723
2016-11-29,0.0,-365499.9772829723
2016-11-30,0.0,-365499.9772829723
2016-12-01,0.0,-365499.9772829723
2016-12-02,-317.25001135851386,-365817.22729433083
2016-12-03,0.0,-365817.22729433083
2016-12-04,0.0,-365817.22729433083
2016-12-05,0.0,-365817.22729433083
2016-12-06,0.0,-365817.22729433083
2016-12-07,0.0,-365817.22729433083
2016-12-08,0.0,-365817.22729433083
2016-12-09,-317.0913863528346,-366134.3186806836
2016-12-10,0.0,-366134.3186806836
2016-12-11,0.0,-366134.3186806836
2016-12-12,0.0,-366134.3186806836
2016-12-13,0.0,-366134.3186806836
2016-12-14,0.0,-366134.3186806836
2016-12-15,0.0,-366134.3186806836
2016-12-16,-316.9328406596582,-366451.25152134325
2016-12-17,0.0,-366451.25152134325
2016-12-18,0.0,-366451.25152134325
2016-12-19,0.0,-366451.25152134325
2016-12-20,0.0,-366451.25152134325
2016-12-21,0.0,-366451.25152134325
2016-12-22,0.0,-366451.25152134325
2016-12-23,-316.7743742393284,-366768.0258955826
2016-12-24,0.0,-366768.0258955826
2016-12-25,0.0,-366768.0258955826
2016-12-26,0.0,-366768.0258955826
2016-12-27,0.0,-366768.0258955826
2016-12-28,0.0,-366768.0258955826
2016-12-29,0.0,-366768.0258955826
2016-12-30,-316.6159870522087,-367084.64188263484
2016-12-31,0.0,-367084.64188263484
2017-01-01,0.0,-367084.64188263484
2017-01-02,0.0,-367084.64188263484
2017-01-03,0.0,-367084.64188263484
2017-01-04,0.0,-367084.64188263484
2017-01-05,0.0,-367084.64188263484
2017-01-06,-316.4576790586826,-367401.0995616935
2017-01-07,0.0,-367401.0995616935
2017-01-08,0.0,-367401.0995616935
2017-01-09,0.0,-367401.0995616935
2017-01-10,0.0,-367401.0995616935
2017-01-11,0.0,-367401.0995616935
2017-01-12,0.0,-367401.0995616935
2017-01-13,-316.29945021915324,-367717.39901191264
2017-01-14,0.0,-367717.39901191264
2017-01-15,0.0,-367717.39901191264
2017-01-16,0.0,-367717.39901191264
2017-01-17,0.0,-367717.39901191264
2017-01-18,0.0,-367717.39901191264
2017-01-19,0.0,-367717.39901191264
2017-01-20,-379.36956059285245,-368096.76857250545
2017-01-21,0.0,-368096.76857250545
2017-01-22,0.0,-368096.76857250545
2017-01-23,0.0,-368096.76857250545
2017-01-24,0.0,-368096.76857250545
2017-01-25,0.0,-368096.76857250545
2017-01-26,0.0,-368096.76857250545
2017-01-27,-315.9516157137473,-368412.7201882192
2017-01-28,0.0,-368412.7201882192
2017-01-29,0.0,-368412.7201882192
2017-01-30,0.0,-368412.7201882192
2017-01-31,0.0,-368412.7201882192
2017-02-01,0.0,-368412.7201882192
2017-02-02,0.0,-368412.7201882192
2017-02-03,-378.9523678870685,-368791.67255610623
2017-02-04,0.0,-368791.67255610623
2017-02-05,0.0,-368791.67255610623
2017-02-06,0.0,-368791.67255610623
2017-02-07,0.0,-368791.67255610623
2017-02-08,0.0,-368791.67255610623
2017-02-09,0.0,-368791.67255610623
2017-02-10,-378.7249964663362,-369170.39755257254
2017-02-11,0.0,-369170.39755257254
2017-02-12,0.0,-369170.39755257254
2017-02-13,0.0,-369170.39755257254
2017-02-14,0.0,-369170.39755257254
2017-02-15,0.0,-369170.39755257254
2017-02-16,0.0,-369170.39755257254
2017-02-17,-378.4977614684565,-369548.89531404094
2017-02-18,0.0,-369548.89531404094
2017-02-19,0.0,-369548.89531404094
2017-02-20,0.0,-369548.89531404094
2017-02-21,0.0,-369548.89531404094
2017-02-22,0.0,-369548.89531404094
2017-02-23,0.0,-369548.89531404094
2017-02-24,-315.22555234297954,-369864.1208663839
2017-02-25,0.0,-369864.1208663839
2017-02-26,0.0,-369864.1208663839
2017-02-27,0.0,-369864.1208663839
2017-02-28,0.0,-369864.1208663839
2017-03-01,0.0,-369864.1208663839
2017-03-02,0.0,-369864.1208663839
2017-03-03,-315.06793956680804,-370179.1888059507
2017-03-04,0.0,-370179.1888059507
2017-03-05,0.0,-370179.1888059507
2017-03-06,0.0,-370179.1888059507
2017-03-07,0.0,-370179.1888059507
2017-03-08,0.0,-370179.1888059507
2017-03-09,0.0,-370179.1888059507
2017-03-10,-314.91040559702463,-370494.09921154776
2017-03-11,0.0,-370494.09921154776
2017-03-12,0.0,-370494.09921154776
2017-03-13,0.0,-370494.09921154776
2017-03-14,0.0,-370494.09921154776
2017-03-15,0.0,-370494.09921154776
2017-03-16,0.0,-370494.09921154776
2017-03-17,-314.75295039422616,-370808.85216194193
2017-03-18,0.0,-370808.85216194193
2017-03-19,0.0,-370808.85216194193
2017-03-20,0.0,-370808.85216194193
2017-03-21,0.0,-370808.85216194193
2017-03-22,0.0,-370808.85216194193
2017-03-23,0.0,-370808.85216194193
2017-03-24,-314.59557391902905,-371123.44773586094
2017-03-25,0.0,-371123.44773586094
2017-03-26,0.0,-371123.44773586094
2017-03-27,0.0,-371123.44773586094
2017-03-28,0.0,-371123.44773586094
2017-03-29,0.0,-371123.44773586094
2017-03-30,0.0,-371123.44773586094
2017-03-31,-314.4382761320696,-371437.88601199305
2017-04-01,0.0,-371437.88601199305
2017-04-02,0.0,-371437.88601199305
2017-04-03,0.0,-371437.88601199305
2017-04-04,0.0,-371437.88601199305
2017-04-05,0.0,-371437.88601199305
2017-04-06,0.0,-371437.88601199305
2017-04-07,-314.2810569940035,-371752.16706898704
2017-04-08,0.0,-371752.16706898704
2017-04-09,0.0,-371752.16706898704
2017-04-10,0.0,-371752.16706898704
2017-04-11,0.0,-371752.16706898704
2017-04-12,0.0,-371752.16706898704
2017-04-13,0.0,-371752.16706898704
2017-04-14,-314.1239164655065,-372066.2909854526
2017-04-15,0.0,-372066.2909854526
2017-04-16,0.0,-372066.2909854526
2017-04-17,0.0,-372066.2909854526
2017-04-18,0.0,-372066.2909854526
2017-04-19,0.0,-372066.2909854526
2017-04-20,0.0,-372066.2909854526
2017-04-21,-313.9668545072737,-372380.2578399598
2017-04-22,0.0,-372380.2578399598
2017-04-23,0.0,-372380.2578399598
2017-04-24,0.0,-372380.2578399598
2017-04-25,0.0,-372380.2578399598
2017-04-26,0.0,-372380.2578399598
2017-04-27,0.0,-372380.2578399598
2017-04-28,-313.8098710800201,-372694.0677110398
2017-04-29,0.0,-372694.0677110398
2017-04-30,0.0,-372694.0677110398
2017-05-01,0.0,-372694.0677110398
2017-05-02,0.0,-372694.0677110398
2017-05-03,0.0,-372694.0677110398
2017-05-04,0.0,-372694.0677110398
2017-05-05,-313.6529661444801,-373007.7206771843
2017-05-06,0.0,-373007.7206771843
2017-05-07,0.0,-373007.7206771843
2017-05-08,0.0,-373007.7206771843
2017-05-09,0.0,-373007.7206771843
2017-05-10,0.0,-373007.7206771843
2017-05-11,0.0,-373007.7206771843
2017-05-12,-313.4961396614079,-373321.2168168457
2017-05-13,0.0,-373321.2168168457
2017-05-14,0.0,-373321.2168168457
2017-05-15,0.0,-373321.2168168457
2017-05-16,0.0,-373321.2168168457
2017-05-17,0.0,-373321.2168168457
2017-05-18,0.0,-373321.2168168457
2017-05-19,-313.33939159157717,-373634.5562084373
2017-05-20,0.0,-373634.5562084373
2017-05-21,0.0,-373634.5562084373
2017-05-22,0.0,-373634.5562084373
2017-05-23,0.0,-373634.5562084373
2017-05-24,0.0,-373634.5562084373
2017-05-25,0.0,-373634.5562084373
2017-05-26,-313.18272189578136,-373947.73893033306
2017-05-27,0.0,-373947.73893033306
2017-05-28,0.0,-373947.73893033306
2017-05-29,0.0,-373947.73893033306
2017-05-30,0.0,-373947.73893033306
2017-05-31,0.0,-373947.73893033306
2017-06-01,0.0,-373947.73893033306
2017-06-02,-313.0261305348335,-374260.7650608679
2017-06-03,0.0,-374260.7650608679
2017-06-04,0.0,-374260.7650608679
2017-06-05,0.0,-374260.7650608679
2017-06-06,0.0,-374260.7650608679
2017-06-07,0.0,-374260.7650608679
2017-06-08,0.0,-374260.7650608679
2017-06-09,-312.8696174695661,-374573.6346783375
2017-06-10,0.0,-374573.6346783375
2017-06-11,0.0,-374573.6346783375
2017-06-12,0.0,-374573.6346783375
2017-06-13,0.0,-374573.6346783375
2017-06-14,0.0,-374573.6346783375
2017-06-15,0.0,-374573.6346783375
2017-06-16,-312.71318266083125,-374886.34786099836
2017-06-17,0.0,-374886.34786099836
2017-06-18,0.0,-374886.34786099836
2017-06-19,0.0,-374886.34786099836
2017-06-20,0.0,-374886.34786099836
2017-06-21,0.0,-374886.34786099836
2017-06-22,0.0,-374886.34786099836
2017-06-23,-312.5568260695008,-375198.90468706784
2017-06-24,0.0,-375198.90468706784
2017-06-25,0.0,-375198.90468706784
2017-06-26,0.0,-375198.90468706784
2017-06-27,0.0,-375198.90468706784
2017-06-28,0.0,-375198.90468706784
2017-06-29,0.0,-375198.90468706784
2017-06-30,-312.4005476564661,-375511.3052347243
2017-07-01,0.0,-375511.3052347243
2017-07-02,0.0,-375511.3052347243
2017-07-03,0.0,-375511.3052347243
2017-07-04,0.0,-375511.3052347243
2017-07-05,0.0,-375511.3052347243
2017-07-06,0.0,-375511.3052347243
2017-07-07,-312.24434738263784,-375823.549582107
2017-07-08,0.0,-375823.549582107
2017-07-09,0.0,-375823.549582107
2017-07-10,0.0,-375823.549582107
2017-07-11,0.0,-375823.549582107
2017-07-12,0.0,-375823.549582107
2017-07-13,0.0,-375823.549582107
2017-07-14,-312.08822520894654,-376135.6378073159
2017-07-15,0.0,-376135.6378073159
2017-07-16,0.0,-376135.6378073159
2017-07-17,0.0,-376135.6378073159
2017-07-18,0.0,-376135.6378073159
2017-07-19,0.0,-376135.6378073159
2017-07-20,0.0,-376135.6378073159
2017-07-21,-311.93218109634205,-376447.5699884122
2017-07-22,0.0,-376447.5699884122
2017-07-23,0.0,-376447.5699884122
2017-07-24,0.0,-376447.5699884122
2017-07-25,0.0,-376447.5699884122
2017-07-26,0.0,-376447.5699884122
2017-07-27,0.0,-376447.5699884122
2017-07-28,-311.7762150057939,-376759.346203418
2017-07-29,0.0,-376759.346203418
2017-07-30,0.0,-376759.346203418
2017-07-31,0.0,-376759.346203418
2017-08-01,0.0,-376759.346203418
2017-08-02,0.0,-376759.346203418
2017-08-03,0.0,-376759.346203418
2017-08-04,-311.620326898291,-377070.9665303163
2017-08-05,0.0,-377070.9665303163
2017-08-06,0.0,-377070.9665303163
2017-08-07,0.0,-377070.9665303163
2017-08-08,0.0,-377070.9665303163
2017-08-09,0.0,-377070.9665303163
2017-08-10,0.0,-377070.9665303163
2017-08-11,-311.4645167348419,-377382.4310470511
2017-08-12,0.0,-377382.4310470511
2017-08-13,0.0,-377382.4310470511
2017-08-14,0.0,-377382.4310470511
2017-08-15,0.0,-377382.4310470511
2017-08-16,0.0,-377382.4310470511
2017-08-17,0.0,-377382.4310470511
2017-08-18,-311.3087844764745,-377693.7398315276
2017-08-19,0.0,-377693.7398315276
2017-08-20,0.0,-377693.7398315276
2017-08-21,0.0,-377693.7398315276
2017-08-22,0.0,-377693.7398315276
2017-08-23,0.0,-377693.7398315276
2017-08-24,0.0,-377693.7398315276
2017-08-25,-311.15313008423624,-378004.89296161185
2017-08-26,0.0,-378004.89296161185
2017-08-27,0.0,-378004.89296161185
2017-08-28,0.0,-378004.89296161185
2017-08-29,0.0,-378004.89296161185
2017-08-30,0.0,-378004.89296161185
2017-08-31,0.0,-378004.89296161185
2017-09-01,-310.99755351919407,-378315.89051513106
2017-09-02,0.0,-378315.89051513106
2017-09-03,0.0,-378315.89051513106
2017-09-04,0.0,-378315.89051513106
2017-09-05,0.0,-378315.89051513106
2017-09-06,0.0,-378315.89051513106
2017-09-07,0.0,-378315.89051513106
2017-09-08,-310.84205474243447,-378626.73256987345
2017-09-09,0.0,-378626.73256987345
2017-09-10,0.0,-378626.73256987345
2017-09-11,0.0,-378626.73256987345
2017-09-12,0.0,-378626.73256987345
2017-09-13,0.0,-378626.73256987345
2017-09-14,0.0,-378626.73256987345
2017-09-15,-310.6866337150633,-378937.4192035885
2017-09-16,0.0,-378937.4192035885
2017-09-17,0.0,-378937.4192035885
2017-09-18,0.0,-378937.4192035885
2017-09-19,0.0,-378937.4192035885
2017-09-20,0.0,-378937.4192035885
2017-09-21,0.0,-378937.4192035885
2017-09-22,-310.5312903982057,-379247.9504939867
2017-09-23,0.0,-379247.9504939867
2017-09-24,0.0,-379247.9504939867
2017-09-25,0.0,-379247.9504939867
2017-09-26,0.0,-379247.9504939867
2017-09-27,0.0,-379247.9504939867
2017-09-28,0.0,-379247.9504939867
2017-09-29,-310.3760247530067,-379558.3265187397
2017-09-30,0.0,-379558.3265187397
2017-10-01,0.0,-379558.3265187397
2017-10-02,0.0,-379558.3265187397
2017-10-03,0.0,-379558.3265187397
2017-10-04,0.0,-379558.3265187397
2017-10-05,0.0,-379558.3265187397
2017-10-06,-310.2208367406302,-379868.5473554804
2017-10-07,0.0,-379868.5473554804
2017-10-08,0.0,-379868.5473554804
2017-10-09,0.0,-379868.5473554804
2017-10-10,0.0,-379868.5473554804
2017-10-11,0.0,-379868.5473554804
2017-10-12,0.0,-379868.5473554804
2017-10-13,-310.0657263222598,-380178.6130818026
2017-10-14,0.0,-380178.6130818026
2017-10-15,0.0,-380178.6130818026
2017-10-16,0.0,-380178.6130818026
2017-10-17,0.0,-380178.6130818026
2017-10-18,0.0,-380178.6130818026
2017-10-19,0.0,-380178.6130818026
2017-10-20,-309.9106934590987,-380488.5237752617
2017-10-21,0.0,-380488.5237752617
2017-10-22,0.0,-380488.5237752617
2017-10-23,0.0,-380488.5237752617
2017-10-24,0.0,-380488.5237752617
2017-10-25,0.0,-380488.5237752617
2017-10-26,0.0,-380488.5237752617
2017-10-27,-309.75573811236916,-380798.2795133741
2017-10-28,0.0,-380798.2795133741
2017-10-29,0.0,-380798.2795133741
2017-10-30,0.0,-380798.2795133741
2017-10-31,0.0,-380798.2795133741
2017-11-01,0.0,-380798.2795133741
2017-11-02,0.0,-380798.2795133741
2017-11-03,-371.5210322919756,-381169.800545666
2017-11-04,0.0,-381169.800545666
2017-11-05,0.0,-381169.800545666
2017-11-06,0.0,-381169.800545666
2017-11-07,0.0,-381169.800545666
2017-11-08,0.0,-381169.800545666
2017-11-09,0.0,-381169.800545666
2017-11-10,-371.29811967260036,-381541.0986653386
2017-11-11,0.0,-381541.0986653386
2017-11-12,0.0,-381541.0986653386
2017-11-13,0.0,-381541.0986653386
2017-11-14,0.0,-381541.0986653386
2017-11-15,0.0,-381541.0986653386
2017-11-16,0.0,-381541.0986653386
2017-11-17,-371.0753408007968,-381912.1740061394
2017-11-18,0.0,-381912.1740061394
2017-11-19,0.0,-381912.1740061394
2017-11-20,0.0,-381912.1740061394
2017-11-21,0.0,-381912.1740061394
2017-11-22,0.0,-381912.1740061394
2017-11-23,0.0,-381912.1740061394
2017-11-24,-309.0439129969303,-382221.2179191363
2017-11-25,0.0,-382221.2179191363
2017-11-26,0.0,-382221.2179191363
2017-11-27,0.0,-382221.2179191363
2017-11-28,0.0,-382221.2179191363
2017-11-29,0.0,-382221.2179191363
2017-11-30,0.0,-382221.2179191363
2017-12-01,-308.88939104043186,-382530.1073101767
2017-12-02,0.0,-382530.1073101767
2017-12-03,0.0,-382530.1073101767
2017-12-04,0.0,-382530.1073101767
2017-12-05,0.0,-382530.1073101767
2017-12-06,0.0,-382530.1073101767
2017-12-07,0.0,-382530.1073101767
2017-12-08,-370.48193561389394,-382900.5892457906
2017-12-09,0.0,-382900.5892457906
2017-12-10,0.0,-382900.5892457906
2017-12-11,0.0,-382900.5892457906
2017-12-12,0.0,-382900.5892457906
2017-12-13,0.0,-382900.5892457906
2017-12-14,0.0,-382900.5892457906
2017-12-15,-308.5497053771047,-383209.1389511677
2017-12-16,0.0,-383209.1389511677
2017-12-17,0.0,-383209.1389511677
2017-12-18,0.0,-383209.1389511677
2017-12-19,0.0,-383209.1389511677
2017-12-20,0.0,-383209.1389511677
2017-12-21,0.0,-383209.1389511677
2017-12-22,-308.39543052441616,-383517.53438169206
2017-12-23,0.0,-383517.53438169206
2017-12-24,0.0,-383517.53438169206
2017-12-25,0.0,-383517.53438169206
2017-12-26,0.0,-383517.53438169206
2017-12-27,0.0,-383517.53438169206
2017-12-28,0.0,-383517.53438169206
2017-12-29,-308.241232809154,-383825.7756145012
2017-12-30,0.0,-383825.7756145012
2017-12-31,0.0,-383825.7756145012
2018-01-01,0.0,-383825.7756145012
2018-01-02,0.0,-383825.7756145012
2018-01-03,0.0,-383825.7756145012
2018-01-04,0.0,-383825.7756145012
2018-01-05,-308.08711219274943,-384133.862726694
2018-01-06,0.0,-384133.862726694
2018-01-07,0.0,-384133.862726694
2018-01-08,0.0,-384133.862726694
2018-01-09,0.0,-384133.862726694
2018-01-10,0.0,-384133.862726694
2018-01-11,0.0,-384133.862726694
2018-01-12,-307.93306863665305,-384441.79579533066
2018-01-13,0.0,-384441.79579533066
2018-01-14,0.0,-384441.79579533066
2018-01-15,0.0,-384441.79579533066
2018-01-16,0.0,-384441.79579533066
2018-01-17,0.0,-384441.79579533066
2018-01-18,0.0,-384441.79579533066
2018-01-19,-307.7791021023347,-384749.57489743305
2018-01-20,0.0,-384749.57489743305
2018-01-21,0.0,-384749.57489743305
2018-01-22,0.0,-384749.57489743305
2018-01-23,0.0,-384749.57489743305
2018-01-24,0.0,-384749.57489743305
2018-01-25,0.0,-384749.57489743305
2018-01-26,-307.6252125512835,-385057.2001099844
2018-01-27,0.0,-385057.2001099844
2018-01-28,0.0,-385057.2001099844
2018-01-29,0.0,-385057.2001099844
2018-01-30,0.0,-385057.2001099844
2018-01-31,0.0,-385057.2001099844
2018-02-01,0.0,-385057.2001099844
2018-02-02,-307.4713999450078,-385364.67150992935
2018-02-03,0.0,-385364.67150992935
2018-02-04,0.0,-385364.67150992935
2018-02-05,0.0,-385364.67150992935
2018-02-06,0.0,-385364.67150992935
2018-02-07,0.0,-385364.67150992935
2018-02-08,0.0,-385364.67150992935
2018-02-09,-307.31766424503536,-385671.9891741744
2018-02-10,0.0,-385671.9891741744
2018-02-11,0.0,-385671.9891741744
2018-02-12,0.0,-385671.9891741744
2018-02-13,0.0,-385671.9891741744
2018-02-14,0.0,-385671.9891741744
2018-02-15,0.0,-385671.9891741744
2018-02-16,-307.16400541291284,-385979.15317958733
2018-02-17,0.0,-385979.15317958733
2018-02-18,0.0,-385979.15317958733
2018-02-19,0.0,-385979.15317958733
2018-02-20,0.0,-385979.15317958733
2018-02-21,0.0,-385979.15317958733
2018-02-22,0.0,-385979.15317958733
2018-02-23,-307.01042341020633,-386286.16360299755
2018-02-24,0.0,-386286.16360299755
2018-02-25,0.0,-386286.16360299755
2018-02-26,0.0,-386286.16360299755
2018-02-27,0.0,-386286.16360299755
2018-02-28,0.0,-386286.16360299755
2018-03-01,0.0,-386286.16360299755
2018-03-02,-306.8569181985012,-386593.0205211961
2018-03-03,0.0,-386593.0205211961
2018-03-04,0.0,-386593.0205211961
2018-03-05,0.0,-386593.0205211961
2018-03-06,0.0,-386593.0205211961
2018-03-07,0.0,-386593.0205211961
2018-03-08,0.0,-386593.0205211961
2018-03-09,-306.703489739402,-386899.7240109355
2018-03-10,0.0,-386899.7240109355
2018-03-11,0.0,-386899.7240109355
2018-03-12,0.0,-386899.7240109355
2018-03-13,0.0,-386899.7240109355
2018-03-14,0.0,-386899.7240109355
2018-03-15,0.0,-386899.7240109355
2018-03-16,-306.5501379945323,-387206.2741489301
2018-03-17,0.0,-387206.2741489301
2018-03-18,0.0,-387206.2741489301
2018-03-19,0.0,-387206.2741489301
2018-03-20,0.0,-387206.2741489301
2018-03-21,0.0,-387206.2741489301
2018-03-22,0.0,-387206.2741489301
2018-03-23,-306.39686292553495,-387512.6710118556
2018-03-24,0.0,-387512.6710118556
2018-03-25,0.0,-387512.6710118556
2018-03-26,0.0,-387512.6710118556
2018-03-27,0.0,-387512.6710118556
2018-03-28,0.0,-387512.6710118556
2018-03-29,0.0,-387512.6710118556
2018-03-30,-306.2436644940722,-387818.9146763496
2018-03-31,0.0,-387818.9146763496
2018-04-01,0.0,-387818.9146763496
2018-04-02,0.0,-387818.9146763496
2018-04-03,0.0,-387818.9146763496
2018-04-04,0.0,-387818.9146763496
2018-04-05,0.0,-387818.9146763496
2018-04-06,-306.0905426618252,-388125.00521901145
2018-04-07,0.0,-388125.00521901145
2018-04-08,0.0,-388125.00521901145
2018-04-09,0.0,-388125.00521901145
2018-04-10,0.0,-388125.00521901145
2018-04-11,0.0,-388125.00521901145
2018-04-12,0.0,-388125.00521901145
2018-04-13,-305.9374973904943,-388430.942716402
2018-04-14,0.0,-388430.942716402
2018-04-15,0.0,-388430.942716402
2018-04-16,0.0,-388430.942716402
2018-04-17,0.0,-388430.942716402
2018-04-18,0.0,-388430.942716402
2018-04-19,0.0,-388430.942716402
2018-04-20,-305.784528641799,-388736.72724504385
2018-04-21,0.0,-388736.72724504385
2018-04-22,0.0,-388736.72724504385
2018-04-23,0.0,-388736.72724504385
2018-04-24,0.0,-388736.72724504385
2018-04-25,0.0,-388736.72724504385
2018-04-26,0.0,-388736.72724504385
2018-04-27,-305.6316363774781,-389042.35888142127
2018-04-28,0.0,-389042.35888142127
2018-04-29,0.0,-389042.35888142127
2018-04-30,0.0,-389042.35888142127
2018-05-01,0.0,-389042.35888142127
2018-05-02,0.0,-389042.35888142127
2018-05-03,0.0,-389042.35888142127
2018-05-04,-305.4788205592894,-389347.8377019806
2018-05-05,0.0,-389347.8377019806
2018-05-06,0.0,-389347.8377019806
2018-05-07,0.0,-389347.8377019806
2018-05-08,0.0,-389347.8377019806
2018-05-09,0.0,-389347.8377019806
2018-05-10,0.0,-389347.8377019806
2018-05-11,-305.3260811490097,-389653.16378312965
2018-05-12,0.0,-389653.16378312965
2018-05-13,0.0,-389653.16378312965
2018-05-14,0.0,-389653.16378312965
2018-05-15,0.0,-389653.16378312965
2018-05-16,0.0,-389653.16378312965
2018-05-17,0.0,-389653.16378312965
2018-05-18,-305.1734181084352,-389958.33720123814
2018-05-19,0.0,-389958.33720123814
2018-05-20,0.0,-389958.33720123814
2018-05-21,0.0,-389958.33720123814
2018-05-22,0.0,-389958.33720123814
2018-05-23,0.0,-389958.33720123814
2018-05-24,0.0,-389958.33720123814
2018-05-25,-305.02083139938094,-390263.3580326375
2018-05-26,0.0,-390263.3580326375
2018-05-27,0.0,-390263.3580326375
2018-05-28,0.0,-390263.3580326375
2018-05-29,0.0,-390263.3580326375
2018-05-30,0.0,-390263.3580326375
2018-05-31,0.0,-390263.3580326375
2018-06-01,-304.86832098368126,-390568.2263536212
2018-06-02,0.0,-390568.2263536212
2018-06-03,0.0,-390568.2263536212
2018-06-04,0.0,-390568.2263536212
2018-06-05,0.0,-390568.2263536212
2018-06-06,0.0,-390568.2263536212
2018-06-07,0.0,-390568.2263536212
2018-06-08,-304.7158868231894,-390872.94224044436
2018-06-09,0.0,-390872.94224044436
2018-06-10,0.0,-390872.94224044436
2018-06-11,0.0,-390872.94224044436
2018-06-12,0.0,-390872.94224044436
2018-06-13,0.0,-390872.94224044436
2018-06-14,0.0,-390872.94224044436
2018-06-15,-304.56352887977783,-391177.50576932414
2018-06-16,0.0,-391177.50576932414
2018-06-17,0.0,-391177.50576932414
2018-06-18,0.0,-391177.50576932414
2018-06-19,0.0,-391177.50576932414
2018-06-20,0.0,-391177.50576932414
2018-06-21,0.0,-391177.50576932414
2018-06-22,-365.2934965384055,-391542.79926586256
2018-06-23,0.0,-391542.79926586256
2018-06-24,0.0,-391542.79926586256
2018-06-25,0.0,-391542.79926586256
2018-06-26,0.0,-391542.79926586256
2018-06-27,0.0,-391542.79926586256
2018-06-28,0.0,-391542.79926586256
2018-06-29,-365.0743204404825,-391907.8735863031
2018-06-30,0.0,-391907.8735863031
2018-07-01,0.0,-391907.8735863031
2018-07-02,0.0,-391907.8735863031
2018-07-03,0.0,-391907.8735863031
2018-07-04,0.0,-391907.8735863031
2018-07-05,0.0,-391907.8735863031
2018-07-06,-304.0460632068485,-392211.91964950995
2018-07-07,0.0,-392211.91964950995
2018-07-08,0.0,-392211.91964950995
2018-07-09,0.0,-392211.91964950995
2018-07-10,0.0,-392211.91964950995
2018-07-11,0.0,-392211.91964950995
2018-07-12,0.0,-392211.91964950995
2018-07-13,-364.67284821029403,-392576.59249772027
2018-07-14,0.0,-392576.59249772027
2018-07-15,0.0,-392576.59249772027
2018-07-16,0.0,-392576.59249772027
2018-07-17,0.0,-392576.59249772027
2018-07-18,0.0,-392576.59249772027
2018-07-19,0.0,-392576.59249772027
2018-07-20,-303.71170375113985,-392880.3042014714
2018-07-21,0.0,-392880.3042014714
2018-07-22,0.0,-392880.3042014714
2018-07-23,0.0,-392880.3042014714
2018-07-24,0.0,-392880.3042014714
2018-07-25,0.0,-392880.3042014714
2018-07-26,0.0,-392880.3042014714
2018-07-27,-364.27181747911715,-393244.57601895055
2018-07-28,0.0,-393244.57601895055
2018-07-29,0.0,-393244.57601895055
2018-07-30,0.0,-393244.57601895055
2018-07-31,0.0,-393244.57601895055
2018-08-01,0.0,-393244.57601895055
2018-08-02,0.0,-393244.57601895055
2018-08-03,-364.0532543886297,-393608.6292733392
2018-08-04,0.0,-393608.6292733392
2018-08-05,0.0,-393608.6292733392
2018-08-06,0.0,-393608.6292733392
2018-08-07,0.0,-393608.6292733392
2018-08-08,0.0,-393608.6292733392
2018-08-09,0.0,-393608.6292733392
2018-08-10,-303.1956853633304,-393911.82495870255
2018-08-11,0.0,-393911.82495870255
2018-08-12,0.0,-393911.82495870255
2018-08-13,0.0,-393911.82495870255
2018-08-14,0.0,-393911.82495870255
2018-08-15,0.0,-393911.82495870255
2018-08-16,0.0,-393911.82495870255
2018-08-17,-363.65290502477853,-394275.47786372737
2018-08-18,0.0,-394275.47786372737
2018-08-19,0.0,-394275.47786372737
2018-08-20,0.0,-394275.47786372737
2018-08-21,0.0,-394275.47786372737
2018-08-22,0.0,-394275.47786372737
2018-08-23,0.0,-394275.47786372737
2018-08-24,-363.43471328176355,-394638.9125770092
2018-08-25,0.0,-394638.9125770092
2018-08-26,0.0,-394638.9125770092
2018-08-27,0.0,-394638.9125770092
2018-08-28,0.0,-394638.9125770092
2018-08-29,0.0,-394638.9125770092
2018-08-30,0.0,-394638.9125770092
2018-08-31,-363.21665245379444,-395002.12922946294
2018-09-01,0.0,-395002.12922946294
2018-09-02,0.0,-395002.12922946294
2018-09-03,0.0,-395002.12922946294
2018-09-04,0.0,-395002.12922946294
2018-09-05,0.0,-395002.12922946294
2018-09-06,0.0,-395002.12922946294
2018-09-07,-302.49893538526857,-395304.6281648482
2018-09-08,0.0,-395304.6281648482
2018-09-09,0.0,-395304.6281648482
2018-09-10,0.0,-395304.6281648482
2018-09-11,0.0,-395304.6281648482
2018-09-12,0.0,-395304.6281648482
2018-09-13,0.0,-395304.6281648482
2018-09-14,-302.3476859175759,-395606.9758507658
2018-09-15,0.0,-395606.9758507658
2018-09-16,0.0,-395606.9758507658
2018-09-17,0.0,-395606.9758507658
2018-09-18,0.0,-395606.9758507658
2018-09-19,0.0,-395606.9758507658
2018-09-20,0.0,-395606.9758507658
2018-09-21,-302.1965120746171,-395909.1723628404
2018-09-22,0.0,-395909.1723628404
2018-09-23,0.0,-395909.1723628404
2018-09-24,0.0,-395909.1723628404
2018-09-25,0.0,-395909.1723628404
2018-09-26,0.0,-395909.1723628404
2018-09-27,0.0,-395909.1723628404
2018-09-28,-302.04541381857985,-396211.21777665894
2018-09-29,0.0,-396211.21777665894
2018-09-30,0.0,-396211.21777665894
2018-10-01,0.0,-396211.21777665894
2018-10-02,0.0,-396211.21777665894
2018-10-03,0.0,-396211.21777665894
2018-10-04,0.0,-396211.21777665894
2018-10-05,-301.8943911116706,-396513.1121677706
2018-10-06,0.0,-396513.1121677706
2018-10-07,0.0,-396513.1121677706
2018-10-08,0.0,-396513.1121677706
2018-10-09,0.0,-396513.1121677706
2018-10-10,0.0,-396513.1121677706
2018-10-11,0.0,-396513.1121677706
2018-10-12,-301.7434439161147,-396814.8556116867
2018-10-13,0.0,-396814.8556116867
2018-10-14,0.0,-396814.8556116867
2018-10-15,0.0,-396814.8556116867
2018-10-16,0.0,-396814.8556116867
2018-10-17,0.0,-396814.8556116867
2018-10-18,0.0,-396814.8556116867
2018-10-19,-301.5925721941567,-397116.4481838809
2018-10-20,0.0,-397116.4481838809
2018-10-21,0.0,-397116.4481838809
2018-10-22,0.0,-397116.4481838809
2018-10-23,0.0,-397116.4481838809
2018-10-24,0.0,-397116.4481838809
2018-10-25,0.0,-397116.4481838809
2018-10-26,-301.4417759080596,-397417.889959789
2018-10-27,0.0,-397417.889959789
2018-10-28,0.0,-397417.889959789
2018-10-29,0.0,-397417.889959789
2018-10-30,0.0,-397417.889959789
2018-10-31,0.0,-397417.889959789
2018-11-01,0.0,-397417.889959789
2018-11-02,-301.29105502010555,-397719.18101480906
2018-11-03,0.0,-397719.18101480906
2018-11-04,0.0,-397719.18101480906
2018-11-05,0.0,-397719.18101480906
2018-11-06,0.0,-397719.18101480906
2018-11-07,0.0,-397719.18101480906
2018-11-08,0.0,-397719.18101480906
2018-11-09,-301.1404094925955,-398020.3214243016
2018-11-10,0.0,-398020.3214243016
2018-11-11,0.0,-398020.3214243016
2018-11-12,0.0,-398020.3214243016
2018-11-13,0.0,-398020.3214243016
2018-11-14,0.0,-398020.3214243016
2018-11-15,0.0,-398020.3214243016
2018-11-16,-300.98983928784924,-398321.3112635894
2018-11-17,0.0,-398321.3112635894
2018-11-18,0.0,-398321.3112635894
2018-11-19,0.0,-398321.3112635894
2018-11-20,0.0,-398321.3112635894
2018-11-21,0.0,-398321.3112635894
2018-11-22,0.0,-398321.3112635894
2018-11-23,-300.83934436820533,-398622.1506079576
2018-11-24,0.0,-398622.1506079576
2018-11-25,0.0,-398622.1506079576
2018-11-26,0.0,-398622.1506079576
2018-11-27,0.0,-398622.1506079576
2018-11-28,0.0,-398622.1506079576
2018-11-29,0.0,-398622.1506079576
2018-11-30,-300.6889246960212,-398922.8395326537
2018-12-01,0.0,-398922.8395326537
2018-12-02,0.0,-398922.8395326537
2018-12-03,0.0,-398922.8395326537
2018-12-04,0.0,-398922.8395326537
2018-12-05,0.0,-398922.8395326537
2018-12-06,0.0,-398922.8395326537
2018-12-07,-300.53858023367314,-399223.3781128874
2018-12-08,0.0,-399223.3781128874
2018-12-09,0.0,-399223.3781128874
2018-12-10,0.0,-399223.3781128874
2018-12-11,0.0,-399223.3781128874
2018-12-12,0.0,-399223.3781128874
2018-12-13,0.0,-399223.3781128874
2018-12-14,-300.38831094355635,-399523.766423831
2018-12-15,0.0,-399523.766423831
2018-12-16,0.0,-399523.766423831
2018-12-17,0.0,-399523.766423831
2018-12-18,0.0,-399523.766423831
2018-12-19,0.0,-399523.766423831
2018-12-20,0.0,-399523.766423831
2018-12-21,-300.23811678808454,-399824.0045406191
2018-12-22,0.0,-399824.0045406191
2018-12-23,0.0,-399824.0045406191
2018-12-24,0.0,-399824.0045406191
2018-12-25,0.0,-399824.0045406191
2018-12-26,0.0,-399824.0045406191
2018-12-27,0.0,-399824.0045406191
2018-12-28,-300.08799772969047,-400124.09253834875
2018-12-29,0.0,-400124.09253834875
2018-12-30,0.0,-400124.09253834875
2018-12-31,0.0,-400124.09253834875
2019-01-01,0.0,-400124.09253834875
2019-01-02,0.0,-400124.09253834875
2019-01-03,0.0,-400124.09253834875
2019-01-04,-299.93795373082565,-400424.03049207956
2019-01-05,0.0,-400424.03049207956
2019-01-06,0.0,-400424.03049207956
2019-01-07,0.0,-400424.03049207956
2019-01-08,0.0,-400424.03049207956
2019-01-09,0.0,-400424.03049207956
2019-01-10,0.0,-400424.03049207956
2019-01-11,-359.7455817047523,-400783.77607378433
2019-01-12,0.0,-400783.77607378433
2019-01-13,0.0,-400783.77607378433
2019-01-14,0.0,-400783.77607378433
2019-01-15,0.0,-400783.77607378433
2019-01-16,0.0,-400783.77607378433
2019-01-17,0.0,-400783.77607378433
2019-01-18,-359.5297343557294,-401143.3058081401
2019-01-19,0.0,-401143.3058081401
2019-01-20,0.0,-401143.3058081401
2019-01-21,0.0,-401143.3058081401
2019-01-22,0.0,-401143.3058081401
2019-01-23,0.0,-401143.3058081401
2019-01-24,0.0,-401143.3058081401
2019-01-25,-299.42834709592995,-401442.73415523604
2019-01-26,0.0,-401442.73415523604
2019-01-27,0.0,-401442.73415523604
2019-01-28,0.0,-401442.73415523604
2019-01-29,0.0,-401442.73415523604
2019-01-30,0.0,-401442.73415523604
2019-01-31,0.0,-401442.73415523604
2019-02-01,-299.278632922382,-401742.0127881584
2019-02-02,0.0,-401742.0127881584
2019-02-03,0.0,-401742.0127881584
2019-02-04,0.0,-401742.0127881584
2019-02-05,0.0,-401742.0127881584
2019-02-06,0.0,-401742.0127881584
2019-02-07,0.0,-401742.0127881584
2019-02-08,-299.12899360592087,-402041.14178176434
2019-02-09,0.0,-402041.14178176434
2019-02-10,0.0,-402041.14178176434
2019-02-11,0.0,-402041.14178176434
2019-02-12,0.0,-402041.14178176434
2019-02-13,0.0,-402041.14178176434
2019-02-14,0.0,-402041.14178176434
2019-02-15,-358.7753149309414,-402399.9170966953
2019-02-16,0.0,-402399.9170966953
2019-02-17,0.0,-402399.9170966953
2019-02-18,0.0,-402399.9170966953
2019-02-19,0.0,-402399.9170966953
2019-02-20,0.0,-402399.9170966953
2019-02-21,0.0,-402399.9170966953
2019-02-22,-358.5600497419828,-402758.4771464373
2019-02-23,0.0,-402758.4771464373
2019-02-24,0.0,-402758.4771464373
2019-02-25,0.0,-402758.4771464373
2019-02-26,0.0,-402758.4771464373
2019-02-27,0.0,-402758.4771464373
2019-02-28,0.0,-402758.4771464373
2019-03-01,-358.34491371213767,-403116.8220601494
2019-03-02,0.0,-403116.8220601494
2019-03-03,0.0,-403116.8220601494
2019-03-04,0.0,-403116.8220601494
2019-03-05,0.0,-403116.8220601494
2019-03-06,0.0,-403116.8220601494
2019-03-07,0.0,-403116.8220601494
2019-03-08,-358.1299067639104,-403474.9519669133
2019-03-09,0.0,-403474.9519669133
2019-03-10,0.0,-403474.9519669133
2019-03-11,0.0,-403474.9519669133
2019-03-12,0.0,-403474.9519669133
2019-03-13,0.0,-403474.9519669133
2019-03-14,0.0,-403474.9519669133
2019-03-15,-298.26252401654335,-403773.21449092985
2019-03-16,0.0,-403773.21449092985
2019-03-17,0.0,-403773.21449092985
2019-03-18,0.0,-403773.21449092985
2019-03-19,0.0,-403773.21449092985
2019-03-20,0.0,-403773.21449092985
2019-03-21,0.0,-403773.21449092985
2019-03-22,-357.7360713054421,-404130.9505622353
2019-03-23,0.0,-404130.9505622353
2019-03-24,0.0,-404130.9505622353
2019-03-25,0.0,-404130.9505622353
2019-03-26,0.0,-404130.9505622353
2019-03-27,0.0,-404130.9505622353
2019-03-28,0.0,-404130.9505622353
2019-03-29,-297.93452471888236,-404428.8850869542
2019-03-30,0.0,-404428.8850869542
2019-03-31,0.0,-404428.8850869542
2019-04-01,0.0,-404428.8850869542
2019-04-02,0.0,-404428.8850869542
2019-04-03,0.0,-404428.8850869542
2019-04-04,0.0,-404428.8850869542
2019-04-05,-297.7855574565229,-404726.67064441077
2019-04-06,0.0,-404726.67064441077
2019-04-07,0.0,-404726.67064441077
2019-04-08,0.0,-404726.67064441077
2019-04-09,0.0,-404726.67064441077
2019-04-10,0.0,-404726.67064441077
2019-04-11,0.0,-404726.67064441077
2019-04-12,-297.6366646777946,-405024.30730908853
2019-04-13,0.0,-405024.30730908853
2019-04-14,0.0,-405024.30730908853
2019-04-15,0.0,-405024.30730908853
2019-04-16,0.0,-405024.30730908853
2019-04-17,0.0,-405024.30730908853
2019-04-18,0.0,-405024.30730908853
2019-04-19,-297.48784634545575,-405321.79515543394
2019-04-20,0.0,-405321.79515543394
2019-04-21,0.0,-405321.79515543394
2019-04-22,0.0,-405321.79515543394
2019-04-23,0.0,-405321.79515543394
2019-04-24,0.0,-405321.79515543394
2019-04-25,0.0,-405321.79515543394
2019-04-26,-297.339102422283,-405619.1342578562
2019-04-27,0.0,-405619.1342578562
2019-04-28,0.0,-405619.1342578562
2019-04-29,0.0,-405619.1342578562
2019-04-30,0.0,-405619.1342578562
2019-05-01,0.0,-405619.1342578562
2019-05-02,0.0,-405619.1342578562
2019-05-03,-297.19043287107195,-405916.3246907273
2019-05-04,0.0,-405916.3246907273
2019-05-05,0.0,-405916.3246907273
2019-05-06,0.0,-405916.3246907273
2019-05-07,0.0,-405916.3246907273
2019-05-08,0.0,-405916.3246907273
2019-05-09,0.0,-405916.3246907273
2019-05-10,-297.04183765463637,-406213.36652838194
2019-05-11,0.0,-406213.36652838194
2019-05-12,0.0,-406213.36652838194
2019-05-13,0.0,-406213.36652838194
2019-05-14,0.0,-406213.36652838194
2019-05-15,0.0,-406213.36652838194
2019-05-16,0.0,-406213.36652838194
2019-05-17,-296.89331673580904,-406510.2598451178
2019-05-18,0.0,-406510.2598451178
2019-05-19,0.0,-406510.2598451178
2019-05-20,0.0,-406510.2598451178
2019-05-21,0.0,-406510.2598451178
2019-05-22,0.0,-406510.2598451178
2019-05-23,0.0,-406510.2598451178
2019-05-24,-296.74487007744113,-406807.0047151953
2019-05-25,0.0,-406807.0047151953
2019-05-26,0.0,-406807.0047151953
2019-05-27,0.0,-406807.0047151953
2019-05-28,0.0,-406807.0047151953
2019-05-29,0.0,-406807.0047151953
2019-05-30,0.0,-406807.0047151953
2019-05-31,-296.5964976424024,-407103.60121283773
2019-06-01,0.0,-407103.60121283773
2019-06-02,0.0,-407103.60121283773
2019-06-03,0.0,-407103.60121283773
2019-06-04,0.0,-407103.60121283773
2019-06-05,0.0,-407103.60121283773
2019-06-06,0.0,-407103.60121283773
2019-06-07,-296.44819939358115,-407400.0494122313
2019-06-08,0.0,-407400.0494122313
2019-06-09,0.0,-407400.0494122313
2019-06-10,0.0,-407400.0494122313
2019-06-11,0.0,-407400.0494122313
2019-06-12,0.0,-407400.0494122313
2019-06-13,0.0,-407400.0494122313
2019-06-14,-355.5599703526612,-407755.609382584
2019-06-15,0.0,-407755.609382584
2019-06-16,0.0,-407755.609382584
2019-06-17,0.0,-407755.609382584
2019-06-18,0.0,-407755.609382584
2019-06-19,0.0,-407755.609382584
2019-06-20,0.0,-407755.609382584
2019-06-21,-296.12219530870806,-408051.7315778927
2019-06-22,0.0,-408051.7315778927
2019-06-23,0.0,-408051.7315778927
2019-06-24,0.0,-408051.7315778927
2019-06-25,0.0,-408051.7315778927
2019-06-26,0.0,-408051.7315778927
2019-06-27,0.0,-408051.7315778927
2019-06-28,-295.9741342110537,-408347.70571210375
2019-06-29,0.0,-408347.70571210375
2019-06-30,0.0,-408347.70571210375
2019-07-01,0.0,-408347.70571210375
2019-07-02,0.0,-408347.70571210375
2019-07-03,0.0,-408347.70571210375
2019-07-04,0.0,-408347.70571210375
2019-07-05,-295.82614714394816,-408643.5318592477
2019-07-06,0.0,-408643.5318592477
2019-07-07,0.0,-408643.5318592477
2019-07-08,0.0,-408643.5318592477
2019-07-09,0.0,-408643.5318592477
2019-07-10,0.0,-408643.5318592477
2019-07-11,0.0,-408643.5318592477
2019-07-12,-295.67823407037616,-408939.21009331814
2019-07-13,0.0,-408939.21009331814
2019-07-14,0.0,-408939.21009331814
2019-07-15,0.0,-408939.21009331814
2019-07-16,0.0,-408939.21009331814
2019-07-17,0.0,-408939.21009331814
2019-07-18,0.0,-408939.21009331814
2019-07-19,-295.53039495334093,-409234.74048827146
2019-07-20,0.0,-409234.74048827146
2019-07-21,0.0,-409234.74048827146
2019-07-22,0.0,-409234.74048827146
2019-07-23,0.0,-409234.74048827146
2019-07-24,0.0,-409234.74048827146
2019-07-25,0.0,-409234.74048827146
2019-07-26,-295.3826297558643,-409530.12311802735
2019-07-27,0.0,-409530.12311802735
2019-07-28,0.0,-409530.12311802735
2019-07-29,0.0,-409530.12311802735
2019-07-30,0.0,-409530.12311802735
2019-07-31,0.0,-409530.12311802735
2019-08-01,0.0,-409530.12311802735
2019-08-02,-295.23493844098635,-409825.3580564683
2019-08-03,0.0,-409825.3580564683
2019-08-04,0.0,-409825.3580564683
2019-08-05,0.0,-409825.3580564683
2019-08-06,0.0,-409825.3580564683
2019-08-07,0.0,-409825.3580564683
2019-08-08,0.0,-409825.3580564683
2019-08-09,-295.0873209717659,-410120.4453774401
2019-08-10,0.0,-410120.4453774401
2019-08-11,0.0,-410120.4453774401
2019-08-12,0.0,-410120.4453774401
2019-08-13,0.0,-410120.4453774401
2019-08-14,0.0,-410120.4453774401
2019-08-15,0.0,-410120.4453774401
2019-08-16,-294.93977731128,-410415.38515475136
2019-08-17,0.0,-410415.38515475136
2019-08-18,0.0,-410415.38515475136
2019-08-19,0.0,-410415.38515475136
2019-08-20,0.0,-410415.38515475136
2019-08-21,0.0,-410415.38515475136
2019-08-22,0.0,-410415.38515475136
2019-08-23,-294.79230742262433,-410710.177462174
2019-08-24,0.0,-410710.177462174
2019-08-25,0.0,-410710.177462174
2019-08-26,0.0,-410710.177462174
2019-08-27,0.0,-410710.177462174
2019-08-28,0.0,-410710.177462174
2019-08-29,0.0,-410710.177462174
2019-08-30,-294.644911268913,-411004.82237344293
2019-08-31,0.0,-411004.82237344293
2019-09-01,0.0,-411004.82237344293
2019-09-02,0.0,-411004.82237344293
2019-09-03,0.0,-411004.82237344293
2019-09-04,0.0,-411004.82237344293
2019-09-05,0.0,-411004.82237344293
2019-09-06,-294.4975888132786,-411299.31996225624
2019-09-07,0.0,-411299.31996225624
2019-09-08,0.0,-411299.31996225624
2019-09-09,0.0,-411299.31996225624
2019-09-10,0.0,-411299.31996225624
2019-09-11,0.0,-411299.31996225624
2019-09-12,0.0,-411299.31996225624
2019-09-13,-353.2204080226463,-411652.5403702789
2019-09-14,0.0,-411652.5403702789
2019-09-15,0.0,-411652.5403702789
2019-09-16,0.0,-411652.5403702789
2019-09-17,0.0,-411652.5403702789
2019-09-18,0.0,-411652.5403702789
2019-09-19,0.0,-411652.5403702789
2019-09-20,-294.17372981486056,-411946.7141000937
2019-09-21,0.0,-411946.7141000937
2019-09-22,0.0,-411946.7141000937
2019-09-23,0.0,-411946.7141000937
2019-09-24,0.0,-411946.7141000937
2019-09-25,0.0,-411946.7141000937
2019-09-26,0.0,-411946.7141000937
2019-09-27,-294.02664294995316,-412240.7407430436
2019-09-28,0.0,-412240.7407430436
2019-09-29,0.0,-412240.7407430436
2019-09-30,0.0,-412240.7407430436
2019-10-01,0.0,-412240.7407430436
2019-10-02,0.0,-412240.7407430436
2019-10-03,0.0,-412240.7407430436
2019-10-04,-293.8796296284782,-412534.6203726721
2019-10-05,0.0,-412534.6203726721
2019-10-06,0.0,-412534.6203726721
2019-10-07,0.0,-412534.6203726721
2019-10-08,0.0,-412534.6203726721
2019-10-09,0.0,-412534.6203726721
2019-10-10,0.0,-412534.6203726721
2019-10-11,-293.73268981366397,-412828.3530624858
2019-10-12,0.0,-412828.3530624858
2019-10-13,0.0,-412828.3530624858
2019-10-14,0.0,-412828.3530624858
2019-10-15,0.0,-412828.3530624858
2019-10-16,0.0,-412828.3530624858
2019-10-17,0.0,-412828.3530624858
2019-10-18,-293.5858234687571,-413121.93888595456
2019-10-19,0.0,-413121.93888595456
2019-10-20,0.0,-413121.93888595456
2019-10-21,0.0,-413121.93888595456
2019-10-22,0.0,-413121.93888595456
2019-10-23,0.0,-413121.93888595456
2019-10-24,0.0,-413121.93888595456
2019-10-25,-293.43903055702276,-413415.3779165116
2019-10-26,0.0,-413415.3779165116
2019-10-27,0.0,-413415.3779165116
2019-10-28,0.0,-413415.3779165116
2019-10-29,0.0,-413415.3779165116
2019-10-30,0.0,-413415.3779165116
2019-10-31,0.0,-413415.3779165116
2019-11-01,-293.2923110417442,-413708.67022755335
2019-11-02,0.0,-413708.67022755335
2019-11-03,0.0,-413708.67022755335
2019-11-04,0.0,-413708.67022755335
2019-11-05,0.0,-413708.67022755335
2019-11-06,0.0,-413708.67022755335
2019-11-07,0.0,-413708.67022755335
2019-11-08,-293.14566488622336,-414001.81589243957
2019-11-09,0.0,-414001.81589243957
2019-11-10,0.0,-414001.81589243957
2019-11-11,0.0,-414001.81589243957
2019-11-12,0.0,-414001.81589243957
2019-11-13,0.0,-414001.81589243957
2019-11-14,0.0,-414001.81589243957
2019-11-15,-292.9990920537802,-414294.8149844933
2019-11-16,0.0,-414294.8149844933
2019-11-17,0.0,-414294.8149844933
2019-11-18,0.0,-414294.8149844933
2019-11-19,0.0,-414294.8149844933
2019-11-20,0.0,-414294.8149844933
2019-11-21,0.0,-414294.8149844933
2019-11-22,-292.85259250775334,-414587.66757700103
2019-11-23,0.0,-414587.66757700103
2019-11-24,0.0,-414587.66757700103
2019-11-25,0.0,-414587.66757700103
2019-11-26,0.0,-414587.66757700103
2019-11-27,0.0,-414587.66757700103
2019-11-28,0.0,-414587.66757700103
2019-11-29,-292.7061662114995,-414880.37374321255
2019-11-30,0.0,-414880.37374321255
2019-12-01,0.0,-414880.37374321255
2019-12-02,0.0,-414880.37374321255
2019-12-03,0.0,-414880.37374321255
2019-12-04,0.0,-414880.37374321255
2019-12-05,0.0,-414880.37374321255
2019-12-06,-292.5598131283937,-415172.933556341
2019-12-07,0.0,-415172.933556341
2019-12-08,0.0,-415172.933556341
2019-12-09,0.0,-415172.933556341
2019-12-10,0.0,-415172.933556341
2019-12-11,0.0,-415172.933556341
2019-12-12,0.0,-415172.933556341
2019-12-13,-292.41353322182954,-415465.3470895628
2019-12-14,0.0,-415465.3470895628
2019-12-15,0.0,-415465.3470895628
2019-12-16,0.0,-415465.3470895628
2019-12-17,0.0,-415465.3470895628
2019-12-18,0.0,-415465.3470895628
2019-12-19,0.0,-415465.3470895628
2019-12-20,-292.2673264552186,-415757.614416018
2019-12-21,0.0,-415757.614416018
2019-12-22,0.0,-415757.614416018
2019-12-23,0.0,-415757.614416018
2019-12-24,0.0,-415757.614416018
2019-12-25,0.0,-415757.614416018
2019-12-26,0.0,-415757.614416018
2019-12-27,-292.121192791991,-416049.73560881
2019-12-28,0.0,-416049.73560881
2019-12-29,0.0,-416049.73560881
2019-12-30,0.0,-416049.73560881
2019-12-31,0.0,-416049.73560881
2020-01-01,0.0,-416049.73560881
2020-01-02,0.0,-416049.73560881
2020-01-03,-291.97513219559505,-416341.7107410056
2020-01-04,0.0,-416341.7107410056
2020-01-05,0.0,-416341.7107410056
2020-01-06,0.0,-416341.7107410056
2020-01-07,0.0,-416341.7107410056
2020-01-08,0.0,-416341.7107410056
2020-01-09,0.0,-416341.7107410056
2020-01-10,-291.8291446294972,-416633.53988563514
2020-01-11,0.0,-416633.53988563514
2020-01-12,0.0,-416633.53988563514
2020-01-13,0.0,-416633.53988563514
2020-01-14,0.0,-416633.53988563514
2020-01-15,0.0,-416633.53988563514
2020-01-16,0.0,-416633.53988563514
2020-01-17,-291.68323005718247,-416925.22311569226
2020-01-18,0.0,-416925.22311569226
2020-01-19,0.0,-416925.22311569226
2020-01-20,0.0,-416925.22311569226
2020-01-21,0.0,-416925.22311569226
2020-01-22,0.0,-416925.22311569226
2020-01-23,0.0,-416925.22311569226
2020-01-24,-349.84486613058465,-417275.0679818229
2020-01-25,0.0,-417275.0679818229
2020-01-26,0.0,-417275.0679818229
2020-01-27,0.0,-417275.0679818229
2020-01-28,0.0,-417275.0679818229
2020-01-29,0.0,-417275.0679818229
2020-01-30,0.0,-417275.0679818229
2020-01-31,-349.63495921090623,-417624.70294103376
2020-02-01,0.0,-417624.70294103376
2020-02-02,0.0,-417624.70294103376
2020-02-03,0.0,-417624.70294103376
2020-02-04,0.0,-417624.70294103376
2020-02-05,0.0,-417624.70294103376
2020-02-06,0.0,-417624.70294103376
2020-02-07,-291.1876485294831,-417915.8905895633
2020-02-08,0.0,-417915.8905895633
2020-02-09,0.0,-417915.8905895633
2020-02-10,0.0,-417915.8905895633
2020-02-11,0.0,-417915.8905895633
2020-02-12,0.0,-417915.8905895633
2020-02-13,0.0,-417915.8905895633
2020-02-14,-291.0420547052184,-418206.9326442685
2020-02-15,0.0,-418206.9326442685
2020-02-16,0.0,-418206.9326442685
2020-02-17,0.0,-418206.9326442685
2020-02-18,0.0,-418206.9326442685
2020-02-19,0.0,-418206.9326442685
2020-02-20,0.0,-418206.9326442685
2020-02-21,-290.89653367786576,-418497.8291779463
2020-02-22,0.0,-418497.8291779463
2020-02-23,0.0,-418497.8291779463
2020-02-24,0.0,-418497.8291779463
2020-02-25,0.0,-418497.8291779463
2020-02-26,0.0,-418497.8291779463
2020-02-27,0.0,-418497.8291779463
2020-02-28,-290.75108541102685,-418788.5802633574
2020-02-29,0.0,-418788.5802633574
2020-03-01,0.0,-418788.5802633574
2020-03-02,0.0,-418788.5802633574
2020-03-03,0.0,-418788.5802633574
2020-03-04,0.0,-418788.5802633574
2020-03-05,0.0,-418788.5802633574
2020-03-06,-290.6057098683213,-419079.18597322574
2020-03-07,0.0,-419079.18597322574
2020-03-08,0.0,-419079.18597322574
2020-03-09,0.0,-419079.18597322574
2020-03-10,0.0,-419079.18597322574
2020-03-11,0.0,-419079.18597322574
2020-03-12,0.0,-419079.18597322574
2020-03-13,-290.46040701338717,-419369.64638023917
2020-03-14,0.0,-419369.64638023917
2020-03-15,0.0,-419369.64638023917
2020-03-16,0.0,-419369.64638023917
2020-03-17,0.0,-419369.64638023917
2020-03-18,0.0,-419369.64638023917
2020-03-19,0.0,-419369.64638023917
2020-03-20,-348.3782121718565,-419718.024592411
2020-03-21,0.0,-419718.024592411
2020-03-22,0.0,-419718.024592411
2020-03-23,0.0,-419718.024592411
2020-03-24,0.0,-419718.024592411
2020-03-25,0.0,-419718.024592411
2020-03-26,0.0,-419718.024592411
2020-03-27,-290.1409877037945,-420008.1655801148
2020-03-28,0.0,-420008.1655801148
2020-03-29,0.0,-420008.1655801148
2020-03-30,0.0,-420008.1655801148
2020-03-31,0.0,-420008.1655801148
2020-04-01,0.0,-420008.1655801148
2020-04-02,0.0,-420008.1655801148
2020-04-03,-347.9951006519311,-420356.1606807668
2020-04-04,0.0,-420356.1606807668
2020-04-05,0.0,-420356.1606807668
2020-04-06,0.0,-420356.1606807668
2020-04-07,0.0,-420356.1606807668
2020-04-08,0.0,-420356.1606807668
2020-04-09,0.0,-420356.1606807668
2020-04-10,-347.78630359153993,-420703.94698435836
2020-04-11,0.0,-420703.94698435836
2020-04-12,0.0,-420703.94698435836
2020-04-13,0.0,-420703.94698435836
2020-04-14,0.0,-420703.94698435836
2020-04-15,0.0,-420703.94698435836
2020-04-16,0.0,-420703.94698435836
2020-04-17,-347.57763180938497,-421051.52461616776
2020-04-18,0.0,-421051.52461616776
2020-04-19,0.0,-421051.52461616776
2020-04-20,0.0,-421051.52461616776
2020-04-21,0.0,-421051.52461616776
2020-04-22,0.0,-421051.52461616776
2020-04-23,0.0,-421051.52461616776
2020-04-24,-289.47423769191613,-421340.9988538597
2020-04-25,0.0,-421340.9988538597
2020-04-26,0.0,-421340.9988538597
2020-04-27,0.0,-421340.9988538597
2020-04-28,0.0,-421340.9988538597
2020-04-29,0.0,-421340.9988538597
2020-04-30,0.0,-421340.9988538597
2020-05-01,-289.32950057307016,-421630.32835443283
2020-05-02,0.0,-421630.32835443283
2020-05-03,0.0,-421630.32835443283
2020-05-04,0.0,-421630.32835443283
2020-05-05,0.0,-421630.32835443283
2020-05-06,0.0,-421630.32835443283
2020-05-07,0.0,-421630.32835443283
2020-05-08,-347.0218029873403,-421977.35015742015
2020-05-09,0.0,-421977.35015742015
2020-05-10,0.0,-421977.35015742015
2020-05-11,0.0,-421977.35015742015
2020-05-12,0.0,-421977.35015742015
2020-05-13,0.0,-421977.35015742015
2020-05-14,0.0,-421977.35015742015
2020-05-15,-289.01132492128994,-422266.3614823414
2020-05-16,0.0,-422266.3614823414
2020-05-17,0.0,-422266.3614823414
2020-05-18,0.0,-422266.3614823414
2020-05-19,0.0,-422266.3614823414
2020-05-20,0.0,-422266.3614823414
2020-05-21,0.0,-422266.3614823414
2020-05-22,-288.8668192588293,-422555.2283016002
2020-05-23,0.0,-422555.2283016002
2020-05-24,0.0,-422555.2283016002
2020-05-25,0.0,-422555.2283016002
2020-05-26,0.0,-422555.2283016002
2020-05-27,0.0,-422555.2283016002
2020-05-28,0.0,-422555.2283016002
2020-05-29,-288.72238584919995,-422843.9506874494
2020-05-30,0.0,-422843.9506874494
2020-05-31,0.0,-422843.9506874494
2020-06-01,0.0,-422843.9506874494
2020-06-02,0.0,-422843.9506874494
2020-06-03,0.0,-422843.9506874494
2020-06-04,0.0,-422843.9506874494
2020-06-05,-346.2936295875304,-423190.24431703694
2020-06-06,0.0,-423190.24431703694
2020-06-07,0.0,-423190.24431703694
2020-06-08,0.0,-423190.24431703694
2020-06-09,0.0,-423190.24431703694
2020-06-10,0.0,-423190.24431703694
2020-06-11,0.0,-423190.24431703694
2020-06-12,-288.40487784148155,-423478.6491948784
2020-06-13,0.0,-423478.6491948784
2020-06-14,0.0,-423478.6491948784
2020-06-15,0.0,-423478.6491948784
2020-06-16,0.0,-423478.6491948784
2020-06-17,0.0,-423478.6491948784
2020-06-18,0.0,-423478.6491948784
2020-06-19,-345.912810483073,-423824.5620053614
2020-06-20,0.0,-423824.5620053614
2020-06-21,0.0,-423824.5620053614
2020-06-22,0.0,-423824.5620053614
2020-06-23,0.0,-423824.5620053614
2020-06-24,0.0,-423824.5620053614
2020-06-25,0.0,-423824.5620053614
2020-06-26,-345.70526279678313,-424170.26726815826
2020-06-27,0.0,-424170.26726815826
2020-06-28,0.0,-424170.26726815826
2020-06-29,0.0,-424170.26726815826
2020-06-30,0.0,-424170.26726815826
2020-07-01,0.0,-424170.26726815826
2020-07-02,0.0,-424170.26726815826
2020-07-03,-345.4978396391051,-424515.76510779734
2020-07-04,0.0,-424515.76510779734
2020-07-05,0.0,-424515.76510779734
2020-07-06,0.0,-424515.76510779734
2020-07-07,0.0,-424515.76510779734
2020-07-08,0.0,-424515.76510779734
2020-07-09,0.0,-424515.76510779734
2020-07-10,-345.29054093532153,-424861.0556487327
2020-07-11,0.0,-424861.0556487327
2020-07-12,0.0,-424861.0556487327
2020-07-13,0.0,-424861.0556487327
2020-07-14,0.0,-424861.0556487327
2020-07-15,0.0,-424861.0556487327
2020-07-16,0.0,-424861.0556487327
2020-07-17,-345.08336661076044,-425206.1390153435
2020-07-18,0.0,-425206.1390153435
2020-07-19,0.0,-425206.1390153435
2020-07-20,0.0,-425206.1390153435
2020-07-21,0.0,-425206.1390153435
2020-07-22,0.0,-425206.1390153435
2020-07-23,0.0,-425206.1390153435
2020-07-24,-344.87631659079386,-425551.0153319343
2020-07-25,0.0,-425551.0153319343
2020-07-26,0.0,-425551.0153319343
2020-07-27,0.0,-425551.0153319343
2020-07-28,0.0,-425551.0153319343
2020-07-29,0.0,-425551.0153319343
2020-07-30,0.0,-425551.0153319343
2020-07-31,-287.22449233403285,-425838.2398242684
2020-08-01,0.0,-425838.2398242684
2020-08-02,0.0,-425838.2398242684
2020-08-03,0.0,-425838.2398242684
2020-08-04,0.0,-425838.2398242684
2020-08-05,0.0,-425838.2398242684
2020-08-06,0.0,-425838.2398242684
2020-08-07,-287.0808800878658,-426125.3207043563
2020-08-08,0.0,-426125.3207043563
2020-08-09,0.0,-426125.3207043563
2020-08-10,0.0,-426125.3207043563
2020-08-11,0.0,-426125.3207043563
2020-08-12,0.0,-426125.3207043563
2020-08-13,0.0,-426125.3207043563
2020-08-14,-286.9373396478219,-426412.2580440041
2020-08-15,0.0,-426412.2580440041
2020-08-16,0.0,-426412.2580440041
2020-08-17,0.0,-426412.2580440041
2020-08-18,0.0,-426412.2580440041
2020-08-19,0.0,-426412.2580440041
2020-08-20,0.0,-426412.2580440041
2020-08-21,-286.793870977998,-426699.05191498203
2020-08-22,0.0,-426699.05191498203
2020-08-23,0.0,-426699.05191498203
2020-08-24,0.0,-426699.05191498203
2020-08-25,0.0,-426699.05191498203
2020-08-26,0.0,-426699.05191498203
2020-08-27,0.0,-426699.05191498203
2020-08-28,-286.650474042509,-426985.70238902455
2020-08-29,0.0,-426985.70238902455
2020-08-30,0.0,-426985.70238902455
2020-08-31,0.0,-426985.70238902455
2020-09-01,0.0,-426985.70238902455
2020-09-02,0.0,-426985.70238902455
2020-09-03,0.0,-426985.70238902455
2020-09-04,-286.50714880548776,-427272.2095378301
2020-09-05,0.0,-427272.2095378301
2020-09-06,0.0,-427272.2095378301
2020-09-07,0.0,-427272.2095378301
2020-09-08,0.0,-427272.2095378301
2020-09-09,0.0,-427272.2095378301
2020-09-10,0.0,-427272.2095378301
2020-09-11,-286.363895231085,-427558.57343306113
2020-09-12,0.0,-427558.57343306113
2020-09-13,0.0,-427558.57343306113
2020-09-14,0.0,-427558.57343306113
2020-09-15,0.0,-427558.57343306113
2020-09-16,0.0,-427558.57343306113
2020-09-17,0.0,-427558.57343306113
2020-09-18,-286.2207132834695,-427844.79414634465
2020-09-19,0.0,-427844.79414634465
2020-09-20,0.0,-427844.79414634465
2020-09-21,0.0,-427844.79414634465
2020-09-22,0.0,-427844.79414634465
2020-09-23,0.0,-427844.79414634465
2020-09-24,0.0,-427844.79414634465
2020-09-25,-286.0776029268277,-428130.8717492715
2020-09-26,0.0,-428130.8717492715
2020-09-27,0.0,-428130.8717492715
2020-09-28,0.0,-428130.8717492715
2020-09-29,0.0,-428130.8717492715
2020-09-30,0.0,-428130.8717492715
2020-10-01,0.0,-428130.8717492715
2020-10-02,-285.93456412536426,-428416.8063133969
2020-10-03,0.0,-428416.8063133969
2020-10-04,0.0,-428416.8063133969
2020-10-05,0.0,-428416.8063133969
2020-10-06,0.0,-428416.8063133969
2020-10-07,0.0,-428416.8063133969
2020-10-08,0.0,-428416.8063133969
2020-10-09,-285.7915968433016,-428702.5979102402
2020-10-10,0.0,-428702.5979102402
2020-10-11,0.0,-428702.5979102402
2020-10-12,0.0,-428702.5979102402
2020-10-13,0.0,-428702.5979102402
2020-10-14,0.0,-428702.5979102402
2020-10-15,0.0,-428702.5979102402
2020-10-16,-285.64870104487994,-428988.246611285
2020-10-17,0.0,-428988.246611285
2020-10-18,0.0,-428988.246611285
2020-10-19,0.0,-428988.246611285
2020-10-20,0.0,-428988.246611285
2020-10-21,0.0,-428988.246611285
2020-10-22,0.0,-428988.246611285
2020-10-23,-285.5058766943575,-429273.75248797936
2020-10-24,0.0,-429273.75248797936
2020-10-25,0.0,-429273.75248797936
2020-10-26,0.0,-429273.75248797936
2020-10-27,0.0,-429273.75248797936
2020-10-28,0.0,-429273.75248797936
2020-10-29,0.0,-429273.75248797936
2020-10-30,-285.36312375601034,-429559.1156117354
2020-10-31,0.0,-429559.1156117354
2020-11-01,0.0,-429559.1156117354
2020-11-02,0.0,-429559.1156117354
2020-11-03,0.0,-429559.1156117354
2020-11-04,0.0,-429559.1156117354
2020-11-05,0.0,-429559.1156117354
2020-11-06,-285.2204421941323,-429844.3360539295
2020-11-07,0.0,-429844.3360539295
2020-11-08,0.0,-429844.3360539295
2020-11-09,0.0,-429844.3360539295
2020-11-10,0.0,-429844.3360539295
2020-11-11,0.0,-429844.3360539295
2020-11-12,0.0,-429844.3360539295
2020-11-13,-285.07783197303525,-430129.4138859026
2020-11-14,0.0,-430129.4138859026
2020-11-15,0.0,-430129.4138859026
2020-11-16,0.0,-430129.4138859026
2020-11-17,0.0,-430129.4138859026
2020-11-18,0.0,-430129.4138859026
2020-11-19,0.0,-430129.4138859026
2020-11-20,-284.9352930570487,-430414.3491789596
2020-11-21,0.0,-430414.3491789596
2020-11-22,0.0,-430414.3491789596
2020-11-23,0.0,-430414.3491789596
2020-11-24,0.0,-430414.3491789596
2020-11-25,0.0,-430414.3491789596
2020-11-26,0.0,-430414.3491789596
2020-11-27,-284.7928254105202,-430699.1420043701
2020-11-28,0.0,-430699.1420043701
2020-11-29,0.0,-430699.1420043701
2020-11-30,0.0,-430699.1420043701
2020-12-01,0.0,-430699.1420043701
2020-12-02,0.0,-430699.1420043701
2020-12-03,0.0,-430699.1420043701
2020-12-04,-284.65042899781497,-430983.7924333679
2020-12-05,0.0,-430983.7924333679
2020-12-06,0.0,-430983.7924333679
2020-12-07,0.0,-430983.7924333679
2020-12-08,0.0,-430983.7924333679
2020-12-09,0.0,-430983.7924333679
2020-12-10,0.0,-430983.7924333679
2020-12-11,-284.508103783316,-431268.3005371513
2020-12-12,0.0,-431268.3005371513
2020-12-13,0.0,-431268.3005371513
2020-12-14,0.0,-431268.3005371513
2020-12-15,0.0,-431268.3005371513
2020-12-16,0.0,-431268.3005371513
2020-12-17,0.0,-431268.3005371513
2020-12-18,-284.3658497314244,-431552.66638688266
2020-12-19,0.0,-431552.66638688266
2020-12-20,0.0,-431552.66638688266
2020-12-21,0.0,-431552.66638688266
2020-12-22,0.0,-431552.66638688266
2020-12-23,0.0,-431552.66638688266
2020-12-24,0.0,-431552.66638688266
2020-12-25,-284.2236668065587,-431836.89005368925
2020-12-26,0.0,-431836.89005368925
2020-12-27,0.0,-431836.89005368925
2020-12-28,0.0,-431836.89005368925
2020-12-29,0.0,-431836.89005368925
2020-12-30,0.0,-431836.89005368925
2020-12-31,0.0,-431836.89005368925
2021-01-01,-284.0815549731554,-432120.9716086624
2021-01-02,0.0,-432120.9716086624
2021-01-03,0.0,-432120.9716086624
2021-01-04,0.0,-432120.9716086624
2021-01-05,0.0,-432120.9716086624
2021-01-06,0.0,-432120.9716086624
2021-01-07,0.0,-432120.9716086624
2021-01-08,-340.72741703480256,-432461.6990256972
2021-01-09,0.0,-432461.6990256972
2021-01-10,0.0,-432461.6990256972
2021-01-11,0.0,-432461.6990256972
2021-01-12,0.0,-432461.6990256972
2021-01-13,0.0,-432461.6990256972
2021-01-14,0.0,-432461.6990256972
2021-01-15,-340.52298058458166,-432802.2220062817
2021-01-16,0.0,-432802.2220062817
2021-01-17,0.0,-432802.2220062817
2021-01-18,0.0,-432802.2220062817
2021-01-19,0.0,-432802.2220062817
2021-01-20,0.0,-432802.2220062817
2021-01-21,0.0,-432802.2220062817
2021-01-22,-283.59888899685916,-433085.8208952786
2021-01-23,0.0,-433085.8208952786
2021-01-24,0.0,-433085.8208952786
2021-01-25,0.0,-433085.8208952786
2021-01-26,0.0,-433085.8208952786
2021-01-27,0.0,-433085.8208952786
2021-01-28,0.0,-433085.8208952786
2021-01-29,-283.4570895523607,-433369.2779848309
2021-01-30,0.0,-433369.2779848309
2021-01-31,0.0,-433369.2779848309
2021-02-01,0.0,-433369.2779848309
2021-02-02,0.0,-433369.2779848309
2021-02-03,0.0,-433369.2779848309
2021-02-04,0.0,-433369.2779848309
2021-02-05,-283.3153610075846,-433652.5933458385
2021-02-06,0.0,-433652.5933458385
2021-02-07,0.0,-433652.5933458385
2021-02-08,0.0,-433652.5933458385
2021-02-09,0.0,-433652.5933458385
2021-02-10,0.0,-433652.5933458385
2021-02-11,0.0,-433652.5933458385
2021-02-12,-283.1737033270808,-433935.76704916556
2021-02-13,0.0,-433935.76704916556
2021-02-14,0.0,-433935.76704916556
2021-02-15,0.0,-433935.76704916556
2021-02-16,0.0,-433935.76704916556
2021-02-17,0.0,-433935.76704916556
2021-02-18,0.0,-433935.76704916556
2021-02-19,-283.03211647541724,-434218.79916564096
2021-02-20,0.0,-434218.79916564096
2021-02-21,0.0,-434218.79916564096
2021-02-22,0.0,-434218.79916564096
2021-02-23,0.0,-434218.79916564096
2021-02-24,0.0,-434218.79916564096
2021-02-25,0.0,-434218.79916564096
2021-02-26,-282.89060041717954,-434501.6897660581
2021-02-27,0.0,-434501.6897660581
2021-02-28,0.0,-434501.6897660581
2021-03-01,0.0,-434501.6897660581
2021-03-02,0.0,-434501.6897660581
2021-03-03,0.0,-434501.6897660581
2021-03-04,0.0,-434501.6897660581
2021-03-05,-282.74915511697094,-434784.4389211751
2021-03-06,0.0,-434784.4389211751
2021-03-07,0.0,-434784.4389211751
2021-03-08,0.0,-434784.4389211751
2021-03-09,0.0,-434784.4389211751
2021-03-10,0.0,-434784.4389211751
2021-03-11,0.0,-434784.4389211751
2021-03-12,-282.6077805394125,-435067.0467017145
2021-03-13,0.0,-435067.0467017145
2021-03-14,0.0,-435067.0467017145
2021-03-15,0.0,-435067.0467017145
2021-03-16,0.0,-435067.0467017145
2021-03-17,0.0,-435067.0467017145
2021-03-18,0.0,-435067.0467017145
2021-03-19,-282.46647664914275,-435349.5131783637
2021-03-20,0.0,-435349.5131783637
2021-03-21,0.0,-435349.5131783637
2021-03-22,0.0,-435349.5131783637
2021-03-23,0.0,-435349.5131783637
2021-03-24,0.0,-435349.5131783637
2021-03-25,0.0,-435349.5131783637
2021-03-26,-282.3252434108182,-435631.83842177445
2021-03-27,0.0,-435631.83842177445
2021-03-28,0.0,-435631.83842177445
2021-03-29,0.0,-435631.83842177445
2021-03-30,0.0,-435631.83842177445
2021-03-31,0.0,-435631.83842177445
2021-04-01,0.0,-435631.83842177445
2021-04-02,-282.1840807891128,-435914.02250256354
2021-04-03,0.0,-435914.02250256354
2021-04-04,0.0,-435914.02250256354
2021-04-05,0.0,-435914.02250256354
2021-04-06,0.0,-435914.02250256354
2021-04-07,0.0,-435914.02250256354
2021-04-08,0.0,-435914.02250256354
2021-04-09,-282.04298874871824,-436196.0654913123
2021-04-10,0.0,-436196.0654913123
2021-04-11,0.0,-436196.0654913123
2021-04-12,0.0,-436196.0654913123
2021-04-13,0.0,-436196.0654913123
2021-04-14,0.0,-436196.0654913123
2021-04-15,0.0,-436196.0654913123
2021-04-16,-281.9019672543439,-436477.96745856665
2021-04-17,0.0,-436477.96745856665
2021-04-18,0.0,-436477.96745856665
2021-04-19,0.0,-436477.96745856665
2021-04-20,0.0,-436477.96745856665
2021-04-21,0.0,-436477.96745856665
2021-04-22,0.0,-436477.96745856665
2021-04-23,-281.7610162707167,-436759.7284748374
2021-04-24,0.0,-436759.7284748374
2021-04-25,0.0,-436759.7284748374
2021-04-26,0.0,-436759.7284748374
2021-04-27,0.0,-436759.7284748374
2021-04-28,0.0,-436759.7284748374
2021-04-29,0.0,-436759.7284748374
2021-04-30,-337.94416291509765,-437097.6726377525
2021-05-01,0.0,-437097.6726377525
2021-05-02,0.0,-437097.6726377525
2021-05-03,0.0,-437097.6726377525
2021-05-04,0.0,-437097.6726377525
2021-05-05,0.0,-437097.6726377525
2021-05-06,0.0,-437097.6726377525
2021-05-07,-337.74139641734854,-437435.41403416987
2021-05-08,0.0,-437435.41403416987
2021-05-09,0.0,-437435.41403416987
2021-05-10,0.0,-437435.41403416987
2021-05-11,0.0,-437435.41403416987
2021-05-12,0.0,-437435.41403416987
2021-05-13,0.0,-437435.41403416987
2021-05-14,-281.2822929829151,-437716.6963271528
2021-05-15,0.0,-437716.6963271528
2021-05-16,0.0,-437716.6963271528
2021-05-17,0.0,-437716.6963271528
2021-05-18,0.0,-437716.6963271528
2021-05-19,0.0,-437716.6963271528
2021-05-20,0.0,-437716.6963271528
2021-05-21,-281.14165183642365,-437997.83797898924
2021-05-22,0.0,-437997.83797898924
2021-05-23,0.0,-437997.83797898924
2021-05-24,0.0,-437997.83797898924
2021-05-25,0.0,-437997.83797898924
2021-05-26,0.0,-437997.83797898924
2021-05-27,0.0,-437997.83797898924
2021-05-28,-337.20129721260645,-438335.03927620186
2021-05-29,0.0,-438335.03927620186
2021-05-30,0.0,-438335.03927620186
2021-05-31,0.0,-438335.03927620186
2021-06-01,0.0,-438335.03927620186
2021-06-02,0.0,-438335.03927620186
2021-06-03,0.0,-438335.03927620186
2021-06-04,-280.83248036189906,-438615.8717565638
2021-06-05,0.0,-438615.8717565638
2021-06-06,0.0,-438615.8717565638
2021-06-07,0.0,-438615.8717565638
2021-06-08,0.0,-438615.8717565638
2021-06-09,0.0,-438615.8717565638
2021-06-10,0.0,-438615.8717565638
2021-06-11,-280.69206412171815,-438896.5638206855
2021-06-12,0.0,-438896.5638206855
2021-06-13,0.0,-438896.5638206855
2021-06-14,0.0,-438896.5638206855
2021-06-15,0.0,-438896.5638206855
2021-06-16,0.0,-438896.5638206855
2021-06-17,0.0,-438896.5638206855
2021-06-18,-280.55171808965724,-439177.1155387751
2021-06-19,0.0,-439177.1155387751
2021-06-20,0.0,-439177.1155387751
2021-06-21,0.0,-439177.1155387751
2021-06-22,0.0,-439177.1155387751
2021-06-23,0.0,-439177.1155387751
2021-06-24,0.0,-439177.1155387751
2021-06-25,-280.41144223061247,-439457.5269810057
2021-06-26,0.0,-439457.5269810057
2021-06-27,0.0,-439457.5269810057
2021-06-28,0.0,-439457.5269810057
2021-06-29,0.0,-439457.5269810057
2021-06-30,0.0,-439457.5269810057
2021-07-01,0.0,-439457.5269810057
2021-07-02,-280.27123650949716,-439737.7982175152
2021-07-03,0.0,-439737.7982175152
2021-07-04,0.0,-439737.7982175152
2021-07-05,0.0,-439737.7982175152
2021-07-06,0.0,-439737.7982175152
2021-07-07,0.0,-439737.7982175152
2021-07-08,0.0,-439737.7982175152
2021-07-09,-280.1311008912424,-440017.9293184065
2021-07-10,0.0,-440017.9293184065
2021-07-11,0.0,-440017.9293184065
2021-07-12,0.0,-440017.9293184065
2021-07-13,0.0,-440017.9293184065
2021-07-14,0.0,-440017.9293184065
2021-07-15,0.0,-440017.9293184065
2021-07-16,-279.99103534079677,-440297.9203537473
2021-07-17,0.0,-440297.9203537473
2021-07-18,0.0,-440297.9203537473
2021-07-19,0.0,-440297.9203537473
2021-07-20,0.0,-440297.9203537473
2021-07-21,0.0,-440297.9203537473
2021-07-22,0.0,-440297.9203537473
2021-07-23,-279.85103982312637,-440577.77139357047
2021-07-24,0.0,-440577.77139357047
2021-07-25,0.0,-440577.77139357047
2021-07-26,0.0,-440577.77139357047
2021-07-27,0.0,-440577.77139357047
2021-07-28,0.0,-440577.77139357047
2021-07-29,0.0,-440577.77139357047
2021-07-30,-279.7111143032148,-440857.4825078737
2021-07-31,0.0,-440857.4825078737
2021-08-01,0.0,-440857.4825078737
2021-08-02,0.0,-440857.4825078737
2021-08-03,0.0,-440857.4825078737
2021-08-04,0.0,-440857.4825078737
2021-08-05,0.0,-440857.4825078737
2021-08-06,-279.57125874606317,-441137.05376661976
2021-08-07,0.0,-441137.05376661976
2021-08-08,0.0,-441137.05376661976
2021-08-09,0.0,-441137.05376661976
2021-08-10,0.0,-441137.05376661976
2021-08-11,0.0,-441137.05376661976
2021-08-12,0.0,-441137.05376661976
2021-08-13,-279.43147311669014,-441416.4852397365
2021-08-14,0.0,-441416.4852397365
2021-08-15,0.0,-441416.4852397365
2021-08-16,0.0,-441416.4852397365
2021-08-17,0.0,-441416.4852397365
2021-08-18,0.0,-441416.4852397365
2021-08-19,0.0,-441416.4852397365
2021-08-20,-279.29175738013174,-441695.7769971166
2021-08-21,0.0,-441695.7769971166
2021-08-22,0.0,-441695.7769971166
2021-08-23,0.0,-441695.7769971166
2021-08-24,0.0,-441695.7769971166
2021-08-25,0.0,-441695.7769971166
2021-08-26,0.0,-441695.7769971166
2021-08-27,-279.1521115014417,-441974.92910861806
2021-08-28,0.0,-441974.92910861806
2021-08-29,0.0,-441974.92910861806
2021-08-30,0.0,-441974.92910861806
2021-08-31,0.0,-441974.92910861806
2021-09-01,0.0,-441974.92910861806
2021-09-02,0.0,-441974.92910861806
2021-09-03,-279.012535445691,-442253.9416440638
2021-09-04,0.0,-442253.9416440638
2021-09-05,0.0,-442253.9416440638
2021-09-06,0.0,-442253.9416440638
2021-09-07,0.0,-442253.9416440638
2021-09-08,0.0,-442253.9416440638
2021-09-09,0.0,-442253.9416440638
2021-09-10,-334.64763501356174,-442588.58927907737
2021-09-11,0.0,-442588.58927907737
2021-09-12,0.0,-442588.58927907737
2021-09-13,0.0,-442588.58927907737
2021-09-14,0.0,-442588.58927907737
2021-09-15,0.0,-442588.58927907737
2021-09-16,0.0,-442588.58927907737
2021-09-17,-334.44684643255357,-442923.0361255099
2021-09-18,0.0,-442923.0361255099
2021-09-19,0.0,-442923.0361255099
2021-09-20,0.0,-442923.0361255099
2021-09-21,0.0,-442923.0361255099
2021-09-22,0.0,-442923.0361255099
2021-09-23,0.0,-442923.0361255099
2021-09-24,-334.24617832469414,-443257.28230383457
2021-09-25,0.0,-443257.28230383457
2021-09-26,0.0,-443257.28230383457
2021-09-27,0.0,-443257.28230383457
2021-09-28,0.0,-443257.28230383457
2021-09-29,0.0,-443257.28230383457
2021-09-30,0.0,-443257.28230383457
2021-10-01,-334.04563061769926,-443591.3279344522
2021-10-02,0.0,-443591.3279344522
2021-10-03,0.0,-443591.3279344522
2021-10-04,0.0,-443591.3279344522
2021-10-05,0.0,-443591.3279344522
2021-10-06,0.0,-443591.3279344522
2021-10-07,0.0,-443591.3279344522
2021-10-08,-333.8452032393287,-443925.17313769157
2021-10-09,0.0,-443925.17313769157
2021-10-10,0.0,-443925.17313769157
2021-10-11,0.0,-443925.17313769157
2021-10-12,0.0,-443925.17313769157
2021-10-13,0.0,-443925.17313769157
2021-10-14,0.0,-443925.17313769157
2021-10-15,-333.6448961173851,-444258.81803380896
2021-10-16,0.0,-444258.81803380896
2021-10-17,0.0,-444258.81803380896
2021-10-18,0.0,-444258.81803380896
2021-10-19,0.0,-444258.81803380896
2021-10-20,0.0,-444258.81803380896
2021-10-21,0.0,-444258.81803380896
2021-10-22,-333.4447091797146,-444592.26274298865
2021-10-23,0.0,-444592.26274298865
2021-10-24,0.0,-444592.26274298865
2021-10-25,0.0,-444592.26274298865
2021-10-26,0.0,-444592.26274298865
2021-10-27,0.0,-444592.26274298865
2021-10-28,0.0,-444592.26274298865
2021-10-29,-333.2446423542068,-444925.50738534285
2021-10-30,0.0,-444925.50738534285
2021-10-31,0.0,-444925.50738534285
2021-11-01,0.0,-444925.50738534285
2021-11-02,0.0,-444925.50738534285
2021-11-03,0.0,-444925.50738534285
2021-11-04,0.0,-444925.50738534285
2021-11-05,-333.04469556879434,-445258.5520809116
2021-11-06,0.0,-445258.5520809116
2021-11-07,0.0,-445258.5520809116
2021-11-08,0.0,-445258.5520809116
2021-11-09,0.0,-445258.5520809116
2021-11-10,0.0,-445258.5520809116
2021-11-11,0.0,-445258.5520809116
2021-11-12,-277.37072395954425,-445535.9228048711
2021-11-13,0.0,-445535.9228048711
2021-11-14,0.0,-445535.9228048711
2021-11-15,0.0,-445535.9228048711
2021-11-16,0.0,-445535.9228048711
2021-11-17,0.0,-445535.9228048711
2021-11-18,0.0,-445535.9228048711
2021-11-19,-332.6784463170773,-445868.6012511882
2021-11-20,0.0,-445868.6012511882
2021-11-21,0.0,-445868.6012511882
2021-11-22,0.0,-445868.6012511882
2021-11-23,0.0,-445868.6012511882
2021-11-24,0.0,-445868.6012511882
2021-11-25,0.0,-445868.6012511882
2021-11-26,-332.47883924928715,-446201.08009043743
2021-11-27,0.0,-446201.08009043743
2021-11-28,0.0,-446201.08009043743
2021-11-29,0.0,-446201.08009043743
2021-11-30,0.0,-446201.08009043743
2021-12-01,0.0,-446201.08009043743
2021-12-02,0.0,-446201.08009043743
2021-12-03,-276.8994599547813,-446477.97955039225
2021-12-04,0.0,-446477.97955039225
2021-12-05,0.0,-446477.97955039225
2021-12-06,0.0,-446477.97955039225
2021-12-07,0.0,-446477.97955039225
2021-12-08,0.0,-446477.97955039225
2021-12-09,0.0,-446477.97955039225
2021-12-10,-276.7610102248039,-446754.74056061707
2021-12-11,0.0,-446754.74056061707
2021-12-12,0.0,-446754.74056061707
2021-12-13,0.0,-446754.74056061707
2021-12-14,0.0,-446754.74056061707
2021-12-15,0.0,-446754.74056061707
2021-12-16,0.0,-446754.74056061707
2021-12-17,-276.6226297196915,-447031.36319033673
2021-12-18,0.0,-447031.36319033673
2021-12-19,0.0,-447031.36319033673
2021-12-20,0.0,-447031.36319033673
2021-12-21,0.0,-447031.36319033673
2021-12-22,0.0,-447031.36319033673
2021-12-23,0.0,-447031.36319033673
2021-12-24,-331.781182085798,-447363.1443724225
2021-12-25,0.0,-447363.1443724225
2021-12-26,0.0,-447363.1443724225
2021-12-27,0.0,-447363.1443724225
2021-12-28,0.0,-447363.1443724225
2021-12-29,0.0,-447363.1443724225
2021-12-30,0.0,-447363.1443724225
2021-12-31,-331.5821133765465,-447694.72648579907
2022-01-01,0.0,-447694.72648579907
2022-01-02,0.0,-447694.72648579907
2022-01-03,0.0,-447694.72648579907
2022-01-04,0.0,-447694.72648579907
2022-01-05,0.0,-447694.72648579907
2022-01-06,0.0,-447694.72648579907
2022-01-07,-276.1526367571005,-447970.8791225562
2022-01-08,0.0,-447970.8791225562
2022-01-09,0.0,-447970.8791225562
2022-01-10,0.0,-447970.8791225562
2022-01-11,0.0,-447970.8791225562
2022-01-12,0.0,-447970.8791225562
2022-01-13,0.0,-447970.8791225562
2022-01-14,-331.2174725264663,-448302.09659508266
2022-01-15,0.0,-448302.09659508266
2022-01-16,0.0,-448302.09659508266
2022-01-17,0.0,-448302.09659508266
2022-01-18,0.0,-448302.09659508266
2022-01-19,0.0,-448302.09659508266
2022-01-20,0.0,-448302.09659508266
2022-01-21,-331.0187420429504,-448633.1153371256
2022-01-22,0.0,-448633.1153371256
2022-01-23,0.0,-448633.1153371256
2022-01-24,0.0,-448633.1153371256
2022-01-25,0.0,-448633.1153371256
2022-01-26,0.0,-448633.1153371256
2022-01-27,0.0,-448633.1153371256
2022-01-28,-275.6834423314372,-448908.798779457
2022-01-29,0.0,-448908.798779457
2022-01-30,0.0,-448908.798779457
2022-01-31,0.0,-448908.798779457
2022-02-01,0.0,-448908.798779457
2022-02-02,0.0,-448908.798779457
2022-02-03,0.0,-448908.798779457
2022-02-04,-275.5456006102715,-449184.3443800673
2022-02-05,0.0,-449184.3443800673
2022-02-06,0.0,-449184.3443800673
2022-02-07,0.0,-449184.3443800673
2022-02-08,0.0,-449184.3443800673
2022-02-09,0.0,-449184.3443800673
2022-02-10,0.0,-449184.3443800673
2022-02-11,-275.40782780996636,-449459.75220787723
2022-02-12,0.0,-449459.75220787723
2022-02-13,0.0,-449459.75220787723
2022-02-14,0.0,-449459.75220787723
2022-02-15,0.0,-449459.75220787723
2022-02-16,0.0,-449459.75220787723
2022-02-17,0.0,-449459.75220787723
2022-02-18,-275.2701238960614,-449735.0223317733
2022-02-19,0.0,-449735.0223317733
2022-02-20,0.0,-449735.0223317733
2022-02-21,0.0,-449735.0223317733
2022-02-22,0.0,-449735.0223317733
2022-02-23,0.0,-449735.0223317733
2022-02-24,0.0,-449735.0223317733
2022-02-25,-275.13248883411336,-450010.1548206074
2022-02-26,0.0,-450010.1548206074
2022-02-27,0.0,-450010.1548206074
2022-02-28,0.0,-450010.1548206074
2022-03-01,0.0,-450010.1548206074
2022-03-02,0.0,-450010.1548206074
2022-03-03,0.0,-450010.1548206074
2022-03-04,-274.99492258969633,-450285.14974319714
2022-03-05,0.0,-450285.14974319714
2022-03-06,0.0,-450285.14974319714
2022-03-07,0.0,-450285.14974319714
2022-03-08,0.0,-450285.14974319714
2022-03-09,0.0,-450285.14974319714
2022-03-10,0.0,-450285.14974319714
2022-03-11,-274.8574251284015,-450560.0071683256
2022-03-12,0.0,-450560.0071683256
2022-03-13,0.0,-450560.0071683256
2022-03-14,0.0,-450560.0071683256
2022-03-15,0.0,-450560.0071683256
2022-03-16,0.0,-450560.0071683256
2022-03-17,0.0,-450560.0071683256
2022-03-18,-274.7199964158372,-450834.7271647415
2022-03-19,0.0,-450834.7271647415
2022-03-20,0.0,-450834.7271647415
2022-03-21,0.0,-450834.7271647415
2022-03-22,0.0,-450834.7271647415
2022-03-23,0.0,-450834.7271647415
2022-03-24,0.0,-450834.7271647415
2022-03-25,-274.58263641762926,-451109.3098011591
2022-03-26,0.0,-451109.3098011591
2022-03-27,0.0,-451109.3098011591
2022-03-28,0.0,-451109.3098011591
2022-03-29,0.0,-451109.3098011591
2022-03-30,0.0,-451109.3098011591
2022-03-31,0.0,-451109.3098011591
2022-04-01,-274.4453450994205,-451383.7551462585
2022-04-02,0.0,-451383.7551462585
2022-04-03,0.0,-451383.7551462585
2022-04-04,0.0,-451383.7551462585
2022-04-05,0.0,-451383.7551462585
2022-04-06,0.0,-451383.7551462585
2022-04-07,0.0,-451383.7551462585
2022-04-08,-274.30812242687074,-451658.06326868536
2022-04-09,0.0,-451658.06326868536
2022-04-10,0.0,-451658.06326868536
2022-04-11,0.0,-451658.06326868536
2022-04-12,0.0,-451658.06326868536
2022-04-13,0.0,-451658.06326868536
2022-04-14,0.0,-451658.06326868536
2022-04-15,-274.1709683656573,-451932.234237051
2022-04-16,0.0,-451932.234237051
2022-04-17,0.0,-451932.234237051
2022-04-18,0.0,-451932.234237051
2022-04-19,0.0,-451932.234237051
2022-04-20,0.0,-451932.234237051
2022-04-21,0.0,-451932.234237051
2022-04-22,-274.03388288147454,-452206.2681199325
2022-04-23,0.0,-452206.2681199325
2022-04-24,0.0,-452206.2681199325
2022-04-25,0.0,-452206.2681199325
2022-04-26,0.0,-452206.2681199325
2022-04-27,0.0,-452206.2681199325
2022-04-28,0.0,-452206.2681199325
2022-04-29,-273.89686594003376,-452480.1649858726
2022-04-30,0.0,-452480.1649858726
2022-05-01,0.0,-452480.1649858726
2022-05-02,0.0,-452480.1649858726
2022-05-03,0.0,-452480.1649858726
2022-05-04,0.0,-452480.1649858726
2022-05-05,0.0,-452480.1649858726
2022-05-06,-273.75991750706373,-452753.92490337964
2022-05-07,0.0,-452753.92490337964
2022-05-08,0.0,-452753.92490337964
2022-05-09,0.0,-452753.92490337964
2022-05-10,0.0,-452753.92490337964
2022-05-11,0.0,-452753.92490337964
2022-05-12,0.0,-452753.92490337964
2022-05-13,-273.6230375483102,-453027.5479409279
2022-05-14,0.0,-453027.5479409279
2022-05-15,0.0,-453027.5479409279
2022-05-16,0.0,-453027.5479409279
2022-05-17,0.0,-453027.5479409279
2022-05-18,0.0,-453027.5479409279
2022-05-19,0.0,-453027.5479409279
2022-05-20,-273.48622602953606,-453301.0341669575
2022-05-21,0.0,-453301.0341669575
2022-05-22,0.0,-453301.0341669575
2022-05-23,0.0,-453301.0341669575
2022-05-24,0.0,-453301.0341669575
2022-05-25,0.0,-453301.0341669575
2022-05-26,0.0,-453301.0341669575
2022-05-27,-273.34948291652125,-453574.383649874
2022-05-28,0.0,-453574.383649874
2022-05-29,0.0,-453574.383649874
2022-05-30,0.0,-453574.383649874
2022-05-31,0.0,-453574.383649874
2022-06-01,0.0,-453574.383649874
2022-06-02,0.0,-453574.383649874
2022-06-03,-273.212808175063,-453847.596458049
2022-06-04,0.0,-453847.596458049
2022-06-05,0.0,-453847.596458049
2022-06-06,0.0,-453847.596458049
2022-06-07,0.0,-453847.596458049
2022-06-08,0.0,-453847.596458049
2022-06-09,0.0,-453847.596458049
2022-06-10,-273.0762017709755,-454120.67265981995
2022-06-11,0.0,-454120.67265981995
2022-06-12,0.0,-454120.67265981995
2022-06-13,0.0,-454120.67265981995
2022-06-14,0.0,-454120.67265981995
2022-06-15,0.0,-454120.67265981995
2022-06-16,0.0,-454120.67265981995
2022-06-17,-272.93966367009006,-454393.6123234901
2022-06-18,0.0,-454393.6123234901
2022-06-19,0.0,-454393.6123234901
2022-06-20,0.0,-454393.6123234901
2022-06-21,0.0,-454393.6123234901
2022-06-22,0.0,-454393.6123234901
2022-06-23,0.0,-454393.6123234901
2022-06-24,-327.36383260590594,-454720.976156096
2022-06-25,0.0,-454720.976156096
2022-06-26,0.0,-454720.976156096
2022-06-27,0.0,-454720.976156096
2022-06-28,0.0,-454720.976156096
2022-06-29,0.0,-454720.976156096
2022-06-30,0.0,-454720.976156096
2022-07-01,-272.639511921952,-454993.6156680179
2022-07-02,0.0,-454993.6156680179
2022-07-03,0.0,-454993.6156680179
2022-07-04,0.0,-454993.6156680179
2022-07-05,0.0,-454993.6156680179
2022-07-06,0.0,-454993.6156680179
2022-07-07,0.0,-454993.6156680179
2022-07-08,-272.50319216599104,-455266.11886018387
2022-07-09,0.0,-455266.11886018387
2022-07-10,0.0,-455266.11886018387
2022-07-11,0.0,-455266.11886018387
2022-07-12,0.0,-455266.11886018387
2022-07-13,0.0,-455266.11886018387
2022-07-14,0.0,-455266.11886018387
2022-07-15,-272.3669405699081,-455538.4858007538
2022-07-16,0.0,-455538.4858007538
2022-07-17,0.0,-455538.4858007538
2022-07-18,0.0,-455538.4858007538
2022-07-19,0.0,-455538.4858007538
2022-07-20,0.0,-455538.4858007538
2022-07-21,0.0,-455538.4858007538
2022-07-22,-272.23075709962313,-455810.7165578534
2022-07-23,0.0,-455810.7165578534
2022-07-24,0.0,-455810.7165578534
2022-07-25,0.0,-455810.7165578534
2022-07-26,0.0,-455810.7165578534
2022-07-27,0.0,-455810.7165578534
2022-07-28,0.0,-455810.7165578534
2022-07-29,-272.09464172107334,-456082.8111995745
2022-07-30,0.0,-456082.8111995745
2022-07-31,0.0,-456082.8111995745
2022-08-01,0.0,-456082.8111995745
2022-08-02,0.0,-456082.8111995745
2022-08-03,0.0,-456082.8111995745
2022-08-04,0.0,-456082.8111995745
2022-08-05,-271.95859440021275,-456354.7697939747
2022-08-06,0.0,-456354.7697939747
2022-08-07,0.0,-456354.7697939747
2022-08-08,0.0,-456354.7697939747
2022-08-09,0.0,-456354.7697939747
2022-08-10,0.0,-456354.7697939747
2022-08-11,0.0,-456354.7697939747
2022-08-12,-271.82261510301265,-456626.5924090777
2022-08-13,0.0,-456626.5924090777
2022-08-14,0.0,-456626.5924090777
2022-08-15,0.0,-456626.5924090777
2022-08-16,0.0,-456626.5924090777
2022-08-17,0.0,-456626.5924090777
2022-08-18,0.0,-456626.5924090777
2022-08-19,-271.6867037954612,-456898.27911287313
2022-08-20,0.0,-456898.27911287313
2022-08-21,0.0,-456898.27911287313
2022-08-22,0.0,-456898.27911287313
2022-08-23,0.0,-456898.27911287313
2022-08-24,0.0,-456898.27911287313
2022-08-25,0.0,-456898.27911287313
2022-08-26,-271.55086044356347,-457169.82997331675
2022-08-27,0.0,-457169.82997331675
2022-08-28,0.0,-457169.82997331675
2022-08-29,0.0,-457169.82997331675
2022-08-30,0.0,-457169.82997331675
2022-08-31,0.0,-457169.82997331675
2022-09-01,0.0,-457169.82997331675
2022-09-02,-271.41508501334164,-457441.2450583301
2022-09-03,0.0,-457441.2450583301
2022-09-04,0.0,-457441.2450583301
2022-09-05,0.0,-457441.2450583301
2022-09-06,0.0,-457441.2450583301
2022-09-07,0.0,-457441.2450583301
2022-09-08,0.0,-457441.2450583301
2022-09-09,-271.27937747083496,-457712.52443580097
2022-09-10,0.0,-457712.52443580097
2022-09-11,0.0,-457712.52443580097
2022-09-12,0.0,-457712.52443580097
2022-09-13,0.0,-457712.52443580097
2022-09-14,0.0,-457712.52443580097
2022-09-15,0.0,-457712.52443580097
2022-09-16,-271.14373778209955,-457983.6681735831
2022-09-17,0.0,-457983.6681735831
2022-09-18,0.0,-457983.6681735831
2022-09-19,0.0,-457983.6681735831
2022-09-20,0.0,-457983.6681735831
2022-09-21,0.0,-457983.6681735831
2022-09-22,0.0,-457983.6681735831
2022-09-23,-271.0081659132085,-458254.6763394963
2022-09-24,0.0,-458254.6763394963
2022-09-25,0.0,-458254.6763394963
2022-09-26,0.0,-458254.6763394963
2022-09-27,0.0,-458254.6763394963
2022-09-28,0.0,-458254.6763394963
2022-09-29,0.0,-458254.6763394963
2022-09-30,-270.8726618302519,-458525.54900132655
2022-10-01,0.0,-458525.54900132655
2022-10-02,0.0,-458525.54900132655
2022-10-03,0.0,-458525.54900132655
2022-10-04,0.0,-458525.54900132655
2022-10-05,0.0,-458525.54900132655
2022-10-06,0.0,-458525.54900132655
2022-10-07,-270.7372254993368,-458796.2862268259
2022-10-08,0.0,-458796.2862268259
2022-10-09,0.0,-458796.2862268259
2022-10-10,0.0,-458796.2862268259
2022-10-11,0.0,-458796.2862268259
2022-10-12,0.0,-458796.2862268259
2022-10-13,0.0,-458796.2862268259
2022-10-14,-324.72222826390447,-459121.00845508976
2022-10-15,0.0,-459121.00845508976
2022-10-16,0.0,-459121.00845508976
2022-10-17,0.0,-459121.00845508976
2022-10-18,0.0,-459121.00845508976
2022-10-19,0.0,-459121.00845508976
2022-10-20,0.0,-459121.00845508976
2022-10-21,-270.43949577245513,-459391.44795086223
2022-10-22,0.0,-459391.44795086223
2022-10-23,0.0,-459391.44795086223
2022-10-24,0.0,-459391.44795086223
2022-10-25,0.0,-459391.44795086223
2022-10-26,0.0,-459391.44795086223
2022-10-27,0.0,-459391.44795086223
2022-10-28,-324.36513122948264,-459715.81308209174
2022-10-29,0.0,-459715.81308209174
2022-10-30,0.0,-459715.81308209174
2022-10-31,0.0,-459715.81308209174
2022-11-01,0.0,-459715.81308209174
2022-11-02,0.0,-459715.81308209174
2022-11-03,0.0,-459715.81308209174
2022-11-04,-270.14209345895415,-459985.95517555065
2022-11-05,0.0,-459985.95517555065
2022-11-06,0.0,-459985.95517555065
2022-11-07,0.0,-459985.95517555065
2022-11-08,0.0,-459985.95517555065
2022-11-09,0.0,-459985.95517555065
2022-11-10,0.0,-459985.95517555065
2022-11-11,-270.00702241222467,-460255.9621979629
2022-11-12,0.0,-460255.9621979629
2022-11-13,0.0,-460255.9621979629
2022-11-14,0.0,-460255.9621979629
2022-11-15,0.0,-460255.9621979629
2022-11-16,0.0,-460255.9621979629
2022-11-17,0.0,-460255.9621979629
2022-11-18,-269.8720189010186,-460525.83421686396
2022-11-19,0.0,-460525.83421686396
2022-11-20,0.0,-460525.83421686396
2022-11-21,0.0,-460525.83421686396
2022-11-22,0.0,-460525.83421686396
2022-11-23,0.0,-460525.83421686396
2022-11-24,0.0,-460525.83421686396
2022-11-25,-269.73708289156804,-460795.5712997555
2022-11-26,0.0,-460795.5712997555
2022-11-27,0.0,-460795.5712997555
2022-11-28,0.0,-460795.5712997555
2022-11-29,0.0,-460795.5712997555
2022-11-30,0.0,-460795.5712997555
2022-12-01,0.0,-460795.5712997555
2022-12-02,-323.52265722014675,-461119.0939569756
2022-12-03,0.0,-461119.0939569756
2022-12-04,0.0,-461119.0939569756
2022-12-05,0.0,-461119.0939569756
2022-12-06,0.0,-461119.0939569756
2022-12-07,0.0,-461119.0939569756
2022-12-08,0.0,-461119.0939569756
2022-12-09,-269.4404530215122,-461388.53440999717
2022-12-10,0.0,-461388.53440999717
2022-12-11,0.0,-461388.53440999717
2022-12-12,0.0,-461388.53440999717
2022-12-13,0.0,-461388.53440999717
2022-12-14,0.0,-461388.53440999717
2022-12-15,0.0,-461388.53440999717
2022-12-16,-269.3057327950014,-461657.8401427922
2022-12-17,0.0,-461657.8401427922
2022-12-18,0.0,-461657.8401427922
2022-12-19,0.0,-461657.8401427922
2022-12-20,0.0,-461657.8401427922
2022-12-21,0.0,-461657.8401427922
2022-12-22,0.0,-461657.8401427922
2022-12-23,-323.0052959143247,-461980.8454387066
2022-12-24,0.0,-461980.8454387066
2022-12-25,0.0,-461980.8454387066
2022-12-26,0.0,-461980.8454387066
2022-12-27,0.0,-461980.8454387066
2022-12-28,0.0,-461980.8454387066
2022-12-29,0.0,-461980.8454387066
2022-12-30,-322.8114927367761,-462303.6569314434
2022-12-31,0.0,-462303.6569314434
2023-01-01,0.0,-462303.6569314434
2023-01-02,0.0,-462303.6569314434
2023-01-03,0.0,-462303.6569314434
2023-01-04,0.0,-462303.6569314434
2023-01-05,0.0,-462303.6569314434
2023-01-06,-268.8481715342783,-462572.5051029776
2023-01-07,0.0,-462572.5051029776
2023-01-08,0.0,-462572.5051029776
2023-01-09,0.0,-462572.5051029776
2023-01-10,0.0,-462572.5051029776
2023-01-11,0.0,-462572.5051029776
2023-01-12,0.0,-462572.5051029776
2023-01-13,-268.7137474485112,-462841.21885042614
2023-01-14,0.0,-462841.21885042614
2023-01-15,0.0,-462841.21885042614
2023-01-16,0.0,-462841.21885042614
2023-01-17,0.0,-462841.21885042614
2023-01-18,0.0,-462841.21885042614
2023-01-19,0.0,-462841.21885042614
2023-01-20,-268.57939057478694,-463109.798241001
2023-01-21,0.0,-463109.798241001
2023-01-22,0.0,-463109.798241001
2023-01-23,0.0,-463109.798241001
2023-01-24,0.0,-463109.798241001
2023-01-25,0.0,-463109.798241001
2023-01-26,0.0,-463109.798241001
2023-01-27,-322.1341210553994,-463431.93236205634
2023-01-28,0.0,-463431.93236205634
2023-01-29,0.0,-463431.93236205634
2023-01-30,0.0,-463431.93236205634
2023-01-31,0.0,-463431.93236205634
2023-02-01,0.0,-463431.93236205634
2023-02-02,0.0,-463431.93236205634
2023-02-03,-268.28403381897186,-463700.2163958753
2023-02-04,0.0,-463700.2163958753
2023-02-05,0.0,-463700.2163958753
2023-02-06,0.0,-463700.2163958753
2023-02-07,0.0,-463700.2163958753
2023-02-08,0.0,-463700.2163958753
2023-02-09,0.0,-463700.2163958753
2023-02-10,-321.7798701624748,-464021.9962660378
2023-02-11,0.0,-464021.9962660378
2023-02-12,0.0,-464021.9962660378
2023-02-13,0.0,-464021.9962660378
2023-02-14,0.0,-464021.9962660378
2023-02-15,0.0,-464021.9962660378
2023-02-16,0.0,-464021.9962660378
2023-02-17,-321.5868022403773,-464343.58306827815
2023-02-18,0.0,-464343.58306827815
2023-02-19,0.0,-464343.58306827815
2023-02-20,0.0,-464343.58306827815
2023-02-21,0.0,-464343.58306827815
2023-02-22,0.0,-464343.58306827815
2023-02-23,0.0,-464343.58306827815
2023-02-24,-321.39385015903315,-464664.97691843717
2023-02-25,0.0,-464664.97691843717
2023-02-26,0.0,-464664.97691843717
2023-02-27,0.0,-464664.97691843717
2023-02-28,0.0,-464664.97691843717
2023-03-01,0.0,-464664.97691843717
2023-03-02,0.0,-464664.97691843717
2023-03-03,-321.2010138489377,-464986.17793228605
2023-03-04,0.0,-464986.17793228605
2023-03-05,0.0,-464986.17793228605
2023-03-06,0.0,-464986.17793228605
2023-03-07,0.0,-464986.17793228605
2023-03-08,0.0,-464986.17793228605
2023-03-09,0.0,-464986.17793228605
2023-03-10,-321.0082932406284,-465307.18622552673
2023-03-11,0.0,-465307.18622552673
2023-03-12,0.0,-465307.18622552673
2023-03-13,0.0,-465307.18622552673
2023-03-14,0.0,-465307.18622552673
2023-03-15,0.0,-465307.18622552673
2023-03-16,0.0,-465307.18622552673
2023-03-17,-320.815688264684,-465628.0019137914
2023-03-18,0.0,-465628.0019137914
2023-03-19,0.0,-465628.0019137914
2023-03-20,0.0,-465628.0019137914
2023-03-21,0.0,-465628.0019137914
2023-03-22,0.0,-465628.0019137914
2023-03-23,0.0,-465628.0019137914
2023-03-24,-320.6231988517252,-465948.6251126431
2023-03-25,0.0,-465948.6251126431
2023-03-26,0.0,-465948.6251126431
2023-03-27,0.0,-465948.6251126431
2023-03-28,0.0,-465948.6251126431
2023-03-29,0.0,-465948.6251126431
2023-03-30,0.0,-465948.6251126431
2023-03-31,-320.43082493241417,-466269.0559375755
2023-04-01,0.0,-466269.0559375755
2023-04-02,0.0,-466269.0559375755
2023-04-03,0.0,-466269.0559375755
2023-04-04,0.0,-466269.0559375755
2023-04-05,0.0,-466269.0559375755
2023-04-06,0.0,-466269.0559375755
2023-04-07,-320.2385664374547,-466589.294504013
2023-04-08,0.0,-466589.294504013
2023-04-09,0.0,-466589.294504013
2023-04-10,0.0,-466589.294504013
2023-04-11,0.0,-466589.294504013
2023-04-12,0.0,-466589.294504013
2023-04-13,0.0,-466589.294504013
2023-04-14,-266.7053527479935,-466855.9998567611
2023-04-15,0.0,-466855.9998567611
2023-04-16,0.0,-466855.9998567611
2023-04-17,0.0,-466855.9998567611
2023-04-18,0.0,-466855.9998567611
2023-04-19,0.0,-466855.9998567611
2023-04-20,0.0,-466855.9998567611
2023-04-21,-266.57200007161947,-467122.5718568327
2023-04-22,0.0,-467122.5718568327
2023-04-23,0.0,-467122.5718568327
2023-04-24,0.0,-467122.5718568327
2023-04-25,0.0,-467122.5718568327
2023-04-26,0.0,-467122.5718568327
2023-04-27,0.0,-467122.5718568327
2023-04-28,-266.43871407158366,-467389.01057090424
2023-04-29,0.0,-467389.01057090424
2023-04-30,0.0,-467389.01057090424
2023-05-01,0.0,-467389.01057090424
2023-05-02,0.0,-467389.01057090424
2023-05-03,0.0,-467389.01057090424
2023-05-04,0.0,-467389.01057090424
2023-05-05,-319.5665936574575,-467708.5771645617
2023-05-06,0.0,-467708.5771645617
2023-05-07,0.0,-467708.5771645617
2023-05-08,0.0,-467708.5771645617
2023-05-09,0.0,-467708.5771645617
2023-05-10,0.0,-467708.5771645617
2023-05-11,0.0,-467708.5771645617
2023-05-12,-319.37485370126296,-468027.95201826293
2023-05-13,0.0,-468027.95201826293
2023-05-14,0.0,-468027.95201826293
2023-05-15,0.0,-468027.95201826293
2023-05-16,0.0,-468027.95201826293
2023-05-17,0.0,-468027.95201826293
2023-05-18,0.0,-468027.95201826293
2023-05-19,-265.98602399086855,-468293.93804225384
2023-05-20,0.0,-468293.93804225384
2023-05-21,0.0,-468293.93804225384
2023-05-22,0.0,-468293.93804225384
2023-05-23,0.0,-468293.93804225384
2023-05-24,0.0,-468293.93804225384
2023-05-25,0.0,-468293.93804225384
2023-05-26,-265.8530309788731,-468559.79107323266
2023-05-27,0.0,-468559.79107323266
2023-05-28,0.0,-468559.79107323266
2023-05-29,0.0,-468559.79107323266
2023-05-30,0.0,-468559.79107323266
2023-05-31,0.0,-468559.79107323266
2023-06-01,0.0,-468559.79107323266
2023-06-02,-265.7201044633837,-468825.51117769605
2023-06-03,0.0,-468825.51117769605
2023-06-04,0.0,-468825.51117769605
2023-06-05,0.0,-468825.51117769605
2023-06-06,0.0,-468825.51117769605
2023-06-07,0.0,-468825.51117769605
2023-06-08,0.0,-468825.51117769605
2023-06-09,-265.58724441115197,-469091.09842210717
2023-06-10,0.0,-469091.09842210717
2023-06-11,0.0,-469091.09842210717
2023-06-12,0.0,-469091.09842210717
2023-06-13,0.0,-469091.09842210717
2023-06-14,0.0,-469091.09842210717
2023-06-15,0.0,-469091.09842210717
2023-06-16,-265.4544507889464,-469356.5528728961
2023-06-17,0.0,-469356.5528728961
2023-06-18,0.0,-469356.5528728961
2023-06-19,0.0,-469356.5528728961
2023-06-20,0.0,-469356.5528728961
2023-06-21,0.0,-469356.5528728961
2023-06-22,0.0,-469356.5528728961
2023-06-23,-265.321723563552,-469621.8745964597
2023-06-24,0.0,-469621.8745964597
2023-06-25,0.0,-469621.8745964597
2023-06-26,0.0,-469621.8745964597
2023-06-27,0.0,-469621.8745964597
2023-06-28,0.0,-469621.8745964597
2023-06-29,0.0,-469621.8745964597
2023-06-30,-265.1890627017702,-469887.06365916145
2023-07-01,0.0,-469887.06365916145
2023-07-02,0.0,-469887.06365916145
2023-07-03,0.0,-469887.06365916145
2023-07-04,0.0,-469887.06365916145
2023-07-05,0.0,-469887.06365916145
2023-07-06,0.0,-469887.06365916145
2023-07-07,-265.0564681704193,-470152.1201273318
2023-07-08,0.0,-470152.1201273318
2023-07-09,0.0,-470152.1201273318
2023-07-10,0.0,-470152.1201273318
2023-07-11,0.0,-470152.1201273318
2023-07-12,0.0,-470152.1201273318
2023-07-13,0.0,-470152.1201273318
2023-07-14,-264.9239399363341,-470417.04406726814
2023-07-15,0.0,-470417.04406726814
2023-07-16,0.0,-470417.04406726814
2023-07-17,0.0,-470417.04406726814
2023-07-18,0.0,-470417.04406726814
2023-07-19,0.0,-470417.04406726814
2023-07-20,0.0,-470417.04406726814
2023-07-21,-264.79147796636596,-470681.8355452345
2023-07-22,0.0,-470681.8355452345
2023-07-23,0.0,-470681.8355452345
2023-07-24,0.0,-470681.8355452345
2023-07-25,0.0,-470681.8355452345
2023-07-26,0.0,-470681.8355452345
2023-07-27,0.0,-470681.8355452345
2023-07-28,-264.6590822273828,-470946.4946274619
2023-07-29,0.0,-470946.4946274619
2023-07-30,0.0,-470946.4946274619
2023-07-31,0.0,-470946.4946274619
2023-08-01,0.0,-470946.4946274619
2023-08-02,0.0,-470946.4946274619
2023-08-03,0.0,-470946.4946274619
2023-08-04,-264.52675268626905,-471211.02138014813
2023-08-05,0.0,-471211.02138014813
2023-08-06,0.0,-471211.02138014813
2023-08-07,0.0,-471211.02138014813
2023-08-08,0.0,-471211.02138014813
2023-08-09,0.0,-471211.02138014813
2023-08-10,0.0,-471211.02138014813
2023-08-11,-264.394489309926,-471475.4158694581
2023-08-12,0.0,-471475.4158694581
2023-08-13,0.0,-471475.4158694581
2023-08-14,0.0,-471475.4158694581
2023-08-15,0.0,-471475.4158694581
2023-08-16,0.0,-471475.4158694581
2023-08-17,0.0,-471475.4158694581
2023-08-18,-264.26229206527097,-471739.6781615234
2023-08-19,0.0,-471739.6781615234
2023-08-20,0.0,-471739.6781615234
2023-08-21,0.0,-471739.6781615234
2023-08-22,0.0,-471739.6781615234
2023-08-23,0.0,-471739.6781615234
2023-08-24,0.0,-471739.6781615234
2023-08-25,-264.1301609192383,-472003.8083224427
2023-08-26,0.0,-472003.8083224427
2023-08-27,0.0,-472003.8083224427
2023-08-28,0.0,-472003.8083224427
2023-08-29,0.0,-472003.8083224427
2023-08-30,0.0,-472003.8083224427
2023-08-31,0.0,-472003.8083224427
2023-09-01,-263.9980958387787,-472267.8064182815
2023-09-02,0.0,-472267.8064182815
2023-09-03,0.0,-472267.8064182815
2023-09-04,0.0,-472267.8064182815
2023-09-05,0.0,-472267.8064182815
2023-09-06,0.0,-472267.8064182815
2023-09-07,0.0,-472267.8064182815
2023-09-08,-263.8660967908593,-472531.6725150724
2023-09-09,0.0,-472531.6725150724
2023-09-10,0.0,-472531.6725150724
2023-09-11,0.0,-472531.6725150724
2023-09-12,0.0,-472531.6725150724
2023-09-13,0.0,-472531.6725150724
2023-09-14,0.0,-472531.6725150724
2023-09-15,-316.48099649095656,-472848.1535115633
2023-09-16,0.0,-472848.1535115633
2023-09-17,0.0,-472848.1535115633
2023-09-18,0.0,-472848.1535115633
2023-09-19,0.0,-472848.1535115633
2023-09-20,0.0,-472848.1535115633
2023-09-21,0.0,-472848.1535115633
2023-09-22,-263.57592324421836,-473111.72943480755
2023-09-23,0.0,-473111.72943480755
2023-09-24,0.0,-473111.72943480755
2023-09-25,0.0,-473111.72943480755
2023-09-26,0.0,-473111.72943480755
2023-09-27,0.0,-473111.72943480755
2023-09-28,0.0,-473111.72943480755
2023-09-29,-263.4441352825963,-473375.1735700902
2023-09-30,0.0,-473375.1735700902
2023-10-01,0.0,-473375.1735700902
2023-10-02,0.0,-473375.1735700902
2023-10-03,0.0,-473375.1735700902
2023-10-04,0.0,-473375.1735700902
2023-10-05,0.0,-473375.1735700902
2023-10-06,-263.3124132149549,-473638.48598330515
2023-10-07,0.0,-473638.48598330515
2023-10-08,0.0,-473638.48598330515
2023-10-09,0.0,-473638.48598330515
2023-10-10,0.0,-473638.48598330515
2023-10-11,0.0,-473638.48598330515
2023-10-12,0.0,-473638.48598330515
2023-10-13,-263.1807570083474,-473901.6667403135
2023-10-14,0.0,-473901.6667403135
2023-10-15,0.0,-473901.6667403135
2023-10-16,0.0,-473901.6667403135
2023-10-17,0.0,-473901.6667403135
2023-10-18,0.0,-473901.6667403135
2023-10-19,0.0,-473901.6667403135
2023-10-20,-263.0491666298432,-474164.7159069433
2023-10-21,0.0,-474164.7159069433
2023-10-22,0.0,-474164.7159069433
2023-10-23,0.0,-474164.7159069433
2023-10-24,0.0,-474164.7159069433
2023-10-25,0.0,-474164.7159069433
2023-10-26,0.0,-474164.7159069433
2023-10-27,-262.91764204652833,-474427.6335489899
2023-10-28,0.0,-474427.6335489899
2023-10-29,0.0,-474427.6335489899
2023-10-30,0.0,-474427.6335489899
2023-10-31,0.0,-474427.6335489899
2023-11-01,0.0,-474427.6335489899
2023-11-02,0.0,-474427.6335489899
2023-11-03,-262.7861832255051,-474690.41973221535
2023-11-04,0.0,-474690.41973221535
2023-11-05,0.0,-474690.41973221535
2023-11-06,0.0,-474690.41973221535
2023-11-07,0.0,-474690.41973221535
2023-11-08,0.0,-474690.41973221535
2023-11-09,0.0,-474690.41973221535
2023-11-10,-262.65479013389233,-474953.0745223493
2023-11-11,0.0,-474953.0745223493
2023-11-12,0.0,-474953.0745223493
2023-11-13,0.0,-474953.0745223493
2023-11-14,0.0,-474953.0745223493
2023-11-15,0.0,-474953.0745223493
2023-11-16,0.0,-474953.0745223493
2023-11-17,-262.52346273882534,-475215.5979850881
2023-11-18,0.0,-475215.5979850881
2023-11-19,0.0,-475215.5979850881
2023-11-20,0.0,-475215.5979850881
2023-11-21,0.0,-475215.5979850881
2023-11-22,0.0,-475215.5979850881
2023-11-23,0.0,-475215.5979850881
2023-11-24,-262.392201007456,-475477.9901860956
2023-11-25,0.0,-475477.9901860956
2023-11-26,0.0,-475477.9901860956
2023-11-27,0.0,-475477.9901860956
2023-11-28,0.0,-475477.9901860956
2023-11-29,0.0,-475477.9901860956
2023-11-30,0.0,-475477.9901860956
2023-12-01,-262.2610049069522,-475740.25119100255
2023-12-02,0.0,-475740.25119100255
2023-12-03,0.0,-475740.25119100255
2023-12-04,0.0,-475740.25119100255
2023-12-05,0.0,-475740.25119100255
2023-12-06,0.0,-475740.25119100255
2023-12-07,0.0,-475740.25119100255
2023-12-08,-262.12987440449876,-476002.38106540707
2023-12-09,0.0,-476002.38106540707
2023-12-10,0.0,-476002.38106540707
2023-12-11,0.0,-476002.38106540707
2023-12-12,0.0,-476002.38106540707
2023-12-13,0.0,-476002.38106540707
2023-12-14,0.0,-476002.38106540707
2023-12-15,-261.9988094672965,-476264.3798748744
2023-12-16,0.0,-476264.3798748744
2023-12-17,0.0,-476264.3798748744
2023-12-18,0.0,-476264.3798748744
2023-12-19,0.0,-476264.3798748744
2023-12-20,0.0,-476264.3798748744
2023-12-21,0.0,-476264.3798748744
2023-12-22,-314.2413720750754,-476578.6212469494
2023-12-23,0.0,-476578.6212469494
2023-12-24,0.0,-476578.6212469494
2023-12-25,0.0,-476578.6212469494
2023-12-26,0.0,-476578.6212469494
2023-12-27,0.0,-476578.6212469494
2023-12-28,0.0,-476578.6212469494
2023-12-29,-261.7106893765253,-476840.33193632594
2023-12-30,0.0,-476840.33193632594
2023-12-31,0.0,-476840.33193632594
2024-01-01,0.0,-476840.33193632594
2024-01-02,0.0,-476840.33193632594
2024-01-03,0.0,-476840.33193632594
2024-01-04,0.0,-476840.33193632594
2024-01-05,-261.57983403183704,-477101.91177035775
2024-01-06,0.0,-477101.91177035775
2024-01-07,0.0,-477101.91177035775
2024-01-08,0.0,-477101.91177035775
2024-01-09,0.0,-477101.91177035775
2024-01-10,0.0,-477101.91177035775
2024-01-11,0.0,-477101.91177035775
2024-01-12,-261.44904411482116,-477363.36081447254
2024-01-13,0.0,-477363.36081447254
2024-01-14,0.0,-477363.36081447254
2024-01-15,0.0,-477363.36081447254
2024-01-16,0.0,-477363.36081447254
2024-01-17,0.0,-477363.36081447254
2024-01-18,0.0,-477363.36081447254
2024-01-19,-261.3183195927637,-477624.6791340653
2024-01-20,0.0,-477624.6791340653
2024-01-21,0.0,-477624.6791340653
2024-01-22,0.0,-477624.6791340653
2024-01-23,0.0,-477624.6791340653
2024-01-24,0.0,-477624.6791340653
2024-01-25,0.0,-477624.6791340653
2024-01-26,-313.4251925195608,-477938.10432658484
2024-01-27,0.0,-477938.10432658484
2024-01-28,0.0,-477938.10432658484
2024-01-29,0.0,-477938.10432658484
2024-01-30,0.0,-477938.10432658484
2024-01-31,0.0,-477938.10432658484
2024-02-01,0.0,-477938.10432658484
2024-02-02,-313.2371374040491,-478251.3414639889
2024-02-03,0.0,-478251.3414639889
2024-02-04,0.0,-478251.3414639889
2024-02-05,0.0,-478251.3414639889
2024-02-06,0.0,-478251.3414639889
2024-02-07,0.0,-478251.3414639889
2024-02-08,0.0,-478251.3414639889
2024-02-09,-260.87432926800557,-478512.2157932569
2024-02-10,0.0,-478512.2157932569
2024-02-11,0.0,-478512.2157932569
2024-02-12,0.0,-478512.2157932569
2024-02-13,0.0,-478512.2157932569
2024-02-14,0.0,-478512.2157932569
2024-02-15,0.0,-478512.2157932569
2024-02-16,-312.8926705240459,-478825.10846378095
2024-02-17,0.0,-478825.10846378095
2024-02-18,0.0,-478825.10846378095
2024-02-19,0.0,-478825.10846378095
2024-02-20,0.0,-478825.10846378095
2024-02-21,0.0,-478825.10846378095
2024-02-22,0.0,-478825.10846378095
2024-02-23,-260.58744576810955,-479085.6959095491
2024-02-24,0.0,-479085.6959095491
2024-02-25,0.0,-479085.6959095491
2024-02-26,0.0,-479085.6959095491
2024-02-27,0.0,-479085.6959095491
2024-02-28,0.0,-479085.6959095491
2024-02-29,0.0,-479085.6959095491
2024-03-01,-260.4571520452255,-479346.1530615943
2024-03-02,0.0,-479346.1530615943
2024-03-03,0.0,-479346.1530615943
2024-03-04,0.0,-479346.1530615943
2024-03-05,0.0,-479346.1530615943
2024-03-06,0.0,-479346.1530615943
2024-03-07,0.0,-479346.1530615943
2024-03-08,-260.3269234692029,-479606.4799850635
2024-03-09,0.0,-479606.4799850635
2024-03-10,0.0,-479606.4799850635
2024-03-11,0.0,-479606.4799850635
2024-03-12,0.0,-479606.4799850635
2024-03-13,0.0,-479606.4799850635
2024-03-14,0.0,-479606.4799850635
2024-03-15,-312.2361120089619,-479918.71609707247
2024-03-16,0.0,-479918.71609707247
2024-03-17,0.0,-479918.71609707247
2024-03-18,0.0,-479918.71609707247
2024-03-19,0.0,-479918.71609707247
2024-03-20,0.0,-479918.71609707247
2024-03-21,0.0,-479918.71609707247
2024-03-22,-260.0406419514638,-480178.75673902396
2024-03-23,0.0,-480178.75673902396
2024-03-24,0.0,-480178.75673902396
2024-03-25,0.0,-480178.75673902396
2024-03-26,0.0,-480178.75673902396
2024-03-27,0.0,-480178.75673902396
2024-03-28,0.0,-480178.75673902396
2024-03-29,-259.91062163048804,-480438.66736065445
2024-03-30,0.0,-480438.66736065445
2024-03-31,0.0,-480438.66736065445
2024-04-01,0.0,-480438.66736065445
2024-04-02,0.0,-480438.66736065445
2024-04-03,0.0,-480438.66736065445
2024-04-04,0.0,-480438.66736065445
2024-04-05,-259.7806663196728,-480698.4480269741
2024-04-06,0.0,-480698.4480269741
2024-04-07,0.0,-480698.4480269741
2024-04-08,0.0,-480698.4480269741
2024-04-09,0.0,-480698.4480269741
2024-04-10,0.0,-480698.4480269741
2024-04-11,0.0,-480698.4480269741
2024-04-12,-259.65077598651294,-480958.0988029606
2024-04-13,0.0,-480958.0988029606
2024-04-14,0.0,-480958.0988029606
2024-04-15,0.0,-480958.0988029606
2024-04-16,0.0,-480958.0988029606
2024-04-17,0.0,-480958.0988029606
2024-04-18,0.0,-480958.0988029606
2024-04-19,-311.42514071822364,-481269.5239436788
2024-04-20,0.0,-481269.5239436788
2024-04-21,0.0,-481269.5239436788
2024-04-22,0.0,-481269.5239436788
2024-04-23,0.0,-481269.5239436788
2024-04-24,0.0,-481269.5239436788
2024-04-25,0.0,-481269.5239436788
2024-04-26,-311.2382856337927,-481580.7622293126
2024-04-27,0.0,-481580.7622293126
2024-04-28,0.0,-481580.7622293126
2024-04-29,0.0,-481580.7622293126
2024-04-30,0.0,-481580.7622293126
2024-05-01,0.0,-481580.7622293126
2024-05-02,0.0,-481580.7622293126
2024-05-03,-259.20961888534373,-481839.971848198
2024-05-04,0.0,-481839.971848198
2024-05-05,0.0,-481839.971848198
2024-05-06,0.0,-481839.971848198
2024-05-07,0.0,-481839.971848198
2024-05-08,0.0,-481839.971848198
2024-05-09,0.0,-481839.971848198
2024-05-10,-259.08001407590103,-482099.0518622739
2024-05-11,0.0,-482099.0518622739
2024-05-12,0.0,-482099.0518622739
2024-05-13,0.0,-482099.0518622739
2024-05-14,0.0,-482099.0518622739
2024-05-15,0.0,-482099.0518622739
2024-05-16,0.0,-482099.0518622739
2024-05-17,-258.95047406886306,-482358.00233634276
2024-05-18,0.0,-482358.00233634276
2024-05-19,0.0,-482358.00233634276
2024-05-20,0.0,-482358.00233634276
2024-05-21,0.0,-482358.00233634276
2024-05-22,0.0,-482358.00233634276
2024-05-23,0.0,-482358.00233634276
2024-05-24,-258.8209988318286,-482616.8233351746
2024-05-25,0.0,-482616.8233351746
2024-05-26,0.0,-482616.8233351746
2024-05-27,0.0,-482616.8233351746
2024-05-28,0.0,-482616.8233351746
2024-05-29,0.0,-482616.8233351746
2024-05-30,0.0,-482616.8233351746
2024-05-31,-258.6915883324127,-482875.514923507
2024-06-01,0.0,-482875.514923507
2024-06-02,0.0,-482875.514923507
2024-06-03,0.0,-482875.514923507
2024-06-04,0.0,-482875.514923507
2024-06-05,0.0,-482875.514923507
2024-06-06,0.0,-482875.514923507
2024-06-07,-258.5622425382465,-483134.07716604526
2024-06-08,0.0,-483134.07716604526
2024-06-09,0.0,-483134.07716604526
2024-06-10,0.0,-483134.07716604526
2024-06-11,0.0,-483134.07716604526
2024-06-12,0.0,-483134.07716604526
2024-06-13,0.0,-483134.07716604526
2024-06-14,-258.4329614169774,-483392.5101274622
2024-06-15,0.0,-483392.5101274622
2024-06-16,0.0,-483392.5101274622
2024-06-17,0.0,-483392.5101274622
2024-06-18,0.0,-483392.5101274622
2024-06-19,0.0,-483392.5101274622
2024-06-20,0.0,-483392.5101274622
2024-06-21,-258.3037449362689,-483650.81387239846
2024-06-22,0.0,-483650.81387239846
2024-06-23,0.0,-483650.81387239846
2024-06-24,0.0,-483650.81387239846
2024-06-25,0.0,-483650.81387239846
2024-06-26,0.0,-483650.81387239846
2024-06-27,0.0,-483650.81387239846
2024-06-28,-258.1745930638008,-483908.9884654623
2024-06-29,0.0,-483908.9884654623
2024-06-30,0.0,-483908.9884654623
2024-07-01,0.0,-483908.9884654623
2024-07-02,0.0,-483908.9884654623
2024-07-03,0.0,-483908.9884654623
2024-07-04,0.0,-483908.9884654623
2024-07-05,-258.0455057672689,-484167.03397122957
2024-07-06,0.0,-484167.03397122957
2024-07-07,0.0,-484167.03397122957
2024-07-08,0.0,-484167.03397122957
2024-07-09,0.0,-484167.03397122957
2024-07-10,0.0,-484167.03397122957
2024-07-11,0.0,-484167.03397122957
2024-07-12,-257.9164830143852,-484424.9504542439
2024-07-13,0.0,-484424.9504542439
2024-07-14,0.0,-484424.9504542439
2024-07-15,0.0,-484424.9504542439
2024-07-16,0.0,-484424.9504542439
2024-07-17,0.0,-484424.9504542439
2024-07-18,0.0,-484424.9504542439
2024-07-19,-257.78752477287804,-484682.7379790168
2024-07-20,0.0,-484682.7379790168
2024-07-21,0.0,-484682.7379790168
2024-07-22,0.0,-484682.7379790168
2024-07-23,0.0,-484682.7379790168
2024-07-24,0.0,-484682.7379790168
2024-07-25,0.0,-484682.7379790168
2024-07-26,-257.6586310104916,-484940.3966100273
2024-07-27,0.0,-484940.3966100273
2024-07-28,0.0,-484940.3966100273
2024-07-29,0.0,-484940.3966100273
2024-07-30,0.0,-484940.3966100273
2024-07-31,0.0,-484940.3966100273
2024-08-01,0.0,-484940.3966100273
2024-08-02,-257.52980169498636,-485197.92641172226
2024-08-03,0.0,-485197.92641172226
2024-08-04,0.0,-485197.92641172226
2024-08-05,0.0,-485197.92641172226
2024-08-06,0.0,-485197.92641172226
2024-08-07,0.0,-485197.92641172226
2024-08-08,0.0,-485197.92641172226
2024-08-09,-257.4010367941389,-485455.3274485164
2024-08-10,0.0,-485455.3274485164
2024-08-11,0.0,-485455.3274485164
2024-08-12,0.0,-485455.3274485164
2024-08-13,0.0,-485455.3274485164
2024-08-14,0.0,-485455.3274485164
2024-08-15,0.0,-485455.3274485164
2024-08-16,-257.27233627574185,-485712.5997847921
2024-08-17,0.0,-485712.5997847921
2024-08-18,0.0,-485712.5997847921
2024-08-19,0.0,-485712.5997847921
2024-08-20,0.0,-485712.5997847921
2024-08-21,0.0,-485712.5997847921
2024-08-22,0.0,-485712.5997847921
2024-08-23,-257.14370010760393,-485969.7434848997
2024-08-24,0.0,-485969.7434848997
2024-08-25,0.0,-485969.7434848997
2024-08-26,0.0,-485969.7434848997
2024-08-27,0.0,-485969.7434848997
2024-08-28,0.0,-485969.7434848997
2024-08-29,0.0,-485969.7434848997
2024-08-30,-257.01512825755015,-486226.75861315726
2024-08-31,0.0,-486226.75861315726
2024-09-01,0.0,-486226.75861315726
2024-09-02,0.0,-486226.75861315726
2024-09-03,0.0,-486226.75861315726
2024-09-04,0.0,-486226.75861315726
2024-09-05,0.0,-486226.75861315726
2024-09-06,-256.8866206934214,-486483.6452338507
2024-09-07,0.0,-486483.6452338507
2024-09-08,0.0,-486483.6452338507
2024-09-09,0.0,-486483.6452338507
2024-09-10,0.0,-486483.6452338507
2024-09-11,0.0,-486483.6452338507
2024-09-12,0.0,-486483.6452338507
2024-09-13,-308.10981285968955,-486791.7550467104
2024-09-14,0.0,-486791.7550467104
2024-09-15,0.0,-486791.7550467104
2024-09-16,0.0,-486791.7550467104
2024-09-17,0.0,-486791.7550467104
2024-09-18,0.0,-486791.7550467104
2024-09-19,0.0,-486791.7550467104
2024-09-20,-256.6041224766449,-487048.359169187
2024-09-21,0.0,-487048.359169187
2024-09-22,0.0,-487048.359169187
2024-09-23,0.0,-487048.359169187
2024-09-24,0.0,-487048.359169187
2024-09-25,0.0,-487048.359169187
2024-09-26,0.0,-487048.359169187
2024-09-27,-256.4758204154065,-487304.83498960244
2024-09-28,0.0,-487304.83498960244
2024-09-29,0.0,-487304.83498960244
2024-09-30,0.0,-487304.83498960244
2024-10-01,0.0,-487304.83498960244
2024-10-02,0.0,-487304.83498960244
2024-10-03,0.0,-487304.83498960244
2024-10-04,-256.34758250519883,-487561.18257210765
2024-10-05,0.0,-487561.18257210765
2024-10-06,0.0,-487561.18257210765
2024-10-07,0.0,-487561.18257210765
2024-10-08,0.0,-487561.18257210765
2024-10-09,0.0,-487561.18257210765
2024-10-10,0.0,-487561.18257210765
2024-10-11,-256.21940871394617,-487817.40198082157
2024-10-12,0.0,-487817.40198082157
2024-10-13,0.0,-487817.40198082157
2024-10-14,0.0,-487817.40198082157
2024-10-15,0.0,-487817.40198082157
2024-10-16,0.0,-487817.40198082157
2024-10-17,0.0,-487817.40198082157
2024-10-18,-256.09129900958925,-488073.49327983113
2024-10-19,0.0,-488073.49327983113
2024-10-20,0.0,-488073.49327983113
2024-10-21,0.0,-488073.49327983113
2024-10-22,0.0,-488073.49327983113
2024-10-23,0.0,-488073.49327983113
2024-10-24,0.0,-488073.49327983113
2024-10-25,-255.96325336008445,-488329.4565331912
2024-10-26,0.0,-488329.4565331912
2024-10-27,0.0,-488329.4565331912
2024-10-28,0.0,-488329.4565331912
2024-10-29,0.0,-488329.4565331912
2024-10-30,0.0,-488329.4565331912
2024-10-31,0.0,-488329.4565331912
2024-11-01,-255.83527173340443,-488585.2918049246
2024-11-02,0.0,-488585.2918049246
2024-11-03,0.0,-488585.2918049246
2024-11-04,0.0,-488585.2918049246
2024-11-05,0.0,-488585.2918049246
2024-11-06,0.0,-488585.2918049246
2024-11-07,0.0,-488585.2918049246
2024-11-08,-255.70735409753772,-488840.9991590221
2024-11-09,0.0,-488840.9991590221
2024-11-10,0.0,-488840.9991590221
2024-11-11,0.0,-488840.9991590221
2024-11-12,0.0,-488840.9991590221
2024-11-13,0.0,-488840.9991590221
2024-11-14,0.0,-488840.9991590221
2024-11-15,-255.57950042048896,-489096.5786594426
2024-11-16,0.0,-489096.5786594426
2024-11-17,0.0,-489096.5786594426
2024-11-18,0.0,-489096.5786594426
2024-11-19,0.0,-489096.5786594426
2024-11-20,0.0,-489096.5786594426
2024-11-21,0.0,-489096.5786594426
2024-11-22,-255.45171067027871,-489352.03037011286
2024-11-23,0.0,-489352.03037011286
2024-11-24,0.0,-489352.03037011286
2024-11-25,0.0,-489352.03037011286
2024-11-26,0.0,-489352.03037011286
2024-11-27,0.0,-489352.03037011286
2024-11-28,0.0,-489352.03037011286
2024-11-29,-255.32398481494357,-489607.3543549278
2024-11-30,0.0,-489607.3543549278
2024-12-01,0.0,-489607.3543549278
2024-12-02,0.0,-489607.3543549278
2024-12-03,0.0,-489607.3543549278
2024-12-04,0.0,-489607.3543549278
2024-12-05,0.0,-489607.3543549278
2024-12-06,-255.19632282253613,-489862.5506777503
2024-12-07,0.0,-489862.5506777503
2024-12-08,0.0,-489862.5506777503
2024-12-09,0.0,-489862.5506777503
2024-12-10,0.0,-489862.5506777503
2024-12-11,0.0,-489862.5506777503
2024-12-12,0.0,-489862.5506777503
2024-12-13,-255.0687246611249,-490117.61940241145
2024-12-14,0.0,-490117.61940241145
2024-12-15,0.0,-490117.61940241145
2024-12-16,0.0,-490117.61940241145
2024-12-17,0.0,-490117.61940241145
2024-12-18,0.0,-490117.61940241145
2024-12-19,0.0,-490117.61940241145
2024-12-20,-254.94119029879428,-490372.5605927103
2024-12-21,0.0,-490372.5605927103
2024-12-22,0.0,-490372.5605927103
2024-12-23,0.0,-490372.5605927103
2024-12-24,0.0,-490372.5605927103
2024-12-25,0.0,-490372.5605927103
2024-12-26,0.0,-490372.5605927103
2024-12-27,-254.8137197036449,-490627.3743124139
2024-12-28,0.0,-490627.3743124139
2024-12-29,0.0,-490627.3743124139
2024-12-30,0.0,-490627.3743124139
2024-12-31,0.0,-490627.3743124139
2025-01-01,0.0,-490627.3743124139
2025-01-02,0.0,-490627.3743124139
2025-01-03,-254.68631284379308,-490882.0606252577
2025-01-04,0.0,-490882.0606252577
2025-01-05,0.0,-490882.0606252577
2025-01-06,0.0,-490882.0606252577
2025-01-07,0.0,-490882.0606252577
2025-01-08,0.0,-490882.0606252577
2025-01-09,0.0,-490882.0606252577
2025-01-10,-254.55896968737113,-491136.6195949451
2025-01-11,0.0,-491136.6195949451
2025-01-12,0.0,-491136.6195949451
2025-01-13,0.0,-491136.6195949451
2025-01-14,0.0,-491136.6195949451
2025-01-15,0.0,-491136.6195949451
2025-01-16,0.0,-491136.6195949451
2025-01-17,-305.3180282430329,-491441.93762318813
2025-01-18,0.0,-491441.93762318813
2025-01-19,0.0,-491441.93762318813
2025-01-20,0.0,-491441.93762318813
2025-01-21,0.0,-491441.93762318813
2025-01-22,0.0,-491441.93762318813
2025-01-23,0.0,-491441.93762318813
2025-01-24,-305.13483742608713,-491747.0724606142
2025-01-25,0.0,-491747.0724606142
2025-01-26,0.0,-491747.0724606142
2025-01-27,0.0,-491747.0724606142
2025-01-28,0.0,-491747.0724606142
2025-01-29,0.0,-491747.0724606142
2025-01-30,0.0,-491747.0724606142
2025-01-31,-254.12646376969295,-492001.1989243839
2025-02-01,0.0,-492001.1989243839
2025-02-02,0.0,-492001.1989243839
2025-02-03,0.0,-492001.1989243839
2025-02-04,0.0,-492001.1989243839
2025-02-05,0.0,-492001.1989243839
2025-02-06,0.0,-492001.1989243839
2025-02-07,-253.99940053780807,-492255.1983249217
2025-02-08,0.0,-492255.1983249217
2025-02-09,0.0,-492255.1983249217
2025-02-10,0.0,-492255.1983249217
2025-02-11,0.0,-492255.1983249217
2025-02-12,0.0,-492255.1983249217
2025-02-13,0.0,-492255.1983249217
2025-02-14,-304.646881005047,-492559.84520592674
2025-02-15,0.0,-492559.84520592674
2025-02-16,0.0,-492559.84520592674
2025-02-17,0.0,-492559.84520592674
2025-02-18,0.0,-492559.84520592674
2025-02-19,0.0,-492559.84520592674
2025-02-20,0.0,-492559.84520592674
2025-02-21,-304.464092876444,-492864.3092988032
2025-02-22,0.0,-492864.3092988032
2025-02-23,0.0,-492864.3092988032
2025-02-24,0.0,-492864.3092988032
2025-02-25,0.0,-492864.3092988032
2025-02-26,0.0,-492864.3092988032
2025-02-27,0.0,-492864.3092988032
2025-02-28,-253.56784535059842,-493117.8771441538
2025-03-01,0.0,-493117.8771441538
2025-03-02,0.0,-493117.8771441538
2025-03-03,0.0,-493117.8771441538
2025-03-04,0.0,-493117.8771441538
2025-03-05,0.0,-493117.8771441538
2025-03-06,0.0,-493117.8771441538
2025-03-07,-253.44106142792313,-493371.31820558175
2025-03-08,0.0,-493371.31820558175
2025-03-09,0.0,-493371.31820558175
2025-03-10,0.0,-493371.31820558175
2025-03-11,0.0,-493371.31820558175
2025-03-12,0.0,-493371.31820558175
2025-03-13,0.0,-493371.31820558175
2025-03-14,-253.31434089720915,-493624.63254647894
2025-03-15,0.0,-493624.63254647894
2025-03-16,0.0,-493624.63254647894
2025-03-17,0.0,-493624.63254647894
2025-03-18,0.0,-493624.63254647894
2025-03-19,0.0,-493624.63254647894
2025-03-20,0.0,-493624.63254647894
2025-03-21,-303.8252204721126,-493928.45776695106
2025-03-22,0.0,-493928.45776695106
2025-03-23,0.0,-493928.45776695106
2025-03-24,0.0,-493928.45776695106
2025-03-25,0.0,-493928.45776695106
2025-03-26,0.0,-493928.45776695106
2025-03-27,0.0,-493928.45776695106
2025-03-28,-253.0357711165245,-494181.49353806756
2025-03-29,0.0,-494181.49353806756
2025-03-30,0.0,-494181.49353806756
2025-03-31,0.0,-494181.49353806756
2025-04-01,0.0,-494181.49353806756
2025-04-02,0.0,-494181.49353806756
2025-04-03,0.0,-494181.49353806756
2025-04-04,-252.90925323096624,-494434.4027912985
2025-04-05,0.0,-494434.4027912985
2025-04-06,0.0,-494434.4027912985
2025-04-07,0.0,-494434.4027912985
2025-04-08,0.0,-494434.4027912985
2025-04-09,0.0,-494434.4027912985
2025-04-10,0.0,-494434.4027912985
2025-04-11,-252.78279860435077,-494687.18558990286
2025-04-12,0.0,-494687.18558990286
2025-04-13,0.0,-494687.18558990286
2025-04-14,0.0,-494687.18558990286
2025-04-15,0.0,-494687.18558990286
2025-04-16,0.0,-494687.18558990286
2025-04-17,0.0,-494687.18558990286
2025-04-18,-252.6564072050486,-494939.8419971079
2025-04-19,0.0,-494939.8419971079
2025-04-20,0.0,-494939.8419971079
2025-04-21,0.0,-494939.8419971079
2025-04-22,0.0,-494939.8419971079
2025-04-23,0.0,-494939.8419971079
2025-04-24,0.0,-494939.8419971079
2025-04-25,-252.53007900144607,-495192.37207610934
2025-04-26,0.0,-495192.37207610934
2025-04-27,0.0,-495192.37207610934
2025-04-28,0.0,-495192.37207610934
2025-04-29,0.0,-495192.37207610934
2025-04-30,0.0,-495192.37207610934
2025-05-01,0.0,-495192.37207610934
2025-05-02,-252.40381396194536,-495444.7758900713
2025-05-03,0.0,-495444.7758900713
2025-05-04,0.0,-495444.7758900713
2025-05-05,0.0,-495444.7758900713
2025-05-06,0.0,-495444.7758900713
2025-05-07,0.0,-495444.7758900713
2025-05-08,0.0,-495444.7758900713
2025-05-09,-252.27761205496438,-495697.05350212625
2025-05-10,0.0,-495697.05350212625
2025-05-11,0.0,-495697.05350212625
2025-05-12,0.0,-495697.05350212625
2025-05-13,0.0,-495697.05350212625
2025-05-14,0.0,-495697.05350212625
2025-05-15,0.0,-495697.05350212625
2025-05-16,-252.1514732489369,-495949.2049753752
2025-05-17,0.0,-495949.2049753752
2025-05-18,0.0,-495949.2049753752
2025-05-19,0.0,-495949.2049753752
2025-05-20,0.0,-495949.2049753752
2025-05-21,0.0,-495949.2049753752
2025-05-22,0.0,-495949.2049753752
2025-05-23,-252.02539751231242,-496201.2303728875
2025-05-24,0.0,-496201.2303728875
2025-05-25,0.0,-496201.2303728875
2025-05-26,0.0,-496201.2303728875
2025-05-27,0.0,-496201.2303728875
2025-05-28,0.0,-496201.2303728875
2025-05-29,0.0,-496201.2303728875
2025-05-30,-251.89938481355625,-496453.12975770107
2025-05-31,0.0,-496453.12975770107
2025-06-01,0.0,-496453.12975770107
2025-06-02,0.0,-496453.12975770107
2025-06-03,0.0,-496453.12975770107
2025-06-04,0.0,-496453.12975770107
2025-06-05,0.0,-496453.12975770107
2025-06-06,-251.7734351211495,-496704.90319282224
2025-06-07,0.0,-496704.90319282224
2025-06-08,0.0,-496704.90319282224
2025-06-09,0.0,-496704.90319282224
2025-06-10,0.0,-496704.90319282224
2025-06-11,0.0,-496704.90319282224
2025-06-12,0.0,-496704.90319282224
2025-06-13,-251.6475484035889,-496956.55074122583
2025-06-14,0.0,-496956.55074122583
2025-06-15,0.0,-496956.55074122583
2025-06-16,0.0,-496956.55074122583
2025-06-17,0.0,-496956.55074122583
2025-06-18,0.0,-496956.55074122583
2025-06-19,0.0,-496956.55074122583
2025-06-20,-251.5217246293871,-497208.0724658552
2025-06-21,0.0,-497208.0724658552
2025-06-22,0.0,-497208.0724658552
2025-06-23,0.0,-497208.0724658552
2025-06-24,0.0,-497208.0724658552
2025-06-25,0.0,-497208.0724658552
2025-06-26,0.0,-497208.0724658552
2025-06-27,-251.3959637670724,-497459.4684296223
2025-06-28,0.0,-497459.4684296223
2025-06-29,0.0,-497459.4684296223
2025-06-30,0.0,-497459.4684296223
2025-07-01,0.0,-497459.4684296223
2025-07-02,0.0,-497459.4684296223
2025-07-03,0.0,-497459.4684296223
2025-07-04,-251.27026578518885,-497710.73869540746
2025-07-05,0.0,-497710.73869540746
2025-07-06,0.0,-497710.73869540746
2025-07-07,0.0,-497710.73869540746
2025-07-08,0.0,-497710.73869540746
2025-07-09,0.0,-497710.73869540746
2025-07-10,0.0,-497710.73869540746
2025-07-11,-251.14463065229629,-497961.88332605973
2025-07-12,0.0,-497961.88332605973
2025-07-13,0.0,-497961.88332605973
2025-07-14,0.0,-497961.88332605973
2025-07-15,0.0,-497961.88332605973
2025-07-16,0.0,-497961.88332605973
2025-07-17,0.0,-497961.88332605973
2025-07-18,-251.01905833697018,-498212.9023843967
2025-07-19,0.0,-498212.9023843967
2025-07-20,0.0,-498212.9023843967
2025-07-21,0.0,-498212.9023843967
2025-07-22,0.0,-498212.9023843967
2025-07-23,0.0,-498212.9023843967
2025-07-24,0.0,-498212.9023843967
2025-07-25,-250.89354880780166,-498463.7959332045
2025-07-26,0.0,-498463.7959332045
2025-07-27,0.0,-498463.7959332045
2025-07-28,0.0,-498463.7959332045
2025-07-29,0.0,-498463.7959332045
2025-07-30,0.0,-498463.7959332045
2025-07-31,0.0,-498463.7959332045
2025-08-01,-250.76810203339775,-498714.56403523794
2025-08-02,0.0,-498714.56403523794
2025-08-03,0.0,-498714.56403523794
2025-08-04,0.0,-498714.56403523794
2025-08-05,0.0,-498714.56403523794
2025-08-06,0.0,-498714.56403523794
2025-08-07,0.0,-498714.56403523794
2025-08-08,-250.64271798238104,-498965.20675322035
2025-08-09,0.0,-498965.20675322035
2025-08-10,0.0,-498965.20675322035
2025-08-11,0.0,-498965.20675322035
2025-08-12,0.0,-498965.20675322035
2025-08-13,0.0,-498965.20675322035
2025-08-14,0.0,-498965.20675322035
2025-08-15,-250.51739662338983,-499215.72414984374
2025-08-16,0.0,-499215.72414984374
2025-08-17,0.0,-499215.72414984374
2025-08-18,0.0,-499215.72414984374
2025-08-19,0.0,-499215.72414984374
2025-08-20,0.0,-499215.72414984374
2025-08-21,0.0,-499215.72414984374
2025-08-22,-250.39213792507815,-499466.1162877688
2025-08-23,0.0,-499466.1162877688
2025-08-24,0.0,-499466.1162877688
2025-08-25,0.0,-499466.1162877688
2025-08-26,0.0,-499466.1162877688
2025-08-27,0.0,-499466.1162877688
2025-08-28,0.0,-499466.1162877688
2025-08-29,-250.2669418561156,-499716.38322962495
2025-08-30,0.0,-499716.38322962495
2025-08-31,0.0,-499716.38322962495
2025-09-01,0.0,-499716.38322962495
2025-09-02,0.0,-499716.38322962495
2025-09-03,0.0,-499716.38322962495
2025-09-04,0.0,-499716.38322962495
2025-09-05,-250.14180838518755,-499966.52503801015
2025-09-06,0.0,-499966.52503801015
2025-09-07,0.0,-499966.52503801015
2025-09-08,0.0,-499966.52503801015
2025-09-09,0.0,-499966.52503801015
2025-09-10,0.0,-499966.52503801015
2025-09-11,0.0,-499966.52503801015
2025-09-12,-250.01673748099492,-500216.54177549115
2025-09-13,0.0,-500216.54177549115
2025-09-14,0.0,-500216.54177549115
2025-09-15,0.0,-500216.54177549115
2025-09-16,0.0,-500216.54177549115
2025-09-17,0.0,-500216.54177549115
2025-09-18,0.0,-500216.54177549115
2025-09-19,-249.89172911225444,-500466.4335046034
2025-09-20,0.0,-500466.4335046034
2025-09-21,0.0,-500466.4335046034
2025-09-22,0.0,-500466.4335046034
2025-09-23,0.0,-500466.4335046034
2025-09-24,0.0,-500466.4335046034
2025-09-25,0.0,-500466.4335046034
2025-09-26,-249.76678324769833,-500716.2002878511
2025-09-27,0.0,-500716.2002878511
2025-09-28,0.0,-500716.2002878511
2025-09-29,0.0,-500716.2002878511
2025-09-30,0.0,-500716.2002878511
2025-10-01,0.0,-500716.2002878511
2025-10-02,0.0,-500716.2002878511
2025-10-03,-249.64189985607445,-500965.8421877072
2025-10-04,0.0,-500965.8421877072
2025-10-05,0.0,-500965.8421877072
2025-10-06,0.0,-500965.8421877072
2025-10-07,0.0,-500965.8421877072
2025-10-08,0.0,-500965.8421877072
2025-10-09,0.0,-500965.8421877072
2025-10-10,-249.51707890614642,-501215.3592666133
2025-10-11,0.0,-501215.3592666133
2025-10-12,0.0,-501215.3592666133
2025-10-13,0.0,-501215.3592666133
2025-10-14,0.0,-501215.3592666133
2025-10-15,0.0,-501215.3592666133
2025-10-16,0.0,-501215.3592666133
2025-10-17,-249.39232036669335,-501464.75158698
2025-10-18,0.0,-501464.75158698
2025-10-19,0.0,-501464.75158698
2025-10-20,0.0,-501464.75158698
2025-10-21,0.0,-501464.75158698
2025-10-22,0.0,-501464.75158698
2025-10-23,0.0,-501464.75158698
2025-10-24,-249.26762420651002,-501714.0192111865
2025-10-25,0.0,-501714.0192111865
2025-10-26,0.0,-501714.0192111865
2025-10-27,0.0,-501714.0192111865
2025-10-28,0.0,-501714.0192111865
2025-10-29,0.0,-501714.0192111865
2025-10-30,0.0,-501714.0192111865
2025-10-31,-298.97158847328814,-502012.9907996598
2025-11-01,0.0,-502012.9907996598
2025-11-02,0.0,-502012.9907996598
2025-11-03,0.0,-502012.9907996598
2025-11-04,0.0,-502012.9907996598
2025-11-05,0.0,-502012.9907996598
2025-11-06,0.0,-502012.9907996598
2025-11-07,-248.99350460017013,-502261.98430426
2025-11-08,0.0,-502261.98430426
2025-11-09,0.0,-502261.98430426
2025-11-10,0.0,-502261.98430426
2025-11-11,0.0,-502261.98430426
2025-11-12,0.0,-502261.98430426
2025-11-13,0.0,-502261.98430426
2025-11-14,-248.86900784787002,-502510.85331210785
2025-11-15,0.0,-502510.85331210785
2025-11-16,0.0,-502510.85331210785
2025-11-17,0.0,-502510.85331210785
2025-11-18,0.0,-502510.85331210785
2025-11-19,0.0,-502510.85331210785
2025-11-20,0.0,-502510.85331210785
2025-11-21,-248.74457334394612,-502759.5978854518
2025-11-22,0.0,-502759.5978854518
2025-11-23,0.0,-502759.5978854518
2025-11-24,0.0,-502759.5978854518
2025-11-25,0.0,-502759.5978854518
2025-11-26,0.0,-502759.5978854518
2025-11-27,0.0,-502759.5978854518
2025-11-28,-298.3442412687289,-503057.9421267205
2025-11-29,0.0,-503057.9421267205
2025-11-30,0.0,-503057.9421267205
2025-12-01,0.0,-503057.9421267205
2025-12-02,0.0,-503057.9421267205
2025-12-03,0.0,-503057.9421267205
2025-12-04,0.0,-503057.9421267205
2025-12-05,-298.1652347239677,-503356.10736144445
2025-12-06,0.0,-503356.10736144445
2025-12-07,0.0,-503356.10736144445
2025-12-08,0.0,-503356.10736144445
2025-12-09,0.0,-503356.10736144445
2025-12-10,0.0,-503356.10736144445
2025-12-11,0.0,-503356.10736144445
2025-12-12,-248.32194631927777,-503604.4293077637
2025-12-13,0.0,-503604.4293077637
2025-12-14,0.0,-503604.4293077637
2025-12-15,0.0,-503604.4293077637
2025-12-16,0.0,-503604.4293077637
2025-12-17,0.0,-503604.4293077637
2025-12-18,0.0,-503604.4293077637
2025-12-19,-248.1977853461182,-503852.6270931098
2025-12-20,0.0,-503852.6270931098
2025-12-21,0.0,-503852.6270931098
2025-12-22,0.0,-503852.6270931098
2025-12-23,0.0,-503852.6270931098
2025-12-24,0.0,-503852.6270931098
2025-12-25,0.0,-503852.6270931098
2025-12-26,-248.07368645344513,-504100.7007795633
2025-12-27,0.0,-504100.7007795633
2025-12-28,0.0,-504100.7007795633
2025-12-29,0.0,-504100.7007795633
2025-12-30,0.0,-504100.7007795633
2025-12-31,0.0,-504100.7007795633
2026-01-01,0.0,-504100.7007795633
2026-01-02,-247.94964961021836,-504348.6504291735
2026-01-03,0.0,-504348.6504291735
2026-01-04,0.0,-504348.6504291735
2026-01-05,0.0,-504348.6504291735
2026-01-06,0.0,-504348.6504291735
2026-01-07,0.0,-504348.6504291735
2026-01-08,0.0,-504348.6504291735
2026-01-09,-247.8256747854133,-504596.4761039589
2026-01-10,0.0,-504596.4761039589
2026-01-11,0.0,-504596.4761039589
2026-01-12,0.0,-504596.4761039589
2026-01-13,0.0,-504596.4761039589
2026-01-14,0.0,-504596.4761039589
2026-01-15,0.0,-504596.4761039589
2026-01-16,-247.7017619480206,-504844.1778659069
2026-01-17,0.0,-504844.1778659069
2026-01-18,0.0,-504844.1778659069
2026-01-19,0.0,-504844.1778659069
2026-01-20,0.0,-504844.1778659069
2026-01-21,0.0,-504844.1778659069
2026-01-22,0.0,-504844.1778659069
2026-01-23,-247.57791106704656,-505091.75577697397
2026-01-24,0.0,-505091.75577697397
2026-01-25,0.0,-505091.75577697397
2026-01-26,0.0,-505091.75577697397
2026-01-27,0.0,-505091.75577697397
2026-01-28,0.0,-505091.75577697397
2026-01-29,0.0,-505091.75577697397
2026-01-30,-247.45412211151304,-505339.20989908546
2026-01-31,0.0,-505339.20989908546
2026-02-01,0.0,-505339.20989908546
2026-02-02,0.0,-505339.20989908546
2026-02-03,0.0,-505339.20989908546
2026-02-04,0.0,-505339.20989908546
2026-02-05,0.0,-505339.20989908546
2026-02-06,-247.3303950504573,-505586.5402941359
2026-02-07,0.0,-505586.5402941359
2026-02-08,0.0,-505586.5402941359
2026-02-09,0.0,-505586.5402941359
2026-02-10,0.0,-505586.5402941359
2026-02-11,0.0,-505586.5402941359
2026-02-12,0.0,-505586.5402941359
2026-02-13,-247.20672985293206,-505833.74702398886
2026-02-14,0.0,-505833.74702398886
2026-02-15,0.0,-505833.74702398886
2026-02-16,0.0,-505833.74702398886
2026-02-17,0.0,-505833.74702398886
2026-02-18,0.0,-505833.74702398886
2026-02-19,0.0,-505833.74702398886
2026-02-20,-247.08312648800558,-506080.8301504769
2026-02-21,0.0,-506080.8301504769
2026-02-22,0.0,-506080.8301504769
2026-02-23,0.0,-506080.8301504769
2026-02-24,0.0,-506080.8301504769
2026-02-25,0.0,-506080.8301504769
2026-02-26,0.0,-506080.8301504769
2026-02-27,-246.9595849247616,-506327.78973540163
2026-02-28,0.0,-506327.78973540163
2026-03-01,0.0,-506327.78973540163
