date,daily_pnl,cumulative_pnl
2000-04-10,0.0,0.0
2000-04-11,0.0,0.0
2000-04-12,0.0,0.0
2000-04-13,0.0,0.0
2000-04-14,0.0,0.0
2000-04-17,0.0,0.0
2000-04-18,0.0,0.0
2000-04-19,0.0,0.0
2000-04-20,0.0,0.0
2000-04-21,0.0,0.0
2000-04-24,0.0,0.0
2000-04-25,0.0,0.0
2000-04-26,0.0,0.0
2000-04-27,0.0,0.0
2000-04-28,0.0,0.0
2000-05-01,0.0,0.0
2000-05-02,0.0,0.0
2000-05-03,0.0,0.0
2000-05-04,0.0,0.0
2000-05-05,0.0,0.0
2000-05-08,0.0,0.0
2000-05-09,0.0,0.0
2000-05-10,0.0,0.0
2000-05-11,0.0,0.0
2000-05-12,0.0,0.0
2000-05-15,0.0,0.0
2000-05-16,0.0,0.0
2000-05-17,0.0,0.0
2000-05-18,0.0,0.0
2000-05-19,0.0,0.0
2000-05-22,0.0,0.0
2000-05-23,0.0,0.0
2000-05-24,0.0,0.0
2000-05-25,0.0,0.0
2000-05-26,0.0,0.0
2000-05-29,0.0,0.0
2000-05-30,0.0,0.0
2000-05-31,0.0,0.0
2000-06-01,0.0,0.0
2000-06-02,0.0,0.0
2000-06-05,0.0,0.0
2000-06-06,0.0,0.0
2000-06-07,0.0,0.0
2000-06-08,0.0,0.0
2000-06-09,0.0,0.0
2000-06-12,0.0,0.0
2000-06-13,0.0,0.0
2000-06-14,0.0,0.0
2000-06-15,11572.455274512475,11572.455274512526
2000-06-16,3235.2464397970466,14807.701714309515
2000-06-19,266109.8528564312,280917.5545707408
2000-06-20,0.0,280917.5545707408
2000-06-21,0.0,280917.5545707408
2000-06-22,0.0,280917.5545707408
2000-06-23,0.0,280917.5545707408
2000-06-26,0.0,280917.5545707408
2000-06-27,0.0,280917.5545707408
2000-06-28,0.0,280917.5545707408
2000-06-29,0.0,280917.5545707408
2000-06-30,0.0,280917.5545707408
2000-07-03,0.0,280917.5545707408
2000-07-04,0.0,280917.5545707408
2000-07-05,0.0,280917.5545707408
2000-07-06,0.0,280917.5545707408
2000-07-07,0.0,280917.5545707408
2000-07-10,0.0,280917.5545707408
2000-07-11,0.0,280917.5545707408
2000-07-12,0.0,280917.5545707408
2000-07-13,0.0,280917.5545707408
2000-07-14,0.0,280917.5545707408
2000-07-17,0.0,280917.5545707408
2000-07-18,0.0,280917.5545707408
2000-07-19,0.0,280917.5545707408
2000-07-20,0.0,280917.5545707408
2000-07-21,0.0,280917.5545707408
2000-07-24,0.0,280917.5545707408
2000-07-25,0.0,280917.5545707408
2000-07-26,2034.4395602691084,282951.9941310098
2000-07-27,-427.13088746699265,282524.86324354284
2000-07-28,-106986.02643557626,175538.8368079667
2000-07-31,0.0,175538.8368079667
2000-08-01,978.332858842432,176517.16966680903
2000-08-02,-125615.6590566452,50901.51061016391
2000-08-03,0.0,50901.51061016391
2000-08-04,0.0,50901.51061016391
2000-08-07,0.0,50901.51061016391
2000-08-08,0.0,50901.51061016391
2000-08-09,0.0,50901.51061016391
2000-08-10,0.0,50901.51061016391
2000-08-11,0.0,50901.51061016391
2000-08-14,0.0,50901.51061016391
2000-08-15,0.0,50901.51061016391
2000-08-16,0.0,50901.51061016391
2000-08-17,0.0,50901.51061016391
2000-08-18,0.0,50901.51061016391
2000-08-21,0.0,50901.51061016391
2000-08-22,0.0,50901.51061016391
2000-08-23,836.3333915721436,51737.844001736026
2000-08-24,-90.50688823067131,51647.33711350546
2000-08-25,-40117.980258224205,11529.35685528128
2000-08-28,0.0,11529.35685528128
2000-08-29,0.0,11529.35685528128
2000-08-30,0.0,11529.35685528128
2000-08-31,0.0,11529.35685528128
2000-09-01,0.0,11529.35685528128
2000-09-04,0.0,11529.35685528128
2000-09-05,0.0,11529.35685528128
2000-09-06,0.0,11529.35685528128
2000-09-07,0.0,11529.35685528128
2000-09-08,1150.7768421166834,12680.133697398007
2000-09-11,280.5474909903137,12960.681188388378
2000-09-12,-346.5326172240978,12614.14857116423
2000-09-13,-49965.41048490442,-37351.26191374019
2000-09-14,0.0,-37351.26191374019
2000-09-15,0.0,-37351.26191374019
2000-09-18,0.0,-37351.26191374019
2000-09-19,0.0,-37351.26191374019
2000-09-20,0.0,-37351.26191374019
2000-09-21,0.0,-37351.26191374019
2000-09-22,0.0,-37351.26191374019
2000-09-25,0.0,-37351.26191374019
2000-09-26,0.0,-37351.26191374019
2000-09-27,0.0,-37351.26191374019
2000-09-28,0.0,-37351.26191374019
2000-09-29,0.0,-37351.26191374019
2000-10-02,0.0,-37351.26191374019
2000-10-03,0.0,-37351.26191374019
2000-10-04,0.0,-37351.26191374019
2000-10-05,0.0,-37351.26191374019
2000-10-06,0.0,-37351.26191374019
2000-10-09,0.0,-37351.26191374019
2000-10-10,0.0,-37351.26191374019
2000-10-11,0.0,-37351.26191374019
2000-10-12,0.0,-37351.26191374019
2000-10-13,0.0,-37351.26191374019
2000-10-16,0.0,-37351.26191374019
2000-10-17,0.0,-37351.26191374019
2000-10-18,0.0,-37351.26191374019
2000-10-19,0.0,-37351.26191374019
2000-10-20,1529.4026351190255,-35821.85927862115
2000-10-23,243.51551107026776,-35578.34376755089
2000-10-24,472.8924533636153,-35105.45131418726
2000-10-25,403.17476708328195,-34702.276547104004
2000-10-26,282.01296516522865,-34420.26358193881
2000-10-27,-113.89805166506791,-34534.16163360386
2000-10-30,327.2674811949967,-34206.894152408815
2000-10-31,-302.21737192737424,-34509.11152433616
2000-11-01,-81.61379752954763,-34590.72532186576
2000-11-02,-182.90996867579688,-34773.63529054157
2000-11-03,48.68902215802989,-34724.94626838353
2000-11-06,968.9185654691536,-33756.027702914434
2000-11-07,131052.89335343732,97296.86565052299
2000-11-08,0.0,97296.86565052299
2000-11-09,0.0,97296.86565052299
2000-11-10,0.0,97296.86565052299
2000-11-13,0.0,97296.86565052299
2000-11-14,0.0,97296.86565052299
2000-11-15,0.0,97296.86565052299
2000-11-16,0.0,97296.86565052299
2000-11-17,0.0,97296.86565052299
2000-11-20,0.0,97296.86565052299
2000-11-21,0.0,97296.86565052299
2000-11-22,0.0,97296.86565052299
2000-11-23,0.0,97296.86565052299
2000-11-24,0.0,97296.86565052299
2000-11-27,0.0,97296.86565052299
2000-11-28,0.0,97296.86565052299
2000-11-29,0.0,97296.86565052299
2000-11-30,0.0,97296.86565052299
2000-12-01,0.0,97296.86565052299
2000-12-04,0.0,97296.86565052299
2000-12-05,19347.989813934124,116644.85546445707
2000-12-06,16892.18952218702,133537.04498664406
2000-12-07,14033.361989743193,147570.40697638737
2000-12-08,11496.694107379995,159067.10108376737
2000-12-11,685.5860494395514,159752.687133207
2000-12-12,-933.805828379451,158818.88130482752
2000-12-13,1490.4633719574326,160309.34467678494
2000-12-14,-3561.833750660438,156747.5109261244
2000-12-15,-3977.895545433849,152769.61538069067
2000-12-18,-3305.805872998346,149463.80950769223
2000-12-19,-982.7246386902873,148481.084869002
2000-12-20,10057.369166672339,158538.45403567422
2000-12-21,12622.287008415433,171160.74104408966
2000-12-22,5205.804325835691,176366.54536992544
2000-12-25,4882183.291247176,5058549.836617101
2000-12-26,0.0,5058549.836617101
2000-12-27,0.0,5058549.836617101
2000-12-28,0.0,5058549.836617101
2000-12-29,0.0,5058549.836617101
2001-01-01,0.0,5058549.836617101
2001-01-02,0.0,5058549.836617101
2001-01-03,0.0,5058549.836617101
2001-01-04,0.0,5058549.836617101
2001-01-05,0.0,5058549.836617101
2001-01-08,10809.0903372645,5069358.926954365
2001-01-09,-331881.75609729835,4737477.170857067
2001-01-10,0.0,4737477.170857067
2001-01-11,0.0,4737477.170857067
2001-01-12,0.0,4737477.170857067
2001-01-15,0.0,4737477.170857067
2001-01-16,0.0,4737477.170857067
2001-01-17,0.0,4737477.170857067
2001-01-18,0.0,4737477.170857067
2001-01-19,12427.421777036316,4749904.592634103
2001-01-22,-7202.397466258228,4742702.195167845
2001-01-23,-5358349.926734269,-615647.7315664236
2001-01-24,-92144.67680081083,-707792.4083672344
2001-01-25,0.0,-707792.4083672344
2001-01-26,0.0,-707792.4083672344
2001-01-29,0.0,-707792.4083672344
2001-01-30,0.0,-707792.4083672344
2001-01-31,0.0,-707792.4083672344
2001-02-01,0.0,-707792.4083672344
2001-02-02,0.0,-707792.4083672344
2001-02-05,0.0,-707792.4083672344
2001-02-06,0.0,-707792.4083672344
2001-02-07,0.0,-707792.4083672344
2001-02-08,0.0,-707792.4083672344
2001-02-09,0.0,-707792.4083672344
2001-02-12,0.0,-707792.4083672344
2001-02-13,0.0,-707792.4083672344
2001-02-14,0.0,-707792.4083672344
2001-02-15,0.0,-707792.4083672344
2001-02-16,0.0,-707792.4083672344
2001-02-19,0.0,-707792.4083672344
2001-02-20,0.0,-707792.4083672344
2001-02-21,0.0,-707792.4083672344
2001-02-22,0.0,-707792.4083672344
2001-02-23,0.0,-707792.4083672344
2001-02-26,0.0,-707792.4083672344
2001-02-27,0.0,-707792.4083672344
2001-02-28,0.0,-707792.4083672344
2001-03-01,0.0,-707792.4083672344
2001-03-02,0.0,-707792.4083672344
2001-03-05,0.0,-707792.4083672344
2001-03-06,0.0,-707792.4083672344
2001-03-07,0.0,-707792.4083672344
2001-03-08,0.0,-707792.4083672344
2001-03-09,0.0,-707792.4083672344
2001-03-12,0.0,-707792.4083672344
2001-03-13,0.0,-707792.4083672344
2001-03-14,0.0,-707792.4083672344
2001-03-15,0.0,-707792.4083672344
2001-03-16,167.99227343975264,-707624.4160937946
2001-03-19,7.359309584673337,-707617.05678421
2001-03-20,90.78354624860536,-707526.2732379613
2001-03-21,-34.480347388925054,-707560.7535853502
2001-03-22,45.73438032094379,-707515.0192050294
2001-03-23,-11.727751565663779,-707526.746956595
2001-03-26,17.028792942674894,-707509.7181636523
2001-03-27,80.34818455797951,-707429.3699790944
2001-03-28,9595.232267951904,-697834.1377111424
2001-03-29,304.91978184009326,-697529.2179293024
2001-03-30,-10661.25175006688,-708190.4696793692
2001-04-02,1500.7000705757039,-706689.7696087935
2001-04-03,-286.8878330431786,-706976.6574418368
2001-04-04,-284985.82441782474,-991962.4818596614
2001-04-05,0.0,-991962.4818596614
2001-04-06,2.6157947537877653,-991959.8660649076
2001-04-09,22.51624000703505,-991937.3498249006
2001-04-10,-1627.0357493426109,-993564.3855742433
2001-04-11,0.0,-993564.3855742433
2001-04-12,0.0,-993564.3855742433
2001-04-13,0.0,-993564.3855742433
2001-04-16,0.0,-993564.3855742433
2001-04-17,0.0,-993564.3855742433
2001-04-18,0.0,-993564.3855742433
2001-04-19,0.0,-993564.3855742433
2001-04-20,0.0,-993564.3855742433
2001-04-23,0.0,-993564.3855742433
2001-04-24,0.0,-993564.3855742433
2001-04-25,3.5754877907824034,-993560.8100864525
2001-04-26,4.1224714905970234,-993556.6876149619
2001-04-27,1.5193861652392757,-993555.1682287967
2001-04-30,9.309635354400442,-993545.8585934422
2001-05-01,10.960957148730461,-993534.8976362936
2001-05-02,-0.7683131531960901,-993535.6659494467
2001-05-03,-0.863843875915416,-993536.5297933227
2001-05-04,1905.510924627864,-991631.0188686948
2001-05-07,1.6263595331600158,-991629.3925091616
2001-05-08,8.575310922447688,-991620.8171982392
2001-05-09,13.937284405560927,-991606.8799138336
2001-05-10,6.179301586393445,-991600.7006122472
2001-05-11,-3.328425601488606,-991604.0290378487
2001-05-14,1457.9315026419924,-990146.0975352067
2001-05-15,0.0,-990146.0975352067
2001-05-16,0.0,-990146.0975352067
2001-05-17,0.0,-990146.0975352067
2001-05-18,0.0,-990146.0975352067
2001-05-21,0.0,-990146.0975352067
2001-05-22,0.0,-990146.0975352067
2001-05-23,0.0,-990146.0975352067
2001-05-24,0.0,-990146.0975352067
2001-05-25,0.0,-990146.0975352067
2001-05-28,0.0,-990146.0975352067
2001-05-29,0.0,-990146.0975352067
2001-05-30,0.0,-990146.0975352067
2001-05-31,0.0,-990146.0975352067
2001-06-01,0.0,-990146.0975352067
2001-06-04,0.0,-990146.0975352067
2001-06-05,0.0,-990146.0975352067
2001-06-06,0.0,-990146.0975352067
2001-06-07,0.0,-990146.0975352067
2001-06-08,11.172802873322084,-990134.9247323334
2001-06-11,-3.744101875072924,-990138.6688342084
2001-06-12,4.6707246497186246,-990133.9981095587
2001-06-13,1.138868090669447,-990132.859241468
2001-06-14,11.59924129894232,-990121.2600001692
2001-06-15,179.21241981809945,-989942.047580351
2001-06-18,-19732.09183462212,-1009674.1394149731
2001-06-19,0.0,-1009674.1394149731
2001-06-20,0.0,-1009674.1394149731
2001-06-21,0.0,-1009674.1394149731
2001-06-22,0.0,-1009674.1394149731
2001-06-25,0.0,-1009674.1394149731
2001-06-26,0.0,-1009674.1394149731
2001-06-27,0.0,-1009674.1394149731
2001-06-28,0.0,-1009674.1394149731
2001-06-29,0.0,-1009674.1394149731
2001-07-02,0.0,-1009674.1394149731
2001-07-03,0.0,-1009674.1394149731
2001-07-04,0.0,-1009674.1394149731
2001-07-05,0.0,-1009674.1394149731
2001-07-06,0.0,-1009674.1394149731
2001-07-09,0.0,-1009674.1394149731
2001-07-10,0.0,-1009674.1394149731
2001-07-11,0.0,-1009674.1394149731
2001-07-12,0.0,-1009674.1394149731
2001-07-13,0.0,-1009674.1394149731
2001-07-16,0.0,-1009674.1394149731
2001-07-17,0.0,-1009674.1394149731
2001-07-18,0.0,-1009674.1394149731
2001-07-19,0.0,-1009674.1394149731
2001-07-20,0.0,-1009674.1394149731
2001-07-23,0.0,-1009674.1394149731
2001-07-24,0.0,-1009674.1394149731
2001-07-25,0.0,-1009674.1394149731
2001-07-26,0.0,-1009674.1394149731
2001-07-27,0.0,-1009674.1394149731
2001-07-30,0.0,-1009674.1394149731
2001-07-31,0.0,-1009674.1394149731
2001-08-01,0.0,-1009674.1394149731
2001-08-02,-193.4827882994625,-1009867.6222032725
2001-08-03,8323.325810261786,-1001544.2963930108
2001-08-06,-10079.915338507095,-1011624.2117315179
2001-08-07,-93.86901427106505,-1011718.080745789
2001-08-08,-5641.803535012257,-1017359.8842808012
2001-08-09,-15362.93244187737,-1032722.8167226786
2001-08-10,9289.660599493614,-1023433.156123185
2001-08-13,9474.969408990004,-1013958.186714195
2001-08-14,-5036.013319163687,-1018994.2000333586
2001-08-15,1115.3225867785459,-1017878.8774465801
2001-08-16,-1133.4624300085661,-1019012.3398765887
2001-08-17,-871.5003574084959,-1019883.8402339972
2001-08-20,-1476.8656037624833,-1021360.7058377597
2001-08-21,304.07721056797004,-1021056.6286271916
2001-08-22,-1031.8902535404295,-1022088.5188807321
2001-08-23,-1353.4925117020873,-1023442.0113924342
2001-08-24,1008.2145724742945,-1022433.7968199599
2001-08-27,1024.3131014032688,-1021409.4837185566
2001-08-28,0.0,-1021409.4837185566
2001-08-29,0.0,-1021409.4837185566
2001-08-30,0.0,-1021409.4837185566
2001-08-31,0.0,-1021409.4837185566
2001-09-03,0.0,-1021409.4837185566
2001-09-04,0.0,-1021409.4837185566
2001-09-05,0.0,-1021409.4837185566
2001-09-06,0.0,-1021409.4837185566
2001-09-07,0.0,-1021409.4837185566
2001-09-10,0.0,-1021409.4837185566
2001-09-11,0.0,-1021409.4837185566
2001-09-12,0.0,-1021409.4837185566
2001-09-13,0.0,-1021409.4837185566
2001-09-14,0.0,-1021409.4837185566
2001-09-17,0.0,-1021409.4837185566
2001-09-18,0.0,-1021409.4837185566
2001-09-19,0.0,-1021409.4837185566
2001-09-20,0.0,-1021409.4837185566
2001-09-21,0.0,-1021409.4837185566
2001-09-24,0.0,-1021409.4837185566
2001-09-25,0.0,-1021409.4837185566
2001-09-26,0.0,-1021409.4837185566
2001-09-27,0.0,-1021409.4837185566
2001-09-28,0.0,-1021409.4837185566
2001-10-01,0.0,-1021409.4837185566
2001-10-02,0.0,-1021409.4837185566
2001-10-03,0.0,-1021409.4837185566
2001-10-04,0.0,-1021409.4837185566
2001-10-05,-428.1896743711327,-1021837.6733929277
2001-10-08,1763.2834422832725,-1020074.3899506445
2001-10-09,0.0,-1020074.3899506445
2001-10-10,-401.48779901289,-1020475.8777496574
2001-10-11,13162.878893552575,-1007312.9988561048
2001-10-12,0.0,-1007312.9988561048
2001-10-15,0.0,-1007312.9988561048
2001-10-16,0.0,-1007312.9988561048
2001-10-17,0.0,-1007312.9988561048
2001-10-18,0.0,-1007312.9988561048
2001-10-19,0.0,-1007312.9988561048
2001-10-22,0.0,-1007312.9988561048
2001-10-23,0.0,-1007312.9988561048
2001-10-24,0.0,-1007312.9988561048
2001-10-25,-146.25997712209627,-1007459.2588332269
2001-10-26,-156.044721348856,-1007615.3035545758
2001-10-29,-152.81167987756945,-1007768.1152344533
2001-10-30,0.0,-1007768.1152344533
2001-10-31,0.0,-1007768.1152344533
2001-11-01,0.0,-1007768.1152344533
2001-11-02,0.0,-1007768.1152344533
2001-11-05,0.0,-1007768.1152344533
2001-11-06,0.0,-1007768.1152344533
2001-11-07,0.0,-1007768.1152344533
2001-11-08,0.0,-1007768.1152344533
2001-11-09,0.0,-1007768.1152344533
2001-11-12,0.0,-1007768.1152344533
2001-11-13,0.0,-1007768.1152344533
2001-11-14,0.0,-1007768.1152344533
2001-11-15,0.0,-1007768.1152344533
2001-11-16,0.0,-1007768.1152344533
2001-11-19,0.0,-1007768.1152344533
2001-11-20,0.0,-1007768.1152344533
2001-11-21,0.0,-1007768.1152344533
2001-11-22,0.0,-1007768.1152344533
2001-11-23,0.0,-1007768.1152344533
2001-11-26,0.0,-1007768.1152344533
2001-11-27,0.0,-1007768.1152344533
2001-11-28,0.0,-1007768.1152344533
2001-11-29,0.0,-1007768.1152344533
2001-11-30,0.0,-1007768.1152344533
2001-12-03,-155.36230468906672,-1007923.4775391424
2001-12-04,8595.804766508809,-999327.6727726336
2001-12-05,9.414687233734888,-999318.2580853999
2001-12-06,-942.4121698631697,-1000260.670255263
2001-12-07,0.0,-1000260.670255263
2001-12-10,0.0,-1000260.670255263
2001-12-11,0.0,-1000260.670255263
2001-12-12,0.0,-1000260.670255263
2001-12-13,0.0,-1000260.670255263
2001-12-14,0.0,-1000260.670255263
2001-12-17,0.0,-1000260.670255263
2001-12-18,0.0,-1000260.670255263
2001-12-19,0.0,-1000260.670255263
2001-12-20,0.0,-1000260.670255263
2001-12-21,0.0,-1000260.670255263
2001-12-24,0.0,-1000260.670255263
2001-12-25,0.0,-1000260.670255263
2001-12-26,-5.213405105260574,-1000265.8836603683
2001-12-27,-103.08516902017158,-1000368.9688293885
2001-12-28,299.29791964746454,-1000069.670909741
2001-12-31,0.0,-1000069.670909741
2002-01-01,0.0,-1000069.670909741
2002-01-02,-1.3934181948199262,-1000071.0643279358
2002-01-03,-70.79429236589742,-1000141.8586203017
2002-01-04,-12.489886890271437,-1000154.348507192
2002-01-07,7.556537188553577,-1000146.7919700034
2002-01-08,127.30784780118788,-1000019.4841222023
2002-01-09,-0.6479389510748055,-1000020.1320611533
2002-01-10,17.178440825079864,-1000002.9536203282
2002-01-11,-0.05907240656477164,-1000003.0126927348
2002-01-14,0.07064488477548352,-1000002.94204785
2002-01-15,-0.0588409570005574,-1000003.000888807
2002-01-16,-0.07055622560151002,-1000003.0714450326
2002-01-17,-0.2087503178873816,-1000003.2801953505
2002-01-18,-0.14904165932541089,-1000003.4292370098
2002-01-21,-0.06555178141790802,-1000003.4947887913
2002-01-22,-0.19474612666753266,-1000003.6895349179
2002-01-23,-0.13282202779250712,-1000003.8223569457
2002-01-24,0.15047045727298805,-1000003.6718864884
2002-01-25,0.0,-1000003.6718864884
2002-01-28,0.0,-1000003.6718864884
2002-01-29,0.0,-1000003.6718864884
2002-01-30,0.0,-1000003.6718864884
2002-01-31,0.0,-1000003.6718864884
2002-02-01,0.0,-1000003.6718864884
2002-02-04,0.0,-1000003.6718864884
2002-02-05,0.0,-1000003.6718864884
2002-02-06,0.0,-1000003.6718864884
2002-02-07,0.0,-1000003.6718864884
2002-02-08,0.0,-1000003.6718864884
2002-02-11,0.0,-1000003.6718864884
2002-02-12,0.0,-1000003.6718864884
2002-02-13,0.0,-1000003.6718864884
2002-02-14,0.0,-1000003.6718864884
2002-02-15,0.0,-1000003.6718864884
2002-02-18,0.0,-1000003.6718864884
2002-02-19,0.0,-1000003.6718864884
2002-02-20,0.0,-1000003.6718864884
2002-02-21,0.0,-1000003.6718864884
2002-02-22,0.0,-1000003.6718864884
2002-02-25,0.0,-1000003.6718864884
2002-02-26,0.0,-1000003.6718864884
2002-02-27,0.0,-1000003.6718864884
2002-02-28,0.0,-1000003.6718864884
2002-03-01,0.0,-1000003.6718864884
2002-03-04,0.0,-1000003.6718864884
2002-03-05,0.0,-1000003.6718864884
2002-03-06,0.0,-1000003.6718864884
2002-03-07,0.0,-1000003.6718864884
2002-03-08,0.0,-1000003.6718864884
2002-03-11,-0.07343772976895378,-1000003.7453242182
2002-03-12,0.033767344737724234,-1000003.7115568735
2002-03-13,-0.4726819227360924,-1000004.1842387962
2002-03-14,0.16035034615901234,-1000004.02388845
2002-03-15,0.22481424384899173,-1000003.7990742062
2002-03-18,0.0,-1000003.7990742062
2002-03-19,0.0,-1000003.7990742062
2002-03-20,0.0,-1000003.7990742062
2002-03-21,0.0,-1000003.7990742062
2002-03-22,0.0,-1000003.7990742062
2002-03-25,-0.07598148412414014,-1000003.8750556903
2002-03-26,0.09046763038259063,-1000003.78458806
2002-03-27,-0.07569176119897113,-1000003.8602798211
2002-03-28,1.0042140471206615,-1000002.856065774
2002-03-29,0.0,-1000002.856065774
2002-04-01,0.0,-1000002.856065774
2002-04-02,0.0,-1000002.856065774
2002-04-03,0.0,-1000002.856065774
2002-04-04,0.0,-1000002.856065774
2002-04-05,0.0,-1000002.856065774
2002-04-08,0.0,-1000002.856065774
2002-04-09,0.0,-1000002.856065774
2002-04-10,0.0,-1000002.856065774
2002-04-11,0.0,-1000002.856065774
2002-04-12,0.0,-1000002.856065774
2002-04-15,0.0,-1000002.856065774
2002-04-16,0.0,-1000002.856065774
2002-04-17,0.0,-1000002.856065774
2002-04-18,0.0,-1000002.856065774
2002-04-19,0.0,-1000002.856065774
2002-04-22,0.0,-1000002.856065774
2002-04-23,0.0,-1000002.856065774
2002-04-24,0.0,-1000002.856065774
2002-04-25,0.0,-1000002.856065774
2002-04-26,0.0,-1000002.856065774
2002-04-29,0.0,-1000002.856065774
2002-04-30,0.0,-1000002.856065774
2002-05-01,0.0,-1000002.856065774
2002-05-02,0.0,-1000002.856065774
2002-05-03,0.0,-1000002.856065774
2002-05-06,0.0,-1000002.856065774
2002-05-07,0.0,-1000002.856065774
2002-05-08,0.0,-1000002.856065774
2002-05-09,0.0,-1000002.856065774
2002-05-10,0.0,-1000002.856065774
2002-05-13,0.0,-1000002.856065774
2002-05-14,0.0,-1000002.856065774
2002-05-15,0.0,-1000002.856065774
2002-05-16,0.0,-1000002.856065774
2002-05-17,0.0,-1000002.856065774
2002-05-20,0.0,-1000002.856065774
2002-05-21,0.0,-1000002.856065774
2002-05-22,0.0,-1000002.856065774
2002-05-23,-0.05712131548053732,-1000002.9131870895
2002-05-24,-0.2385404005389104,-1000003.15172749
2002-05-27,-0.0011754190692400135,-1000003.1529029091
2002-05-28,0.12627283142094625,-1000003.0266300777
2002-05-29,0.0,-1000003.0266300777
2002-05-30,0.0,-1000003.0266300777
2002-05-31,0.0,-1000003.0266300777
2002-06-03,0.0,-1000003.0266300777
2002-06-04,0.0,-1000003.0266300777
2002-06-05,0.0,-1000003.0266300777
2002-06-06,0.0,-1000003.0266300777
2002-06-07,0.0,-1000003.0266300777
2002-06-10,0.0,-1000003.0266300777
2002-06-11,0.0,-1000003.0266300777
2002-06-12,0.0,-1000003.0266300777
2002-06-13,0.0,-1000003.0266300777
2002-06-14,0.0,-1000003.0266300777
2002-06-17,0.0,-1000003.0266300777
2002-06-18,0.0,-1000003.0266300777
2002-06-19,0.0,-1000003.0266300777
2002-06-20,0.0,-1000003.0266300777
2002-06-21,0.0,-1000003.0266300777
2002-06-24,0.0,-1000003.0266300777
2002-06-25,0.0,-1000003.0266300777
2002-06-26,0.0,-1000003.0266300777
2002-06-27,0.0,-1000003.0266300777
2002-06-28,0.0,-1000003.0266300777
2002-07-01,0.0,-1000003.0266300777
2002-07-02,0.0,-1000003.0266300777
2002-07-03,0.0,-1000003.0266300777
2002-07-04,0.0,-1000003.0266300777
2002-07-05,0.0,-1000003.0266300777
2002-07-08,0.0,-1000003.0266300777
2002-07-09,0.0,-1000003.0266300777
2002-07-10,0.0,-1000003.0266300777
2002-07-11,0.0,-1000003.0266300777
2002-07-12,0.0,-1000003.0266300777
2002-07-15,0.0,-1000003.0266300777
2002-07-16,0.0,-1000003.0266300777
2002-07-17,0.0,-1000003.0266300777
2002-07-18,0.0,-1000003.0266300777
2002-07-19,0.0,-1000003.0266300777
2002-07-22,-0.060532601553892146,-1000003.0871626793
2002-07-23,0.13826547317865995,-1000002.9488972061
2002-07-24,-0.05897794412139679,-1000003.0078751502
2002-07-25,0.16984055378840493,-1000002.8380345964
2002-07-26,-0.05676069192805662,-1000002.8947952883
2002-07-29,-0.5347510198665436,-1000003.4295463082
2002-07-30,-0.16571552814522744,-1000003.5952618363
2002-07-31,-0.15993530474075945,-1000003.7551971411
2002-08-01,0.18838415672693404,-1000003.5668129844
2002-08-02,0.23836467094926422,-1000003.3284483134
2002-08-05,-0.17510493833007323,-1000003.5035532517
2002-08-06,-0.2827516542461498,-1000003.786304906
2002-08-07,0.3699125243203785,-1000003.4163923817
2002-08-08,-0.0683278476332613,-1000003.4847202293
2002-08-09,0.0824752639533579,-1000003.4022449653
2002-08-12,-0.14034965013137635,-1000003.5425946155
2002-08-13,-0.07158858020823385,-1000003.6141831956
2002-08-14,0.0,-1000003.6141831956
2002-08-15,0.0,-1000003.6141831956
2002-08-16,0.0,-1000003.6141831956
2002-08-19,0.0,-1000003.6141831956
2002-08-20,0.0,-1000003.6141831956
2002-08-21,0.0,-1000003.6141831956
2002-08-22,0.0,-1000003.6141831956
2002-08-23,0.0,-1000003.6141831956
2002-08-26,0.0,-1000003.6141831956
2002-08-27,0.0,-1000003.6141831956
2002-08-28,0.0,-1000003.6141831956
2002-08-29,0.0,-1000003.6141831956
2002-08-30,0.0,-1000003.6141831956
2002-09-02,0.0,-1000003.6141831956
2002-09-03,0.0,-1000003.6141831956
2002-09-04,0.0,-1000003.6141831956
2002-09-05,0.0,-1000003.6141831956
2002-09-06,0.0,-1000003.6141831956
2002-09-09,0.0,-1000003.6141831956
2002-09-10,0.0,-1000003.6141831956
2002-09-11,0.0,-1000003.6141831956
2002-09-12,0.0,-1000003.6141831956
2002-09-13,0.0,-1000003.6141831956
2002-09-16,0.0,-1000003.6141831956
2002-09-17,0.0,-1000003.6141831956
2002-09-18,0.0,-1000003.6141831956
2002-09-19,-0.07228366391365157,-1000003.6864668597
2002-09-20,-0.12118450346005318,-1000003.8076513631
2002-09-23,-0.09504113272275852,-1000003.9026924957
2002-09-24,-0.03440480951785827,-1000003.9370973053
2002-09-25,-0.26588220805436275,-1000004.2029795133
2002-09-26,-0.08579581324376676,-1000004.2887753266
2002-09-27,-0.01760714767336333,-1000004.3063824743
2002-09-30,0.0,-1000004.3063824743
2002-10-01,0.0,-1000004.3063824743
2002-10-02,0.0,-1000004.3063824743
2002-10-03,0.0,-1000004.3063824743
2002-10-04,0.0,-1000004.3063824743
2002-10-07,0.0,-1000004.3063824743
2002-10-08,0.0,-1000004.3063824743
2002-10-09,0.0,-1000004.3063824743
2002-10-10,0.0,-1000004.3063824743
2002-10-11,0.0,-1000004.3063824743
2002-10-14,0.0,-1000004.3063824743
2002-10-15,0.0,-1000004.3063824743
2002-10-16,0.0,-1000004.3063824743
2002-10-17,-0.08612764948536786,-1000004.3925101238
2002-10-18,-2.404505873338595,-1000006.7970159971
2002-10-21,1.5740226787489027,-1000005.2229933183
2002-10-22,-2.4338015711583845,-1000007.6567948895
2002-10-23,2.6398730190377027,-1000005.0169218704
2002-10-24,0.0,-1000005.0169218704
2002-10-25,0.0,-1000005.0169218704
2002-10-28,0.0,-1000005.0169218704
2002-10-29,0.0,-1000005.0169218704
2002-10-30,0.0,-1000005.0169218704
2002-10-31,0.0,-1000005.0169218704
2002-11-01,0.0,-1000005.0169218704
2002-11-04,0.0,-1000005.0169218704
2002-11-05,0.0,-1000005.0169218704
2002-11-06,0.0,-1000005.0169218704
2002-11-07,0.0,-1000005.0169218704
2002-11-08,0.0,-1000005.0169218704
2002-11-11,0.0,-1000005.0169218704
2002-11-12,0.0,-1000005.0169218704
2002-11-13,0.0,-1000005.0169218704
2002-11-14,0.0,-1000005.0169218704
2002-11-15,0.0,-1000005.0169218704
2002-11-18,-0.1003384374092827,-1000005.1172603079
2002-11-19,-0.05382330166628882,-1000005.1710836096
2002-11-20,-3.6802785707216445,-1000008.8513621803
2002-11-21,4.1783216426776715,-1000004.6730405376
2002-11-22,-2.207821754613574,-1000006.8808622923
2002-11-25,1.1898431781209824,-1000005.6910191141
2002-11-26,0.5531014435407332,-1000005.1379176705
2002-11-27,0.0,-1000005.1379176705
2002-11-28,0.0,-1000005.1379176705
2002-11-29,0.0,-1000005.1379176705
2002-12-02,0.0,-1000005.1379176705
2002-12-03,0.0,-1000005.1379176705
2002-12-04,-0.10275835341071077,-1000005.240676024
2002-12-05,-0.3105448371399214,-1000005.551220861
2002-12-06,-0.7646387018961605,-1000006.315859563
2002-12-09,-0.03227950992018133,-1000006.3481390729
2002-12-10,-0.016413458152857996,-1000006.364552531
2002-12-11,-0.6102743630853615,-1000006.9748268941
2002-12-12,-0.39739956009502897,-1000007.3722264542
2002-12-13,1.0860499671961732,-1000006.286176487
2002-12-16,0.0,-1000006.286176487
2002-12-17,0.0,-1000006.286176487
2002-12-18,0.0,-1000006.286176487
2002-12-19,0.0,-1000006.286176487
2002-12-20,0.0,-1000006.286176487
2002-12-23,0.0,-1000006.286176487
2002-12-24,0.0,-1000006.286176487
2002-12-25,0.0,-1000006.286176487
2002-12-26,0.0,-1000006.286176487
2002-12-27,0.0,-1000006.286176487
2002-12-30,0.0,-1000006.286176487
2002-12-31,0.0,-1000006.286176487
2003-01-01,0.0,-1000006.286176487
2003-01-02,0.0,-1000006.286176487
2003-01-03,-0.12572352974079176,-1000006.4119000168
2003-01-06,-7.39279998584503,-1000013.8047000027
2003-01-07,2.071987198280809,-1000011.7327128043
2003-01-08,-32.65845932582057,-1000044.3911721301
2003-01-09,-0.40605382863839173,-1000044.7972259588
2003-01-10,-48.31189275155242,-1000093.1091187104
2003-01-13,-23.343326266482684,-1000116.4524449769
2003-01-14,-24.37451188130562,-1000140.8269568582
2003-01-15,-118.63018093833585,-1000259.4571377964
2003-01-16,-22.40093784636735,-1000281.8580756428
2003-01-17,6.810707996768865,-1000275.0473676461
2003-01-20,1.627710529996711,-1000273.419657116
2003-01-21,227.21770971140987,-1000046.2019474047
2003-01-22,-222.49114909522822,-1000268.6930964999
2003-01-23,23.331711970908692,-1000245.361384529
2003-01-24,0.0,-1000245.361384529
2003-01-27,-4.907227690579831,-1000250.2686122196
2003-01-28,0.35051961276578414,-1000249.9180926068
2003-01-29,-27.600368556270226,-1000277.518461163
2003-01-30,-20.462070332281428,-1000297.9805314954
2003-01-31,-52.585024548531536,-1000350.5655560439
2003-02-03,30.378894748910106,-1000320.186661295
2003-02-04,-42.16907024685238,-1000362.3557315419
2003-02-05,-14.74352428040899,-1000377.0992558222
2003-02-06,-52.86529142206737,-1000429.9645472442
2003-02-07,-29.873687953219175,-1000459.8382351975
2003-02-10,45.783181251604205,-1000414.055053946
2003-02-11,2.4096195068175703,-1000411.6454344391
2003-02-12,-27.873120012498056,-1000439.5185544516
2003-02-13,0.09496874299525532,-1000439.4235857086
2003-02-14,0.0,-1000439.4235857086
2003-02-17,0.0,-1000439.4235857086
2003-02-18,0.0,-1000439.4235857086
2003-02-19,0.0,-1000439.4235857086
2003-02-20,0.0,-1000439.4235857086
2003-02-21,0.0,-1000439.4235857086
2003-02-24,0.0,-1000439.4235857086
2003-02-25,-8.788471714172152,-1000448.2120574227
2003-02-26,-58.24265421780238,-1000506.4547116406
2003-02-27,-3.4420036156860006,-1000509.8967152563
2003-02-28,-0.6645563200648308,-1000510.5612715763
2003-03-03,-47.2280156852642,-1000557.7892872615
2003-03-04,-50.91006656647593,-1000608.6993538281
2003-03-05,0.05765387719324089,-1000608.6416999509
2003-03-06,-1.4937030206445403,-1000610.1354029715
2003-03-07,-5.484291705694221,-1000615.6196946772
2003-03-10,38.538529118943345,-1000577.0811655583
2003-03-11,0.0,-1000577.0811655583
2003-03-12,0.0,-1000577.0811655583
2003-03-13,0.0,-1000577.0811655583
2003-03-14,0.0,-1000577.0811655583
2003-03-17,0.0,-1000577.0811655583
2003-03-18,0.0,-1000577.0811655583
2003-03-19,0.0,-1000577.0811655583
2003-03-20,0.0,-1000577.0811655583
2003-03-21,0.0,-1000577.0811655583
2003-03-24,0.0,-1000577.0811655583
2003-03-25,0.0,-1000577.0811655583
2003-03-26,0.0,-1000577.0811655583
2003-03-27,0.0,-1000577.0811655583
2003-03-28,0.0,-1000577.0811655583
2003-03-31,0.0,-1000577.0811655583
2003-04-01,0.0,-1000577.0811655583
2003-04-02,0.0,-1000577.0811655583
2003-04-03,0.0,-1000577.0811655583
2003-04-04,0.0,-1000577.0811655583
2003-04-07,0.0,-1000577.0811655583
2003-04-08,0.0,-1000577.0811655583
2003-04-09,0.0,-1000577.0811655583
2003-04-10,0.0,-1000577.0811655583
2003-04-11,0.0,-1000577.0811655583
2003-04-14,0.0,-1000577.0811655583
2003-04-15,0.0,-1000577.0811655583
2003-04-16,0.0,-1000577.0811655583
2003-04-17,0.0,-1000577.0811655583
2003-04-18,0.0,-1000577.0811655583
2003-04-21,0.0,-1000577.0811655583
2003-04-22,0.0,-1000577.0811655583
2003-04-23,0.0,-1000577.0811655583
2003-04-24,0.0,-1000577.0811655583
2003-04-25,0.0,-1000577.0811655583
2003-04-28,0.0,-1000577.0811655583
2003-04-29,0.0,-1000577.0811655583
2003-04-30,0.0,-1000577.0811655583
2003-05-01,0.0,-1000577.0811655583
2003-05-02,-11.541623311165504,-1000588.6227888694
2003-05-05,-8.651750787591627,-1000597.274539657
2003-05-06,-715.404605694384,-1001312.6791453514
2003-05-07,269.05619450537296,-1001043.6229508461
2003-05-08,-2053.3700987686293,-1003096.9930496147
2003-05-09,-395.7482414662479,-1003492.741291081
2003-05-12,1748.3886504208817,-1001744.35264066
2003-05-13,3489.0309998660655,-998255.3216407939
2003-05-14,0.0,-998255.3216407939
2003-05-15,0.0,-998255.3216407939
2003-05-16,0.0,-998255.3216407939
2003-05-19,1.7918826954467793,-998253.5297580985
2003-05-20,-33.71839804925677,-998287.2481561478
2003-05-21,0.0,-998287.2481561478
2003-05-22,0.0,-998287.2481561478
2003-05-23,3.894465407004022,-998283.3536907408
2003-05-26,1.1988420343682649,-998282.1548487064
2003-05-27,0.3164307274863087,-998281.838417979
2003-05-28,0.832892909669096,-998281.0055250693
2003-05-29,-0.08430281565173997,-998281.0898278849
2003-05-30,-181.8335043576621,-998462.9233322425
2003-06-02,0.6478857748760944,-998462.2754464677
2003-06-03,0.4171450680242019,-998461.8583013996
2003-06-04,0.841499789306177,-998461.0168016104
2003-06-05,0.9274587776269004,-998460.0893428327
2003-06-06,22.01633675636911,-998438.0730060764
2003-06-09,-905.236483672746,-999343.3094897491
2003-06-10,-0.0910177147631139,-999343.4005074638
2003-06-11,0.15292372202330742,-999343.2475837419
2003-06-12,0.982499107790338,-999342.2650846341
2003-06-13,-0.6008621382867576,-999342.8659467724
2003-06-16,0.32755610944761665,-999342.5383906629
2003-06-17,-0.26869781373876434,-999342.8070884766
2003-06-18,0.06156068829244037,-999342.7455277883
2003-06-19,1.0444168403870668,-999341.701110948
2003-06-20,0.19074281518058847,-999341.5103681327
2003-06-23,0.07639775843776421,-999341.4339703743
2003-06-24,825.4263210627972,-998516.0076493116
2003-06-25,0.0,-998516.0076493116
2003-06-26,0.0,-998516.0076493116
2003-06-27,1.4385113561177314,-998514.5691379554
2003-06-30,-16.885718899727628,-998531.4548568552
2003-07-01,0.0,-998531.4548568552
2003-07-02,0.0,-998531.4548568552
2003-07-03,1.0648617877043014,-998530.3899950675
2003-07-04,-0.02982534705647627,-998530.4198204145
2003-07-07,0.21689395841549497,-998530.2029264561
2003-07-08,0.4354071469167085,-998529.7675193092
2003-07-09,0.15715309415012477,-998529.610366215
2003-07-10,51.64903517085213,-998477.9613310442
2003-07-11,0.0,-998477.9613310442
2003-07-14,0.7865450888825791,-998477.1747859553
2003-07-15,-68.39650070092945,-998545.5712866562
2003-07-16,0.0,-998545.5712866562
2003-07-17,0.0,-998545.5712866562
2003-07-18,0.0,-998545.5712866562
2003-07-21,0.0,-998545.5712866562
2003-07-22,0.0,-998545.5712866562
2003-07-23,0.0,-998545.5712866562
2003-07-24,0.0,-998545.5712866562
2003-07-25,0.0,-998545.5712866562
2003-07-28,0.0,-998545.5712866562
2003-07-29,0.0,-998545.5712866562
2003-07-30,0.0,-998545.5712866562
2003-07-31,0.0,-998545.5712866562
2003-08-01,0.0,-998545.5712866562
2003-08-04,0.0,-998545.5712866562
2003-08-05,0.0,-998545.5712866562
2003-08-06,0.0,-998545.5712866562
2003-08-07,0.0,-998545.5712866562
2003-08-08,0.0,-998545.5712866562
2003-08-11,0.0,-998545.5712866562
2003-08-12,0.0,-998545.5712866562
2003-08-13,0.0,-998545.5712866562
2003-08-14,0.0,-998545.5712866562
2003-08-15,0.0,-998545.5712866562
2003-08-18,0.0,-998545.5712866562
2003-08-19,0.0,-998545.5712866562
2003-08-20,0.0,-998545.5712866562
2003-08-21,0.0,-998545.5712866562
2003-08-22,0.0,-998545.5712866562
2003-08-25,0.0,-998545.5712866562
2003-08-26,0.0,-998545.5712866562
2003-08-27,0.0,-998545.5712866562
2003-08-28,0.0,-998545.5712866562
2003-08-29,0.0,-998545.5712866562
2003-09-01,0.0,-998545.5712866562
2003-09-02,0.0,-998545.5712866562
2003-09-03,0.0,-998545.5712866562
2003-09-04,0.0,-998545.5712866562
2003-09-05,0.0,-998545.5712866562
2003-09-08,0.0,-998545.5712866562
2003-09-09,0.0,-998545.5712866562
2003-09-10,0.0,-998545.5712866562
2003-09-11,0.4901280446537345,-998545.0811586116
2003-09-12,-0.02573328702734747,-998545.1068918986
2003-09-15,2.679953174520914,-998542.4269387241
2003-09-16,3.088261682600313,-998539.3386770415
2003-09-17,1.587330188635177,-998537.7513468529
2003-09-18,-1.3456493650910126,-998539.096996218
2003-09-19,87.15152340153443,-998451.9454728164
2003-09-22,1.5388846090038226,-998450.4065882073
2003-09-23,0.15035280612726973,-998450.2562354013
2003-09-24,1.216677455101762,-998449.0395579461
2003-09-25,1.2124904894706823,-998447.8270674567
2003-09-26,-0.6796884133332647,-998448.5067558701
2003-09-29,0.5371107229658563,-998447.9696451471
2003-09-30,1.688876227584378,-998446.2807689195
2003-10-01,2.356052256276426,-998443.9247166632
2003-10-02,-2.582962888993061,-998446.5076795522
2003-10-03,884.3400061265166,-997562.1676734256
2003-10-06,0.0,-997562.1676734256
2003-10-07,0.0,-997562.1676734256
2003-10-08,0.0,-997562.1676734256
2003-10-09,0.0,-997562.1676734256
2003-10-10,0.0,-997562.1676734256
2003-10-13,0.0,-997562.1676734256
2003-10-14,0.0,-997562.1676734256
2003-10-15,0.0,-997562.1676734256
2003-10-16,0.0,-997562.1676734256
2003-10-17,0.0,-997562.1676734256
2003-10-20,0.0,-997562.1676734256
2003-10-21,0.0,-997562.1676734256
2003-10-22,0.0,-997562.1676734256
2003-10-23,0.0,-997562.1676734256
2003-10-24,0.0,-997562.1676734256
2003-10-27,0.0,-997562.1676734256
2003-10-28,0.0,-997562.1676734256
2003-10-29,0.0,-997562.1676734256
2003-10-30,0.0,-997562.1676734256
2003-10-31,0.0,-997562.1676734256
2003-11-03,0.0,-997562.1676734256
2003-11-04,0.0,-997562.1676734256
2003-11-05,42.36220216166972,-997519.8054712641
2003-11-06,-853.9176918818929,-998373.723163146
2003-11-07,0.0,-998373.723163146
2003-11-10,0.0,-998373.723163146
2003-11-11,21.41076222481157,-998352.3124009211
2003-11-12,14.789643961285432,-998337.5227569598
2003-11-13,-2.153896295247085,-998339.676653255
2003-11-14,18.599844135466842,-998321.0768091195
2003-11-17,20.149704858962522,-998300.9271042607
2003-11-18,1955.7335394690315,-996345.1935647916
2003-11-19,1.576546927990414,-996343.6170178636
2003-11-20,-0.4769797712281275,-996344.0939976348
2003-11-21,1.3388733556198693,-996342.7551242792
2003-11-24,0.18736645646619685,-996342.5677578227
2003-11-25,-0.45389886103901367,-996343.0216566838
2003-11-26,184.58016256748547,-996158.4414941163
2003-11-27,0.0,-996158.4414941163
2003-11-28,0.0,-996158.4414941163
2003-12-01,0.0,-996158.4414941163
2003-12-02,0.0,-996158.4414941163
2003-12-03,0.0,-996158.4414941163
2003-12-04,3.4320369037599034,-996155.0094572125
2003-12-05,2.8273030383432842,-996152.1821541742
2003-12-08,0.7805612088016561,-996151.4015929654
2003-12-09,0.14157247929423883,-996151.2600204861
2003-12-10,0.27381436021807865,-996150.9862061258
2003-12-11,1.0720831454922637,-996149.9141229804
2003-12-12,352.5479953016195,-995797.3661276788
2003-12-15,0.0,-995797.3661276788
2003-12-16,0.0,-995797.3661276788
2003-12-17,0.0,-995797.3661276788
2003-12-18,0.0,-995797.3661276788
2003-12-19,0.0,-995797.3661276788
2003-12-22,0.0,-995797.3661276788
2003-12-23,0.0,-995797.3661276788
2003-12-24,0.0,-995797.3661276788
2003-12-25,0.0,-995797.3661276788
2003-12-26,0.0,-995797.3661276788
2003-12-29,0.0,-995797.3661276788
2003-12-30,0.0,-995797.3661276788
2003-12-31,0.0,-995797.3661276788
2004-01-01,0.0,-995797.3661276788
2004-01-02,0.0,-995797.3661276788
2004-01-05,0.0,-995797.3661276788
2004-01-06,0.0,-995797.3661276788
2004-01-07,0.0,-995797.3661276788
2004-01-08,0.0,-995797.3661276788
2004-01-09,2.5436104448229266,-995794.8225172339
2004-01-12,-102.7216399756876,-995897.5441572096
2004-01-13,0.0,-995897.5441572096
2004-01-14,0.9897396654117462,-995896.5544175442
2004-01-15,0.5671358506721963,-995895.9872816935
2004-01-16,-34.54805118947671,-995930.535332883
2004-01-19,0.0,-995930.535332883
2004-01-20,0.0,-995930.535332883
2004-01-21,0.0,-995930.535332883
2004-01-22,0.0,-995930.535332883
2004-01-23,0.0,-995930.535332883
2004-01-26,0.0,-995930.535332883
2004-01-27,0.0,-995930.535332883
2004-01-28,0.0,-995930.535332883
2004-01-29,0.0,-995930.535332883
2004-01-30,0.0,-995930.535332883
2004-02-02,0.0,-995930.535332883
2004-02-03,0.0,-995930.535332883
2004-02-04,0.0,-995930.535332883
2004-02-05,0.0,-995930.535332883
2004-02-06,0.0,-995930.535332883
2004-02-09,0.0,-995930.535332883
2004-02-10,0.0,-995930.535332883
2004-02-11,0.0,-995930.535332883
2004-02-12,0.0,-995930.535332883
2004-02-13,0.0,-995930.535332883
2004-02-16,0.0,-995930.535332883
2004-02-17,0.0,-995930.535332883
2004-02-18,0.0,-995930.535332883
2004-02-19,0.0,-995930.535332883
2004-02-20,0.0,-995930.535332883
2004-02-23,0.0,-995930.535332883
2004-02-24,0.0,-995930.535332883
2004-02-25,0.0,-995930.535332883
2004-02-26,0.0,-995930.535332883
2004-02-27,0.0,-995930.535332883
2004-03-01,0.0,-995930.535332883
2004-03-02,0.0,-995930.535332883
2004-03-03,0.0,-995930.535332883
2004-03-04,0.0,-995930.535332883
2004-03-05,0.0,-995930.535332883
2004-03-08,0.0,-995930.535332883
2004-03-09,0.0,-995930.535332883
2004-03-10,0.0,-995930.535332883
2004-03-11,0.0,-995930.535332883
2004-03-12,0.0,-995930.535332883
2004-03-15,0.0,-995930.535332883
2004-03-16,0.0,-995930.535332883
2004-03-17,0.0,-995930.535332883
2004-03-18,0.0,-995930.535332883
2004-03-19,0.0,-995930.535332883
2004-03-22,0.0,-995930.535332883
2004-03-23,0.0,-995930.535332883
2004-03-24,0.0,-995930.535332883
2004-03-25,0.0,-995930.535332883
2004-03-26,0.0,-995930.535332883
2004-03-29,0.0,-995930.535332883
2004-03-30,0.0,-995930.535332883
2004-03-31,0.0,-995930.535332883
2004-04-01,0.0,-995930.535332883
2004-04-02,0.0,-995930.535332883
2004-04-05,0.0,-995930.535332883
2004-04-06,0.0,-995930.535332883
2004-04-07,0.0,-995930.535332883
2004-04-08,0.0,-995930.535332883
2004-04-09,0.0,-995930.535332883
2004-04-12,0.0,-995930.535332883
2004-04-13,69.84923520291541,-995860.6860976801
2004-04-14,-7710.361948620232,-1003571.0480463003
2004-04-15,-71.42096092600671,-1003642.4690072263
2004-04-16,-145.6987602890537,-1003788.1677675154
2004-04-19,-3337.2860889482927,-1007125.4538564637
2004-04-20,1673.8443242360884,-1005451.6095322276
2004-04-21,8143.685193080432,-997307.9243391472
2004-04-22,-1.773000044194415,-997309.6973391913
2004-04-23,2.7372197485372,-997306.9601194428
2004-04-26,-1.7868149853294952,-997308.7469344281
2004-04-27,0.5730136579321532,-997308.1739207702
2004-04-28,569.1533550956709,-996739.0205656745
2004-04-29,0.0,-996739.0205656745
2004-04-30,0.0,-996739.0205656745
2004-05-03,0.0,-996739.0205656745
2004-05-04,0.0,-996739.0205656745
2004-05-05,2.2374981618447323,-996736.7830675127
2004-05-06,0.6830866045366978,-996736.0999809082
2004-05-07,41.93708112941022,-996694.1628997788
2004-05-10,1.4181995243051495,-996692.7447002544
2004-05-11,1.7490960447642538,-996690.9956042097
2004-05-12,8.688777270227845,-996682.3068269395
2004-05-13,0.927721163249033,-996681.3791057762
2004-05-14,1.082466040035189,-996680.2966397362
2004-05-17,-0.35746650659937546,-996680.6541062428
2004-05-18,2.0683683750352864,-996678.5857378677
2004-05-19,-0.1459283116264103,-996678.7316661794
2004-05-20,0.2561507920017231,-996678.4755153874
2004-05-21,-0.17958880498511043,-996678.6551041923
2004-05-24,281.9673801254914,-996396.6877240669
2004-05-25,0.0,-996396.6877240669
2004-05-26,0.0,-996396.6877240669
2004-05-27,0.0,-996396.6877240669
2004-05-28,0.0,-996396.6877240669
2004-05-31,0.0,-996396.6877240669
2004-06-01,0.0,-996396.6877240669
2004-06-02,0.0,-996396.6877240669
2004-06-03,0.0,-996396.6877240669
2004-06-04,0.0,-996396.6877240669
2004-06-07,0.0,-996396.6877240669
2004-06-08,0.0,-996396.6877240669
2004-06-09,0.0,-996396.6877240669
2004-06-10,0.0,-996396.6877240669
2004-06-11,0.0,-996396.6877240669
2004-06-14,0.0,-996396.6877240669
2004-06-15,0.0,-996396.6877240669
2004-06-16,0.0,-996396.6877240669
2004-06-17,0.0,-996396.6877240669
2004-06-18,0.0,-996396.6877240669
2004-06-21,42.331084491296046,-996354.3566395756
2004-06-22,-0.6316225867900028,-996354.9882621623
2004-06-23,-839.2107132176931,-997194.19897538
2004-06-24,13.731783338033747,-997180.467192042
2004-06-25,24.96008595770585,-997155.5071060843
2004-06-28,38.6658281749187,-997116.8412779093
2004-06-29,14.587526013738621,-997102.2537518956
2004-06-30,3.4020716765935677,-997098.851680219
2004-07-01,3.24263946444632,-997095.6090407546
2004-07-02,4280.799065057951,-992814.8099756966
2004-07-05,0.0,-992814.8099756966
2004-07-06,0.0,-992814.8099756966
2004-07-07,0.0,-992814.8099756966
2004-07-08,0.0,-992814.8099756966
2004-07-09,0.0,-992814.8099756966
2004-07-12,4.810106132365233,-992809.9998695643
2004-07-13,-1.5811085504114692,-992811.5809781147
2004-07-14,-412.4124453052701,-993223.99342342
2004-07-15,0.0,-993223.99342342
2004-07-16,0.0,-993223.99342342
2004-07-19,0.0,-993223.99342342
2004-07-20,13.7373097104324,-993210.2561137095
2004-07-21,-1.638114373980603,-993211.8942280835
2004-07-22,-810.323650063284,-994022.2178781468
2004-07-23,0.0,-994022.2178781468
2004-07-26,0.0,-994022.2178781468
2004-07-27,0.0,-994022.2178781468
2004-07-28,0.0,-994022.2178781468
2004-07-29,0.0,-994022.2178781468
2004-07-30,0.0,-994022.2178781468
2004-08-02,0.0,-994022.2178781468
2004-08-03,0.0,-994022.2178781468
2004-08-04,0.0,-994022.2178781468
2004-08-05,0.0,-994022.2178781468
2004-08-06,0.0,-994022.2178781468
2004-08-09,0.0,-994022.2178781468
2004-08-10,0.0,-994022.2178781468
2004-08-11,0.0,-994022.2178781468
2004-08-12,0.0,-994022.2178781468
2004-08-13,0.0,-994022.2178781468
2004-08-16,0.0,-994022.2178781468
2004-08-17,0.0,-994022.2178781468
2004-08-18,0.0,-994022.2178781468
2004-08-19,0.0,-994022.2178781468
2004-08-20,0.0,-994022.2178781468
2004-08-23,0.0,-994022.2178781468
2004-08-24,0.0,-994022.2178781468
2004-08-25,0.0,-994022.2178781468
2004-08-26,119.55564243706387,-993902.6622357097
2004-08-27,51.2865531220263,-993851.3756825877
2004-08-30,70.67356287532687,-993780.7021197124
2004-08-31,-10.41687161046694,-993791.1189913228
2004-09-01,-14.731500386656512,-993805.8504917095
2004-09-02,80.83276290462015,-993725.0177288048
2004-09-03,-27.76430661768937,-993752.7820354226
2004-09-06,-133.93116853712914,-993886.7132039597
2004-09-07,50.48126209544015,-993836.2319418642
2004-09-08,83.95820506692297,-993752.2737367974
2004-09-09,36.850415719828305,-993715.4233210775
2004-09-10,5.90162280006701,-993709.5216982774
2004-09-13,-47.12425753693488,-993756.6459558144
2004-09-14,4.352742599137444,-993752.2932132153
2004-09-15,17.04934698439444,-993735.2438662308
2004-09-16,28477.310763036276,-965257.9331031946
2004-09-17,0.0,-965257.9331031946
2004-09-20,0.0,-965257.9331031946
2004-09-21,0.0,-965257.9331031946
2004-09-22,0.0,-965257.9331031946
2004-09-23,0.0,-965257.9331031946
2004-09-24,0.0,-965257.9331031946
2004-09-27,24.201406253448727,-965233.7316969411
2004-09-28,25.094886155190924,-965208.636810786
2004-09-29,-7.350478493770581,-965215.9872892797
2004-09-30,9.038979855992054,-965206.9483094238
2004-10-01,24.73597393004227,-965182.2123354936
2004-10-04,-4.8768532743463995,-965187.0891887681
2004-10-05,-2.2712881452414138,-965189.3604769133
2004-10-06,-7.841470309114863,-965197.2019472223
2004-10-07,2238.5972041649675,-962958.6047430574
2004-10-08,0.0,-962958.6047430574
2004-10-11,0.0,-962958.6047430574
2004-10-12,0.0,-962958.6047430574
2004-10-13,0.0,-962958.6047430574
2004-10-14,0.0,-962958.6047430574
2004-10-15,0.0,-962958.6047430574
2004-10-18,0.0,-962958.6047430574
2004-10-19,0.0,-962958.6047430574
2004-10-20,0.0,-962958.6047430574
2004-10-21,0.0,-962958.6047430574
2004-10-22,0.0,-962958.6047430574
2004-10-25,0.0,-962958.6047430574
2004-10-26,0.0,-962958.6047430574
2004-10-27,0.0,-962958.6047430574
2004-10-28,0.0,-962958.6047430574
2004-10-29,0.0,-962958.6047430574
2004-11-01,0.0,-962958.6047430574
2004-11-02,0.0,-962958.6047430574
2004-11-03,0.0,-962958.6047430574
2004-11-04,0.0,-962958.6047430574
2004-11-05,0.0,-962958.6047430574
2004-11-08,0.0,-962958.6047430574
2004-11-09,55.664443583209206,-962902.9402994742
2004-11-10,40.16289320322513,-962862.777406271
2004-11-11,-17.534247871155966,-962880.3116541421
2004-11-12,-1669.567097766217,-964549.8787519083
2004-11-15,0.0,-964549.8787519083
2004-11-16,0.0,-964549.8787519083
2004-11-17,0.0,-964549.8787519083
2004-11-18,0.0,-964549.8787519083
2004-11-19,0.0,-964549.8787519083
2004-11-22,0.0,-964549.8787519083
2004-11-23,0.0,-964549.8787519083
2004-11-24,-51.23471565360359,-964601.113467562
2004-11-25,-58218.926075016345,-1022820.0395425783
2004-11-26,0.0,-1022820.0395425783
2004-11-29,0.0,-1022820.0395425783
2004-11-30,0.0,-1022820.0395425783
2004-12-01,0.0,-1022820.0395425783
2004-12-02,0.0,-1022820.0395425783
2004-12-03,0.0,-1022820.0395425783
2004-12-06,0.0,-1022820.0395425783
2004-12-07,0.0,-1022820.0395425783
2004-12-08,0.0,-1022820.0395425783
2004-12-09,0.0,-1022820.0395425783
2004-12-10,0.0,-1022820.0395425783
2004-12-13,0.0,-1022820.0395425783
2004-12-14,0.0,-1022820.0395425783
2004-12-15,0.0,-1022820.0395425783
2004-12-16,0.0,-1022820.0395425783
2004-12-17,-456.400790851566,-1023276.4403334298
2004-12-20,1565.4385677156934,-1021711.0017657141
2004-12-21,14579.35717611969,-1007131.6445895944
2004-12-22,0.0,-1007131.6445895944
2004-12-23,0.0,-1007131.6445895944
2004-12-24,0.0,-1007131.6445895944
2004-12-27,0.0,-1007131.6445895944
2004-12-28,-142.63289179188965,-1007274.2774813863
2004-12-29,740.4837737162618,-1006533.7937076701
2004-12-30,-4378.333354011685,-1010912.1270616818
2004-12-31,2804.701463391231,-1008107.4255982905
2005-01-03,0.0,-1008107.4255982905
2005-01-04,0.0,-1008107.4255982905
2005-01-05,0.0,-1008107.4255982905
2005-01-06,0.0,-1008107.4255982905
2005-01-07,0.0,-1008107.4255982905
2005-01-10,0.0,-1008107.4255982905
2005-01-11,0.0,-1008107.4255982905
2005-01-12,-162.14851196581128,-1008269.5741102564
2005-01-13,-386.8148987080774,-1008656.3890089644
2005-01-14,-195.47691155821946,-1008851.8659205227
2005-01-17,492.5755644442675,-1008359.2903560784
2005-01-18,0.0,-1008359.2903560784
2005-01-19,0.0,-1008359.2903560784
2005-01-20,0.0,-1008359.2903560784
2005-01-21,0.0,-1008359.2903560784
2005-01-24,0.0,-1008359.2903560784
2005-01-25,0.0,-1008359.2903560784
2005-01-26,0.0,-1008359.2903560784
2005-01-27,0.0,-1008359.2903560784
2005-01-28,0.0,-1008359.2903560784
2005-01-31,0.0,-1008359.2903560784
2005-02-01,0.0,-1008359.2903560784
2005-02-02,-167.1858071215681,-1008526.4761632
2005-02-03,961.5170182694591,-1007564.9591449305
2005-02-04,0.0,-1007564.9591449305
2005-02-07,0.0,-1007564.9591449305
2005-02-08,0.0,-1007564.9591449305
2005-02-09,0.0,-1007564.9591449305
2005-02-10,0.0,-1007564.9591449305
2005-02-11,0.0,-1007564.9591449305
2005-02-14,0.0,-1007564.9591449305
2005-02-15,0.0,-1007564.9591449305
2005-02-16,0.0,-1007564.9591449305
2005-02-17,0.0,-1007564.9591449305
2005-02-18,0.0,-1007564.9591449305
2005-02-21,0.0,-1007564.9591449305
2005-02-22,0.0,-1007564.9591449305
2005-02-23,0.0,-1007564.9591449305
2005-02-24,0.0,-1007564.9591449305
2005-02-25,0.0,-1007564.9591449305
2005-02-28,0.0,-1007564.9591449305
2005-03-01,0.0,-1007564.9591449305
2005-03-02,0.0,-1007564.9591449305
2005-03-03,0.0,-1007564.9591449305
2005-03-04,0.0,-1007564.9591449305
2005-03-07,0.0,-1007564.9591449305
2005-03-08,0.0,-1007564.9591449305
2005-03-09,0.0,-1007564.9591449305
2005-03-10,0.0,-1007564.9591449305
2005-03-11,0.0,-1007564.9591449305
2005-03-14,0.0,-1007564.9591449305
2005-03-15,-151.2991828986103,-1007716.2583278291
2005-03-16,-4.18425008603387,-1007720.4425779151
2005-03-17,-799.3851411399785,-1008519.8277190551
2005-03-18,844.3293084719432,-1007675.4984105832
2005-03-21,212.2001229081491,-1007463.298287675
2005-03-22,213.97549129340928,-1007249.3227963817
2005-03-23,0.0,-1007249.3227963817
2005-03-24,0.0,-1007249.3227963817
2005-03-25,0.0,-1007249.3227963817
2005-03-28,0.0,-1007249.3227963817
2005-03-29,0.0,-1007249.3227963817
2005-03-30,-144.98645592763273,-1007394.3092523093
2005-03-31,143.67204951000693,-1007250.6372027993
2005-04-01,-1053.837319356379,-1008304.4745221556
2005-04-04,363.33699819820004,-1007941.1375239574
2005-04-05,-973.3450698926373,-1008914.4825938501
2005-04-06,-366.2916618077633,-1009280.7742556578
2005-04-07,-404.7306671171,-1009685.504922775
2005-04-08,-529.4175859186737,-1010214.9225086936
2005-04-11,-205.91749274567223,-1010420.8400014393
2005-04-12,626.9300435392363,-1009793.9099579001
2005-04-13,0.0,-1009793.9099579001
2005-04-14,0.0,-1009793.9099579001
2005-04-15,0.0,-1009793.9099579001
2005-04-18,0.0,-1009793.9099579001
2005-04-19,0.0,-1009793.9099579001
2005-04-20,0.0,-1009793.9099579001
2005-04-21,0.0,-1009793.9099579001
2005-04-22,0.0,-1009793.9099579001
2005-04-25,0.0,-1009793.9099579001
2005-04-26,0.0,-1009793.9099579001
2005-04-27,0.0,-1009793.9099579001
2005-04-28,0.0,-1009793.9099579001
2005-04-29,0.0,-1009793.9099579001
2005-05-02,0.0,-1009793.9099579001
2005-05-03,0.0,-1009793.9099579001
2005-05-04,0.0,-1009793.9099579001
2005-05-05,0.0,-1009793.9099579001
2005-05-06,-195.87819915800102,-1009989.7881570581
2005-05-09,17243.275174912753,-992746.5129821453
2005-05-10,0.0,-992746.5129821453
2005-05-11,0.0,-992746.5129821453
2005-05-12,0.0,-992746.5129821453
2005-05-13,0.0,-992746.5129821453
2005-05-16,0.0,-992746.5129821453
2005-05-17,0.0,-992746.5129821453
2005-05-18,0.0,-992746.5129821453
2005-05-19,0.0,-992746.5129821453
2005-05-20,0.0,-992746.5129821453
2005-05-23,0.0,-992746.5129821453
2005-05-24,0.0,-992746.5129821453
2005-05-25,0.0,-992746.5129821453
2005-05-26,0.0,-992746.5129821453
2005-05-27,0.0,-992746.5129821453
2005-05-30,0.0,-992746.5129821453
2005-05-31,0.0,-992746.5129821453
2005-06-01,0.0,-992746.5129821453
2005-06-02,6.283942865176106,-992740.2290392801
2005-06-03,-1.6947421578425228,-992741.9237814379
2005-06-06,2.796441640079966,-992739.1273397979
2005-06-07,0.3073678503654922,-992738.8199719475
2005-06-08,0.9166342839674251,-992737.9033376635
2005-06-09,4.576095186179229,-992733.3272424773
2005-06-10,1.631075686267681,-992731.6961667911
2005-06-13,87.50203833261808,-992644.1941284585
2005-06-14,111.60301791209628,-992532.5911105464
2005-06-15,-71.34632429538073,-992603.9374348418
2005-06-16,-31.057416616036694,-992634.9948514578
2005-06-17,-3357.220475986971,-995992.2153274448
2005-06-20,80.1556934511044,-995912.0596339937
2005-06-21,7.220269341864947,-995904.8393646518
2005-06-22,-3206.9835684234636,-999111.8229330753
2005-06-23,0.0,-999111.8229330753
2005-06-24,0.0,-999111.8229330753
2005-06-27,0.0,-999111.8229330753
2005-06-28,0.0,-999111.8229330753
2005-06-29,0.0,-999111.8229330753
2005-06-30,0.0,-999111.8229330753
2005-07-01,1.2711108141772938,-999110.5518222611
2005-07-04,-79.66936650773859,-999190.2211887689
2005-07-05,1.5834766639953333,-999188.6377121048
2005-07-06,-53.04316040600007,-999241.6808725109
2005-07-07,0.0,-999241.6808725109
2005-07-08,0.0,-999241.6808725109
2005-07-11,0.0,-999241.6808725109
2005-07-12,2.0875263210357433,-999239.5933461898
2005-07-13,-22.83627892955723,-999262.4296251193
2005-07-14,-32.36947425989937,-999294.7990993792
2005-07-15,-9.631803747097248,-999304.4309031264
2005-07-18,0.5256653095019624,-999303.9052378169
2005-07-19,-25.395687033387222,-999329.3009248503
2005-07-20,0.0,-999329.3009248503
2005-07-21,0.0,-999329.3009248503
2005-07-22,0.0,-999329.3009248503
2005-07-25,1.3651650477188522,-999327.9357598026
2005-07-26,0.8769605631072399,-999327.0587992395
2005-07-27,0.005192262697981301,-999327.0536069768
2005-07-28,-1.890037991735341,-999328.9436449684
2005-07-29,0.1858620250506283,-999328.7577829434
2005-08-01,3.9553751066965264,-999324.8024078367
2005-08-02,4.356048839342245,-999320.4463589974
2005-08-03,6.256641908664888,-999314.1897170887
2005-08-04,6.266118920327966,-999307.9235981684
2005-08-05,-4.4958040858050925,-999312.4194022542
2005-08-08,-32.18658589731061,-999344.6059881515
2005-08-09,705.2604986441914,-998639.3454895073
2005-08-10,0.0,-998639.3454895073
2005-08-11,0.0,-998639.3454895073
2005-08-12,0.0,-998639.3454895073
2005-08-15,0.0,-998639.3454895073
2005-08-16,0.0,-998639.3454895073
2005-08-17,0.0,-998639.3454895073
2005-08-18,0.0,-998639.3454895073
2005-08-19,0.0,-998639.3454895073
2005-08-22,0.0,-998639.3454895073
2005-08-23,0.0,-998639.3454895073
2005-08-24,19.403148045958527,-998619.9423414613
2005-08-25,-193.97908387695006,-998813.9214253383
2005-08-26,0.0,-998813.9214253383
2005-08-29,0.0,-998813.9214253383
2005-08-30,0.0,-998813.9214253383
2005-08-31,0.0,-998813.9214253383
2005-09-01,0.0,-998813.9214253383
2005-09-02,0.0,-998813.9214253383
2005-09-05,0.0,-998813.9214253383
2005-09-06,0.0,-998813.9214253383
2005-09-07,0.0,-998813.9214253383
2005-09-08,0.0,-998813.9214253383
2005-09-09,0.0,-998813.9214253383
2005-09-12,0.0,-998813.9214253383
2005-09-13,0.0,-998813.9214253383
2005-09-14,0.0,-998813.9214253383
2005-09-15,0.0,-998813.9214253383
2005-09-16,0.0,-998813.9214253383
2005-09-19,0.5253562785659134,-998813.3960690597
2005-09-20,-84.27477190759025,-998897.6708409673
2005-09-21,0.0,-998897.6708409673
2005-09-22,0.0,-998897.6708409673
2005-09-23,0.0,-998897.6708409673
2005-09-26,0.9145567061828689,-998896.7562842611
2005-09-27,0.9549922631816766,-998895.8012919979
2005-09-28,0.5768538835503149,-998895.2244381144
2005-09-29,0.4969808744024913,-998894.72745724
2005-09-30,0.2993523162325154,-998894.4281049238
2005-10-03,0.3059819001681512,-998894.1221230236
2005-10-04,-0.31664224541871533,-998894.438765269
2005-10-05,-0.4388271442506846,-998894.8775924132
2005-10-06,-0.059471145251744656,-998894.9370635585
2005-10-07,168.27040299440284,-998726.6666605641
2005-10-10,0.0,-998726.6666605641
2005-10-11,0.0,-998726.6666605641
2005-10-12,0.0,-998726.6666605641
2005-10-13,0.0,-998726.6666605641
2005-10-14,0.6853380610571117,-998725.9813225031
2005-10-17,-64.20617787497702,-998790.187500378
2005-10-18,0.0,-998790.187500378
2005-10-19,0.0,-998790.187500378
2005-10-20,0.0,-998790.187500378
2005-10-21,0.0,-998790.187500378
2005-10-24,0.0,-998790.187500378
2005-10-25,0.0,-998790.187500378
2005-10-26,0.0,-998790.187500378
2005-10-27,1.160029058796663,-998789.0274713192
2005-10-28,-137.19277857848942,-998926.2202498977
2005-10-31,0.0,-998926.2202498977
2005-11-01,0.872244740371571,-998925.3480051573
2005-11-02,1.4598148431731923,-998923.8881903142
2005-11-03,1.0391099616330137,-998922.8490803526
2005-11-04,-0.032521633524004265,-998922.8816019861
2005-11-07,-0.9819827453358496,-998923.8635847314
2005-11-08,100.96448816280268,-998822.8990965686
2005-11-09,0.0,-998822.8990965686
2005-11-10,0.0,-998822.8990965686
2005-11-11,0.0,-998822.8990965686
2005-11-14,19.790533439066916,-998803.1085631296
2005-11-15,-467.1665720965593,-999270.2751352261
2005-11-16,0.0,-999270.2751352261
2005-11-17,0.0,-999270.2751352261
2005-11-18,0.0,-999270.2751352261
2005-11-21,0.0,-999270.2751352261
2005-11-22,0.0,-999270.2751352261
2005-11-23,0.0,-999270.2751352261
2005-11-24,0.0,-999270.2751352261
2005-11-25,0.0,-999270.2751352261
2005-11-28,0.0,-999270.2751352261
2005-11-29,0.0,-999270.2751352261
2005-11-30,0.0,-999270.2751352261
2005-12-01,0.0,-999270.2751352261
2005-12-02,0.0,-999270.2751352261
2005-12-05,0.0,-999270.2751352261
2005-12-06,0.0,-999270.2751352261
2005-12-07,0.0,-999270.2751352261
2005-12-08,0.0,-999270.2751352261
2005-12-09,0.0,-999270.2751352261
2005-12-12,0.9304546722878851,-999269.3446805538
2005-12-13,0.007591692829020506,-999269.337088861
2005-12-14,-0.20470647369602848,-999269.5417953347
2005-12-15,0.7791162917931465,-999268.7626790429
2005-12-16,1.2880005184331116,-999267.4746785244
2005-12-19,1.353511332296979,-999266.1211671921
2005-12-20,-0.1953928533784758,-999266.3165600456
2005-12-21,-0.13219697660521143,-999266.4487570222
2005-12-22,-0.6012534614371079,-999267.0500104836
2005-12-23,0.11194874257111409,-999266.938061741
2005-12-26,178.14597650144083,-999088.7920852395
2005-12-27,0.0,-999088.7920852395
2005-12-28,0.0,-999088.7920852395
2005-12-29,0.0,-999088.7920852395
2005-12-30,0.0,-999088.7920852395
2006-01-02,0.0,-999088.7920852395
2006-01-03,0.0,-999088.7920852395
2006-01-04,0.0,-999088.7920852395
2006-01-05,0.0,-999088.7920852395
2006-01-06,0.0,-999088.7920852395
2006-01-09,0.0,-999088.7920852395
2006-01-10,0.0,-999088.7920852395
2006-01-11,0.0,-999088.7920852395
2006-01-12,0.5395706229151295,-999088.2525146167
2006-01-13,-12.377737339402312,-999100.630251956
2006-01-16,0.0,-999100.630251956
2006-01-17,0.625534407251019,-999100.0047175488
2006-01-18,-37.271303059189776,-999137.276020608
2006-01-19,0.2940222825752129,-999136.9819983254
2006-01-20,0.31761363341900145,-999136.664384692
2006-01-23,-0.025575295901978105,-999136.6899599879
2006-01-24,-5.592437382656037,-999142.2823973706
2006-01-25,0.0,-999142.2823973706
2006-01-26,0.0,-999142.2823973706
2006-01-27,0.0,-999142.2823973706
2006-01-30,0.0,-999142.2823973706
2006-01-31,0.0,-999142.2823973706
2006-02-01,0.0,-999142.2823973706
2006-02-02,0.0,-999142.2823973706
2006-02-03,0.0,-999142.2823973706
2006-02-06,0.0,-999142.2823973706
2006-02-07,1.0987365349518055,-999141.1836608356
2006-02-08,-0.11114595639886962,-999141.294806792
2006-02-09,-39.02385736961639,-999180.3186641616
2006-02-10,0.8163169409548142,-999179.5023472207
2006-02-13,0.36695612936462146,-999179.1353910913
2006-02-14,-0.15939323334093866,-999179.2947843246
2006-02-15,-42.186412786526205,-999221.4811971112
2006-02-16,0.0,-999221.4811971112
2006-02-17,0.0,-999221.4811971112
2006-02-20,0.0,-999221.4811971112
2006-02-21,0.0,-999221.4811971112
2006-02-22,0.0,-999221.4811971112
2006-02-23,0.0,-999221.4811971112
2006-02-24,0.0,-999221.4811971112
2006-02-27,0.0,-999221.4811971112
2006-02-28,0.0,-999221.4811971112
2006-03-01,0.0,-999221.4811971112
2006-03-02,0.0,-999221.4811971112
2006-03-03,0.0,-999221.4811971112
2006-03-06,0.0,-999221.4811971112
2006-03-07,0.0,-999221.4811971112
2006-03-08,1.8874240194042617,-999219.5937730918
2006-03-09,-0.05849499840998426,-999219.6522680902
2006-03-10,0.4195294584370491,-999219.2327386318
2006-03-13,0.7663711735611863,-999218.4663674582
2006-03-14,-0.07093088290428438,-999218.537298341
2006-03-15,-0.027842710071837244,-999218.5651410512
2006-03-16,-0.2333224620546564,-999218.7984635133
2006-03-17,36.143412714405,-999182.6550507988
2006-03-20,0.0,-999182.6550507988
2006-03-21,0.0,-999182.6550507988
2006-03-22,0.0,-999182.6550507988
2006-03-23,0.0,-999182.6550507988
2006-03-24,0.0,-999182.6550507988
2006-03-27,0.0,-999182.6550507988
2006-03-28,0.0,-999182.6550507988
2006-03-29,0.0,-999182.6550507988
2006-03-30,0.0,-999182.6550507988
2006-03-31,0.0,-999182.6550507988
2006-04-03,0.0,-999182.6550507988
2006-04-04,0.0,-999182.6550507988
2006-04-05,0.0,-999182.6550507988
2006-04-06,0.0,-999182.6550507988
2006-04-07,0.0,-999182.6550507988
2006-04-10,0.0,-999182.6550507988
2006-04-11,0.0,-999182.6550507988
2006-04-12,0.0,-999182.6550507988
2006-04-13,0.0,-999182.6550507988
2006-04-14,0.0,-999182.6550507988
2006-04-17,0.0,-999182.6550507988
2006-04-18,0.0,-999182.6550507988
2006-04-19,0.0,-999182.6550507988
2006-04-20,0.0,-999182.6550507988
2006-04-21,0.0,-999182.6550507988
2006-04-24,12.255742033618764,-999170.3993087652
2006-04-25,-2.0820627790215,-999172.4813715442
2006-04-26,4.986129211532596,-999167.4952423327
2006-04-27,5.233892599952306,-999162.2613497328
2006-04-28,7.709851920607584,-999154.5514978122
2006-05-01,2.6032267162672595,-999151.9482710959
2006-05-02,8.058585925719669,-999143.8896851701
2006-05-03,-4.4342884499164015,-999148.3239736201
2006-05-04,-0.3097821061232246,-999148.6337557262
2006-05-05,1127.477866291883,-998021.1558894343
2006-05-08,0.0,-998021.1558894343
2006-05-09,0.0,-998021.1558894343
2006-05-10,0.0,-998021.1558894343
2006-05-11,0.5400136643176181,-998020.61587577
2006-05-12,-62.0890245278555,-998082.7049002978
2006-05-15,0.0,-998082.7049002978
2006-05-16,1.1273665105389024,-998081.5775337872
2006-05-17,2.4560461455031604,-998079.1214876418
2006-05-18,-0.18812620618562523,-998079.309613848
2006-05-19,1.2415326508787956,-998078.0680811971
2006-05-22,116.37424341867619,-997961.6938377784
2006-05-23,0.0,-997961.6938377784
2006-05-24,0.0,-997961.6938377784
2006-05-25,0.0,-997961.6938377784
2006-05-26,0.0,-997961.6938377784
2006-05-29,0.0,-997961.6938377784
2006-05-30,0.0,-997961.6938377784
2006-05-31,0.0,-997961.6938377784
2006-06-01,0.0,-997961.6938377784
2006-06-02,0.0,-997961.6938377784
2006-06-05,0.0,-997961.6938377784
2006-06-06,0.0,-997961.6938377784
2006-06-07,0.0,-997961.6938377784
2006-06-08,0.0,-997961.6938377784
2006-06-09,0.0,-997961.6938377784
2006-06-12,0.0,-997961.6938377784
2006-06-13,0.0,-997961.6938377784
2006-06-14,0.0,-997961.6938377784
2006-06-15,0.0,-997961.6938377784
2006-06-16,0.0,-997961.6938377784
2006-06-19,0.0,-997961.6938377784
2006-06-20,0.0,-997961.6938377784
2006-06-21,0.0,-997961.6938377784
2006-06-22,0.0,-997961.6938377784
2006-06-23,0.0,-997961.6938377784
2006-06-26,0.0,-997961.6938377784
2006-06-27,0.0,-997961.6938377784
2006-06-28,0.0,-997961.6938377784
2006-06-29,0.0,-997961.6938377784
2006-06-30,0.0,-997961.6938377784
2006-07-03,0.0,-997961.6938377784
2006-07-04,0.0,-997961.6938377784
2006-07-05,0.0,-997961.6938377784
2006-07-06,0.0,-997961.6938377784
2006-07-07,0.0,-997961.6938377784
2006-07-10,0.0,-997961.6938377784
2006-07-11,0.0,-997961.6938377784
2006-07-12,0.0,-997961.6938377784
2006-07-13,0.0,-997961.6938377784
2006-07-14,0.0,-997961.6938377784
2006-07-17,0.0,-997961.6938377784
2006-07-18,0.0,-997961.6938377784
2006-07-19,1.7761187489599835,-997959.9177190295
2006-07-20,-0.08785921710500043,-997960.0055782465
2006-07-21,-94.96738387516206,-998054.9729621217
2006-07-24,1.0536136712781896,-998053.9193484504
2006-07-25,-7.6618506746277,-998061.581199125
2006-07-26,0.0,-998061.581199125
2006-07-27,0.0,-998061.581199125
2006-07-28,0.0,-998061.581199125
2006-07-31,0.0,-998061.581199125
2006-08-01,0.0,-998061.581199125
2006-08-02,0.0,-998061.581199125
2006-08-03,0.0,-998061.581199125
2006-08-04,0.0,-998061.581199125
2006-08-07,0.0,-998061.581199125
2006-08-08,0.0,-998061.581199125
2006-08-09,0.0,-998061.581199125
2006-08-10,0.0,-998061.581199125
2006-08-11,0.0,-998061.581199125
2006-08-14,0.0,-998061.581199125
2006-08-15,0.0,-998061.581199125
2006-08-16,0.0,-998061.581199125
2006-08-17,0.0,-998061.581199125
2006-08-18,1.7423055002195071,-998059.8388936248
2006-08-21,-17.391198943764476,-998077.2300925686
2006-08-22,0.0,-998077.2300925686
2006-08-23,0.0,-998077.2300925686
2006-08-24,0.0,-998077.2300925686
2006-08-25,0.0,-998077.2300925686
2006-08-28,0.0,-998077.2300925686
2006-08-29,0.0,-998077.2300925686
2006-08-30,0.0,-998077.2300925686
2006-08-31,0.0,-998077.2300925686
2006-09-01,0.0,-998077.2300925686
2006-09-04,0.0,-998077.2300925686
2006-09-05,8.63596527540067,-998068.5941272932
2006-09-06,-2844.7495460713367,-1000913.3436733645
2006-09-07,-18.266873467290818,-1000931.6105468319
2006-09-08,-18.632210936636632,-1000950.2427577685
2006-09-11,78.75185564992108,-1000871.4909021185
2006-09-12,0.0,-1000871.4909021185
2006-09-13,0.0,-1000871.4909021185
2006-09-14,-17.429818042370943,-1000888.9207201609
2006-09-15,39.89761935229403,-1000849.0231008086
2006-09-18,0.0,-1000849.0231008086
2006-09-19,0.0,-1000849.0231008086
2006-09-20,0.0,-1000849.0231008086
2006-09-21,0.0,-1000849.0231008086
2006-09-22,0.0,-1000849.0231008086
2006-09-25,0.0,-1000849.0231008086
2006-09-26,0.0,-1000849.0231008086
2006-09-27,0.0,-1000849.0231008086
2006-09-28,0.0,-1000849.0231008086
2006-09-29,0.0,-1000849.0231008086
2006-10-02,-16.98046201617248,-1000866.0035628248
2006-10-03,-45.746432060802945,-1000911.7499948856
2006-10-04,-22.416208288454907,-1000934.166203174
2006-10-05,60.6624937121512,-1000873.5037094619
2006-10-06,0.0,-1000873.5037094619
2006-10-09,0.0,-1000873.5037094619
2006-10-10,0.0,-1000873.5037094619
2006-10-11,0.0,-1000873.5037094619
2006-10-12,0.0,-1000873.5037094619
2006-10-13,0.0,-1000873.5037094619
2006-10-16,0.0,-1000873.5037094619
2006-10-17,-17.470074189238066,-1000890.9737836511
2006-10-18,3.2050581864608993,-1000887.7687254647
2006-10-19,-26.653791680005583,-1000914.4225171447
2006-10-20,8.645688177916721,-1000905.7768289668
2006-10-23,-139.79635246890751,-1001045.5731814357
2006-10-24,-13.857320163076249,-1001059.4305015987
2006-10-25,62.64598957614271,-1000996.7845120226
2006-10-26,0.0,-1000996.7845120226
2006-10-27,0.0,-1000996.7845120226
2006-10-30,0.0,-1000996.7845120226
2006-10-31,0.0,-1000996.7845120226
2006-11-01,0.0,-1000996.7845120226
2006-11-02,0.0,-1000996.7845120226
2006-11-03,0.0,-1000996.7845120226
2006-11-06,0.0,-1000996.7845120226
2006-11-07,0.0,-1000996.7845120226
2006-11-08,0.0,-1000996.7845120226
2006-11-09,0.0,-1000996.7845120226
2006-11-10,0.0,-1000996.7845120226
2006-11-13,0.0,-1000996.7845120226
2006-11-14,0.0,-1000996.7845120226
2006-11-15,0.0,-1000996.7845120226
2006-11-16,0.0,-1000996.7845120226
2006-11-17,0.0,-1000996.7845120226
2006-11-20,0.0,-1000996.7845120226
2006-11-21,0.0,-1000996.7845120226
2006-11-22,0.0,-1000996.7845120226
2006-11-23,0.0,-1000996.7845120226
2006-11-24,0.0,-1000996.7845120226
2006-11-27,0.0,-1000996.7845120226
2006-11-28,0.0,-1000996.7845120226
2006-11-29,0.0,-1000996.7845120226
2006-11-30,0.0,-1000996.7845120226
2006-12-01,0.0,-1000996.7845120226
2006-12-04,0.0,-1000996.7845120226
2006-12-05,-19.93569024045221,-1001016.7202022631
2006-12-06,385.71070460782374,-1000631.0094976552
2006-12-07,0.0,-1000631.0094976552
2006-12-08,0.0,-1000631.0094976552
2006-12-11,0.0,-1000631.0094976552
2006-12-12,0.0,-1000631.0094976552
2006-12-13,0.0,-1000631.0094976552
2006-12-14,0.0,-1000631.0094976552
2006-12-15,0.0,-1000631.0094976552
2006-12-18,0.0,-1000631.0094976552
2006-12-19,0.0,-1000631.0094976552
2006-12-20,0.0,-1000631.0094976552
2006-12-21,0.0,-1000631.0094976552
2006-12-22,-12.620189953104777,-1000643.6296876083
2006-12-25,-16.952542661217606,-1000660.5822302696
2006-12-26,62.53621676354933,-1000598.046013506
2006-12-27,0.0,-1000598.046013506
2006-12-28,-11.960920270120239,-1000610.0069337761
2006-12-29,3.307893190114765,-1000606.699040586
2007-01-01,0.0,-1000606.699040586
2007-01-02,0.0,-1000606.699040586
2007-01-03,0.0,-1000606.699040586
2007-01-04,0.0,-1000606.699040586
2007-01-05,0.0,-1000606.699040586
2007-01-08,0.0,-1000606.699040586
2007-01-09,0.0,-1000606.699040586
2007-01-10,0.0,-1000606.699040586
2007-01-11,0.0,-1000606.699040586
2007-01-12,0.0,-1000606.699040586
2007-01-15,0.0,-1000606.699040586
2007-01-16,0.0,-1000606.699040586
2007-01-17,0.0,-1000606.699040586
2007-01-18,0.0,-1000606.699040586
2007-01-19,0.0,-1000606.699040586
2007-01-22,0.0,-1000606.699040586
2007-01-23,0.0,-1000606.699040586
2007-01-24,0.0,-1000606.699040586
2007-01-25,0.0,-1000606.699040586
2007-01-26,0.0,-1000606.699040586
2007-01-29,-12.133980811720349,-1000618.8330213977
2007-01-30,319.6993012923212,-1000299.1337201054
2007-01-31,-5.982674402108331,-1000305.1163945076
2007-02-01,-143.45990002682157,-1000448.5762945344
2007-02-02,224.64096974902748,-1000223.9353247853
2007-02-05,-4.47870649570638,-1000228.414031281
2007-02-06,78.55619631037256,-1000149.8578349707
2007-02-07,0.0,-1000149.8578349707
2007-02-08,0.0,-1000149.8578349707
2007-02-09,-2.997156699413056,-1000152.8549916701
2007-02-12,-27.220293729736028,-1000180.0752853998
2007-02-13,4.722534581724295,-1000175.3527508181
2007-02-14,7.501258538330436,-1000167.8514922798
2007-02-15,-5.978756985591115,-1000173.8302492653
2007-02-16,-9.467605133764483,-1000183.2978543991
2007-02-19,1.0526130335336172,-1000182.2452413655
2007-02-20,0.0,-1000182.2452413655
2007-02-21,0.0,-1000182.2452413655
2007-02-22,0.0,-1000182.2452413655
2007-02-23,0.0,-1000182.2452413655
2007-02-26,0.0,-1000182.2452413655
2007-02-27,0.0,-1000182.2452413655
2007-02-28,0.0,-1000182.2452413655
2007-03-01,-3.644904827311383,-1000185.8901461929
2007-03-02,188.8071521503498,-999997.0829940425
2007-03-05,0.0,-999997.0829940425
2007-03-06,0.0,-999997.0829940425
2007-03-07,0.0,-999997.0829940425
2007-03-08,0.0,-999997.0829940425
2007-03-09,0.0,-999997.0829940425
2007-03-12,0.0,-999997.0829940425
2007-03-13,0.0,-999997.0829940425
2007-03-14,0.0,-999997.0829940425
2007-03-15,0.0,-999997.0829940425
2007-03-16,0.0,-999997.0829940425
2007-03-19,0.0,-999997.0829940425
2007-03-20,0.0,-999997.0829940425
2007-03-21,0.0,-999997.0829940425
2007-03-22,0.0,-999997.0829940425
2007-03-23,0.0,-999997.0829940425
2007-03-26,0.0,-999997.0829940425
2007-03-27,0.0,-999997.0829940425
2007-03-28,0.0,-999997.0829940425
2007-03-29,0.0,-999997.0829940425
2007-03-30,0.0,-999997.0829940425
2007-04-02,0.0,-999997.0829940425
2007-04-03,0.0,-999997.0829940425
2007-04-04,0.0,-999997.0829940425
2007-04-05,0.0,-999997.0829940425
2007-04-06,0.0,-999997.0829940425
2007-04-09,0.0,-999997.0829940425
2007-04-10,0.0,-999997.0829940425
2007-04-11,0.0,-999997.0829940425
2007-04-12,0.046570525387895384,-999997.0364235172
2007-04-13,-0.06667639974186586,-999997.1030999168
2007-04-16,0.005984414573953811,-999997.0971155023
2007-04-17,0.15736026246912693,-999996.9397552399
2007-04-18,0.034378144499458724,-999996.9053770953
2007-04-19,0.022321559611333208,-999996.8830555357
2007-04-20,-0.00305534793888946,-999996.8861108837
2007-04-23,-0.6311590446586797,-999997.5172699284
2007-04-24,0.0,-999997.5172699284
2007-04-25,0.0,-999997.5172699284
2007-04-26,0.0,-999997.5172699284
2007-04-27,0.0,-999997.5172699284
2007-04-30,0.0,-999997.5172699284
2007-05-01,0.0,-999997.5172699284
2007-05-02,0.0,-999997.5172699284
2007-05-03,0.0,-999997.5172699284
2007-05-04,0.0,-999997.5172699284
2007-05-07,0.0,-999997.5172699284
2007-05-08,0.0,-999997.5172699284
2007-05-09,0.0,-999997.5172699284
2007-05-10,0.0,-999997.5172699284
2007-05-11,0.0,-999997.5172699284
2007-05-14,0.0,-999997.5172699284
2007-05-15,0.0,-999997.5172699284
2007-05-16,0.0,-999997.5172699284
2007-05-17,0.0,-999997.5172699284
2007-05-18,0.0,-999997.5172699284
2007-05-21,0.0,-999997.5172699284
2007-05-22,0.0,-999997.5172699284
2007-05-23,0.0,-999997.5172699284
2007-05-24,0.0019095008029219299,-999997.5153604276
2007-05-25,0.0012444792355217284,-999997.5141159483
2007-05-28,0.027115773550364472,-999997.4870001747
2007-05-29,-2.106779678145109,-999999.5937798528
2007-05-30,0.006336167085575016,-999999.5874436857
2007-05-31,0.0033567232149020326,-999999.5840869626
2007-06-01,0.004073293969544551,-999999.5800136686
2007-06-04,-0.04533498289824028,-999999.6253486515
2007-06-05,6.551813029874822e-05,-999999.6252831334
2007-06-06,-0.026239344600107746,-999999.651522478
2007-06-07,0.6638498410501104,-999998.987672637
2007-06-08,0.0,-999998.987672637
2007-06-11,0.0,-999998.987672637
2007-06-12,0.0,-999998.987672637
2007-06-13,0.0,-999998.987672637
2007-06-14,0.0,-999998.987672637
2007-06-15,0.0,-999998.987672637
2007-06-18,0.0,-999998.987672637
2007-06-19,0.0,-999998.987672637
2007-06-20,0.0,-999998.987672637
2007-06-21,0.0,-999998.987672637
2007-06-22,0.0,-999998.987672637
2007-06-25,0.0,-999998.987672637
2007-06-26,0.0,-999998.987672637
2007-06-27,0.0,-999998.987672637
2007-06-28,0.0,-999998.987672637
2007-06-29,0.0,-999998.987672637
2007-07-02,0.0,-999998.987672637
2007-07-03,0.0,-999998.987672637
2007-07-04,0.0,-999998.987672637
2007-07-05,0.0,-999998.987672637
2007-07-06,0.0,-999998.987672637
2007-07-09,0.0,-999998.987672637
2007-07-10,0.0,-999998.987672637
2007-07-11,0.0,-999998.987672637
2007-07-12,0.0,-999998.987672637
2007-07-13,0.014622091108132068,-999998.9730505458
2007-07-16,0.008816893284232666,-999998.9642336526
2007-07-17,-0.9615847316158451,-999999.9258183842
2007-07-18,0.0,-999999.9258183842
2007-07-19,0.0,-999999.9258183842
2007-07-20,0.0,-999999.9258183842
2007-07-23,0.0,-999999.9258183842
2007-07-24,0.0,-999999.9258183842
2007-07-25,0.0,-999999.9258183842
2007-07-26,0.0,-999999.9258183842
2007-07-27,0.0,-999999.9258183842
2007-07-30,0.0,-999999.9258183842
2007-07-31,0.0,-999999.9258183842
2007-08-01,0.0,-999999.9258183842
2007-08-02,0.0005109490917928536,-999999.9253074351
2007-08-03,-0.06279659592207164,-999999.988104031
2007-08-06,0.0,-999999.988104031
2007-08-07,0.0,-999999.988104031
2007-08-08,0.00014749962514558584,-999999.9879565313
2007-08-09,1.9088024901092775e-05,-999999.9879374433
2007-08-10,3.26826695852717e-05,-999999.9879047606
2007-08-13,-0.004134726076600298,-999999.9920394868
2007-08-14,0.0,-999999.9920394868
2007-08-15,0.0,-999999.9920394868
2007-08-16,0.0,-999999.9920394868
2007-08-17,0.00011559994005139438,-999999.9919238868
2007-08-20,3.2032347595922485e-05,-999999.9918918544
2007-08-21,-5.4326651843496e-06,-999999.9918972871
2007-08-22,4.2713225946654814e-05,-999999.991854574
2007-08-23,0.0028265547383333083,-999999.9890280191
2007-08-24,0.0001290533590314072,-999999.9888989658
2007-08-27,-0.006516894378538996,-999999.9954158602
2007-08-28,3.7666314467638746e-08,-999999.9954158225
2007-08-29,0.00047747823158283585,-999999.9949383442
2007-08-30,0.0,-999999.9949383442
2007-08-31,0.0,-999999.9949383442
2007-09-03,0.0,-999999.9949383442
2007-09-04,0.0,-999999.9949383442
2007-09-05,0.0,-999999.9949383442
2007-09-06,0.0,-999999.9949383442
2007-09-07,0.0,-999999.9949383442
2007-09-10,0.0,-999999.9949383442
2007-09-11,0.0,-999999.9949383442
2007-09-12,0.0,-999999.9949383442
2007-09-13,0.0,-999999.9949383442
2007-09-14,0.0,-999999.9949383442
2007-09-17,0.0,-999999.9949383442
2007-09-18,0.0,-999999.9949383442
2007-09-19,0.0,-999999.9949383442
2007-09-20,0.0,-999999.9949383442
2007-09-21,0.0,-999999.9949383442
2007-09-24,0.0,-999999.9949383442
2007-09-25,0.0,-999999.9949383442
2007-09-26,0.0,-999999.9949383442
2007-09-27,0.0,-999999.9949383442
2007-09-28,2.9129668196298032e-06,-999999.9949354313
2007-10-01,-2.351271220353811e-05,-999999.994958944
2007-10-02,0.0,-999999.994958944
2007-10-03,0.0,-999999.994958944
2007-10-04,7.77587075427755e-06,-999999.9949511682
2007-10-05,-0.0008465700471457854,-999999.9957977382
2007-10-08,3.4058208458875505e-05,-999999.99576368
2007-10-09,-0.004833482999950674,-1000000.000597163
2007-10-10,0.0,-1000000.000597163
2007-10-11,0.0,-1000000.000597163
2007-10-12,0.0,-1000000.000597163
2007-10-15,0.0,-1000000.000597163
2007-10-16,0.0,-1000000.000597163
2007-10-17,0.0,-1000000.000597163
2007-10-18,0.0,-1000000.000597163
2007-10-19,0.0,-1000000.000597163
2007-10-22,0.0,-1000000.000597163
2007-10-23,-1.1943259829806634e-05,-1000000.0006091063
2007-10-24,0.00010560646411464939,-1000000.0005034998
2007-10-25,0.0,-1000000.0005034998
2007-10-26,0.0,-1000000.0005034998
2007-10-29,0.0,-1000000.0005034998
2007-10-30,0.0,-1000000.0005034998
2007-10-31,0.0,-1000000.0005034998
2007-11-01,0.0,-1000000.0005034998
2007-11-02,0.0,-1000000.0005034998
2007-11-05,0.0,-1000000.0005034998
2007-11-06,0.0,-1000000.0005034998
2007-11-07,-1.0069995744109777e-05,-1000000.0005135698
2007-11-08,4.6486895384841874e-05,-1000000.0004670828
2007-11-09,0.0,-1000000.0004670828
2007-11-12,0.0,-1000000.0004670828
2007-11-13,0.0,-1000000.0004670828
2007-11-14,0.0,-1000000.0004670828
2007-11-15,0.0,-1000000.0004670828
2007-11-16,-9.341657751295136e-06,-1000000.0004764246
2007-11-19,1.5638505801213557e-06,-1000000.0004748607
2007-11-20,0.0,-1000000.0004748607
2007-11-21,0.0,-1000000.0004748607
2007-11-22,-9.49721389471861e-06,-1000000.0004843579
2007-11-23,-1.4364013405326855e-05,-1000000.000498722
2007-11-26,0.0,-1000000.000498722
2007-11-27,0.0,-1000000.000498722
2007-11-28,-9.974438440719521e-06,-1000000.0005086963
2007-11-29,-3.773395237201158e-05,-1000000.0005464304
2007-11-30,-7.609236291391768e-05,-1000000.0006225227
2007-12-03,-4.611753805672926e-05,-1000000.0006686402
2007-12-04,0.00019165154303106072,-1000000.0004769886
2007-12-05,-2.5519739559988632e-05,-1000000.0005025084
2007-12-06,-8.912794527453282e-05,-1000000.0005916364
2007-12-07,0.0004899312858045351,-1000000.0001017051
2007-12-10,-5.42627264887766e-05,-1000000.0001559678
2007-12-11,-1.0811282013525913e-05,-1000000.000166779
2007-12-12,-3.71657378672428e-05,-1000000.0002039449
2007-12-13,-2.046728272209974e-05,-1000000.0002244121
2007-12-14,1.0355677984185523e-05,-1000000.0002140565
2007-12-17,-9.610786787792264e-06,-1000000.0002236672
2007-12-18,6.233160101206597e-08,-1000000.0002236048
2007-12-19,-4.6890254267162196e-05,-1000000.0002704951
2007-12-20,-3.052782672339176e-05,-1000000.000301023
2007-12-21,-5.480995997314737e-05,-1000000.0003558329
2007-12-24,1.2497775229851442e-05,-1000000.0003433351
2007-12-25,-4.22535942737216e-05,-1000000.0003855887
2007-12-26,3.342856328685045e-05,-1000000.0003521602
2007-12-27,5.233850499983889e-05,-1000000.0002998217
2007-12-28,0.0,-1000000.0002998217
2007-12-31,0.0,-1000000.0002998217
2008-01-01,0.0,-1000000.0002998217
2008-01-02,0.0,-1000000.0002998217
2008-01-03,0.0,-1000000.0002998217
2008-01-04,0.0,-1000000.0002998217
2008-01-07,0.0,-1000000.0002998217
2008-01-08,0.0,-1000000.0002998217
2008-01-09,0.0,-1000000.0002998217
2008-01-10,0.0,-1000000.0002998217
2008-01-11,0.0,-1000000.0002998217
2008-01-14,0.0,-1000000.0002998217
2008-01-15,0.0,-1000000.0002998217
2008-01-16,0.0,-1000000.0002998217
2008-01-17,0.0,-1000000.0002998217
2008-01-18,0.0,-1000000.0002998217
2008-01-21,0.0,-1000000.0002998217
2008-01-22,0.0,-1000000.0002998217
2008-01-23,0.0,-1000000.0002998217
2008-01-24,0.0,-1000000.0002998217
2008-01-25,0.0,-1000000.0002998217
2008-01-28,0.0,-1000000.0002998217
2008-01-29,0.0,-1000000.0002998217
2008-01-30,0.0,-1000000.0002998217
2008-01-31,0.0,-1000000.0002998217
2008-02-01,0.0,-1000000.0002998217
2008-02-04,0.0,-1000000.0002998217
2008-02-05,0.0,-1000000.0002998217
2008-02-06,-5.9964333566680364e-06,-1000000.000305818
2008-02-07,-2.3440261372860386e-05,-1000000.0003292584
2008-02-08,-9.498523258540522e-06,-1000000.0003387568
2008-02-11,-2.3451951307186796e-05,-1000000.0003622088
2008-02-12,6.906962180377194e-06,-1000000.0003553019
2008-02-13,-1.468235343934438e-05,-1000000.0003699842
2008-02-14,-4.019528274546925e-05,-1000000.0004101795
2008-02-15,-1.0597103782220434e-05,-1000000.0004207767
2008-02-18,2.2154627267742636e-05,-1000000.000398622
2008-02-19,0.0,-1000000.000398622
2008-02-20,0.0,-1000000.000398622
2008-02-21,0.0,-1000000.000398622
2008-02-22,0.0,-1000000.000398622
2008-02-25,0.0,-1000000.000398622
2008-02-26,0.0,-1000000.000398622
2008-02-27,0.0,-1000000.000398622
2008-02-28,0.0,-1000000.000398622
2008-02-29,0.0,-1000000.000398622
2008-03-03,0.0,-1000000.000398622
2008-03-04,0.0,-1000000.000398622
2008-03-05,0.0,-1000000.000398622
2008-03-06,0.0,-1000000.000398622
2008-03-07,0.0,-1000000.000398622
2008-03-10,0.0,-1000000.000398622
2008-03-11,0.0,-1000000.000398622
2008-03-12,0.0,-1000000.000398622
2008-03-13,0.0,-1000000.000398622
2008-03-14,0.0,-1000000.000398622
2008-03-17,0.0,-1000000.000398622
2008-03-18,0.0,-1000000.000398622
2008-03-19,0.0,-1000000.000398622
2008-03-20,0.0,-1000000.000398622
2008-03-21,0.0,-1000000.000398622
2008-03-24,0.0,-1000000.000398622
2008-03-25,0.0,-1000000.000398622
2008-03-26,0.0,-1000000.000398622
2008-03-27,0.0,-1000000.000398622
2008-03-28,0.0,-1000000.000398622
2008-03-31,0.0,-1000000.000398622
2008-04-01,0.0,-1000000.000398622
2008-04-02,0.0,-1000000.000398622
2008-04-03,0.0,-1000000.000398622
2008-04-04,0.0,-1000000.000398622
2008-04-07,0.0,-1000000.000398622
2008-04-08,0.0,-1000000.000398622
2008-04-09,0.0,-1000000.000398622
2008-04-10,0.0,-1000000.000398622
2008-04-11,0.0,-1000000.000398622
2008-04-14,0.0,-1000000.000398622
2008-04-15,0.0,-1000000.000398622
2008-04-16,0.0,-1000000.000398622
2008-04-17,0.0,-1000000.000398622
2008-04-18,0.0,-1000000.000398622
2008-04-21,0.0,-1000000.000398622
2008-04-22,0.0,-1000000.000398622
2008-04-23,0.0,-1000000.000398622
2008-04-24,0.0,-1000000.000398622
2008-04-25,0.0,-1000000.000398622
2008-04-28,0.0,-1000000.000398622
2008-04-29,0.0,-1000000.000398622
2008-04-30,0.0,-1000000.000398622
2008-05-01,0.0,-1000000.000398622
2008-05-02,0.0,-1000000.000398622
2008-05-05,0.0,-1000000.000398622
2008-05-06,0.0,-1000000.000398622
2008-05-07,0.0,-1000000.000398622
2008-05-08,0.0,-1000000.000398622
2008-05-09,0.0,-1000000.000398622
2008-05-12,0.0,-1000000.000398622
2008-05-13,0.0,-1000000.000398622
2008-05-14,0.0,-1000000.000398622
2008-05-15,0.0,-1000000.000398622
2008-05-16,0.0,-1000000.000398622
2008-05-19,0.0,-1000000.000398622
2008-05-20,0.0,-1000000.000398622
2008-05-21,0.0,-1000000.000398622
2008-05-22,0.0,-1000000.000398622
2008-05-23,0.0,-1000000.000398622
2008-05-26,0.0,-1000000.000398622
2008-05-27,0.0,-1000000.000398622
2008-05-28,0.0,-1000000.000398622
2008-05-29,0.0,-1000000.000398622
2008-05-30,0.0,-1000000.000398622
2008-06-02,0.0,-1000000.000398622
2008-06-03,0.0,-1000000.000398622
2008-06-04,0.0,-1000000.000398622
2008-06-05,0.0,-1000000.000398622
2008-06-06,0.0,-1000000.000398622
2008-06-09,-7.972439752951438e-06,-1000000.0004065945
2008-06-10,-0.0003540287016647436,-1000000.0007606231
2008-06-11,0.00014690532750584874,-1000000.0006137178
2008-06-12,0.001211019336991628,-999999.9994026985
2008-06-13,0.0,-999999.9994026985
2008-06-16,6.501653905466901e-06,-999999.9993961968
2008-06-17,-1.059285558964698e-06,-999999.9993972561
2008-06-18,1.0433724494180425e-06,-999999.9993962127
2008-06-19,-0.00020351383696664042,-999999.9995997265
2008-06-20,0.0,-999999.9995997265
2008-06-23,-1.6226667948135362e-08,-999999.9995997428
2008-06-24,-1.946064582666912e-07,-999999.9995999373
2008-06-25,-2.3647099304037052e-05,-999999.9996235844
2008-06-26,5.373498385194144e-07,-999999.9996230472
2008-06-27,-4.85271139166557e-05,-999999.9996715742
2008-06-30,0.0,-999999.9996715742
2008-07-01,0.0,-999999.9996715742
2008-07-02,0.0,-999999.9996715742
2008-07-03,0.0,-999999.9996715742
2008-07-04,0.0,-999999.9996715742
2008-07-07,0.0,-999999.9996715742
2008-07-08,0.0,-999999.9996715742
2008-07-09,0.0,-999999.9996715742
2008-07-10,0.0,-999999.9996715742
2008-07-11,0.0,-999999.9996715742
2008-07-14,0.0,-999999.9996715742
2008-07-15,0.0,-999999.9996715742
2008-07-16,0.0,-999999.9996715742
2008-07-17,0.0,-999999.9996715742
2008-07-18,0.0,-999999.9996715742
2008-07-21,0.0,-999999.9996715742
2008-07-22,0.0,-999999.9996715742
2008-07-23,0.0,-999999.9996715742
2008-07-24,0.0,-999999.9996715742
2008-07-25,0.0,-999999.9996715742
2008-07-28,0.0,-999999.9996715742
2008-07-29,0.0,-999999.9996715742
2008-07-30,0.0,-999999.9996715742
2008-07-31,0.0,-999999.9996715742
2008-08-01,0.0,-999999.9996715742
2008-08-04,0.0,-999999.9996715742
2008-08-05,0.0,-999999.9996715742
2008-08-06,0.0,-999999.9996715742
2008-08-07,4.8662712404888254e-06,-999999.9996667079
2008-08-08,-0.00015776107268536486,-999999.9998244691
2008-08-11,0.0,-999999.9998244691
2008-08-12,1.3452555941870685e-07,-999999.9998243345
2008-08-13,1.4894357788910728e-07,-999999.9998241856
2008-08-14,8.859165627780477e-08,-999999.999824097
2008-08-15,1.2232097009440743e-07,-999999.9998239747
2008-08-18,-2.0563842132222353e-08,-999999.9998239953
2008-08-19,2.0344278596041826e-05,-999999.999803651
2008-08-20,0.0,-999999.999803651
2008-08-21,0.0,-999999.999803651
2008-08-22,0.0,-999999.999803651
2008-08-25,0.0,-999999.999803651
2008-08-26,0.0,-999999.999803651
2008-08-27,0.0,-999999.999803651
2008-08-28,0.0,-999999.999803651
2008-08-29,0.0,-999999.999803651
2008-09-01,0.0,-999999.999803651
2008-09-02,0.0,-999999.999803651
2008-09-03,0.0,-999999.999803651
2008-09-04,0.0,-999999.999803651
2008-09-05,0.0,-999999.999803651
2008-09-08,0.0,-999999.999803651
2008-09-09,0.0,-999999.999803651
2008-09-10,0.0,-999999.999803651
2008-09-11,0.0,-999999.999803651
2008-09-12,0.0,-999999.999803651
2008-09-15,0.0,-999999.999803651
2008-09-16,0.0,-999999.999803651
2008-09-17,0.0,-999999.999803651
2008-09-18,0.0,-999999.999803651
2008-09-19,0.0,-999999.999803651
2008-09-22,0.0,-999999.999803651
2008-09-23,0.0,-999999.999803651
2008-09-24,0.0,-999999.999803651
2008-09-25,0.0,-999999.999803651
2008-09-26,0.0,-999999.999803651
2008-09-29,0.0,-999999.999803651
2008-09-30,0.0,-999999.999803651
2008-10-01,1.939025870484358e-07,-999999.9998034571
2008-10-02,1.6266906642399723e-07,-999999.9998032944
2008-10-03,8.690691478152742e-08,-999999.9998032075
2008-10-06,-1.0421538307749967e-07,-999999.9998033117
2008-10-07,4.472586366737507e-08,-999999.999803267
2008-10-08,9.531292707232244e-08,-999999.9998031716
2008-10-09,3.521128788929614e-08,-999999.9998031365
2008-10-10,1.8851067083298318e-08,-999999.9998031176
2008-10-13,2.8089008129273257e-05,-999999.9997750286
2008-10-14,0.0,-999999.9997750286
2008-10-15,0.0,-999999.9997750286
2008-10-16,0.0,-999999.9997750286
2008-10-17,0.0,-999999.9997750286
2008-10-20,0.0,-999999.9997750286
2008-10-21,0.0,-999999.9997750286
2008-10-22,0.0,-999999.9997750286
2008-10-23,0.0,-999999.9997750286
2008-10-24,0.0,-999999.9997750286
2008-10-27,0.0,-999999.9997750286
2008-10-28,0.0,-999999.9997750286
2008-10-29,0.0,-999999.9997750286
2008-10-30,0.0,-999999.9997750286
2008-10-31,0.0,-999999.9997750286
2008-11-03,7.27437548103124e-07,-999999.9997743012
2008-11-04,2.6748344310318864e-08,-999999.9997742744
2008-11-05,9.368860992273424e-08,-999999.9997741807
2008-11-06,4.1229427541653104e-08,-999999.9997741395
2008-11-07,6.917696706493967e-08,-999999.9997740703
2008-11-10,3.3525377820584794e-07,-999999.9997737351
2008-11-11,-6.951489813768184e-09,-999999.999773742
2008-11-12,-1.895535834169207e-05,-999999.9997926974
2008-11-13,4.8532063038668124e-08,-999999.9997926488
2008-11-14,6.409837931576591e-08,-999999.9997925847
2008-11-17,4.202846196296434e-08,-999999.9997925427
2008-11-18,8.066627498526636e-08,-999999.999792462
2008-11-19,-5.3422918145965345e-08,-999999.9997925154
2008-11-20,-4.7779870236010716e-08,-999999.9997925633
2008-11-21,3.770167789423829e-05,-999999.9997548616
2008-11-24,0.0,-999999.9997548616
2008-11-25,0.0,-999999.9997548616
2008-11-26,0.0,-999999.9997548616
2008-11-27,0.0,-999999.9997548616
2008-11-28,0.0,-999999.9997548616
2008-12-01,0.0,-999999.9997548616
2008-12-02,0.0,-999999.9997548616
2008-12-03,0.0,-999999.9997548616
2008-12-04,0.0,-999999.9997548616
2008-12-05,0.0,-999999.9997548616
2008-12-08,0.0,-999999.9997548616
2008-12-09,0.0,-999999.9997548616
2008-12-10,0.0,-999999.9997548616
2008-12-11,0.0,-999999.9997548616
2008-12-12,0.0,-999999.9997548616
2008-12-15,0.0,-999999.9997548616
2008-12-16,0.0,-999999.9997548616
2008-12-17,0.0,-999999.9997548616
2008-12-18,0.0,-999999.9997548616
2008-12-19,0.0,-999999.9997548616
2008-12-22,0.0,-999999.9997548616
2008-12-23,0.0,-999999.9997548616
2008-12-24,3.0421785000842664e-07,-999999.9997545574
2008-12-25,1.4064091707399133e-07,-999999.9997544168
2008-12-26,2.894992663229436e-08,-999999.9997543878
2008-12-29,-7.322428311476188e-08,-999999.999754461
2008-12-30,-1.4550044713306816e-05,-999999.999769011
2008-12-31,0.0,-999999.999769011
2009-01-01,0.0,-999999.999769011
2009-01-02,0.0,-999999.999769011
2009-01-05,0.0,-999999.999769011
2009-01-06,0.0,-999999.999769011
2009-01-07,0.0,-999999.999769011
2009-01-08,0.0,-999999.999769011
2009-01-09,0.0,-999999.999769011
2009-01-12,0.0,-999999.999769011
2009-01-13,0.0,-999999.999769011
2009-01-14,0.0,-999999.999769011
2009-01-15,0.0,-999999.999769011
2009-01-16,0.0,-999999.999769011
2009-01-19,0.0,-999999.999769011
2009-01-20,0.0,-999999.999769011
2009-01-21,0.0,-999999.999769011
2009-01-22,0.0,-999999.999769011
2009-01-23,-1.1855283628711722e-06,-999999.9997701965
2009-01-26,1.3068087220228475e-06,-999999.9997688897
2009-01-27,1.945478413106067e-06,-999999.9997669442
2009-01-28,2.2592610132676205e-06,-999999.999764685
2009-01-29,2.4680696940045684e-07,-999999.9997644383
2009-01-30,4.48535164279915e-07,-999999.9997639897
2009-02-02,-1.03458869960448e-07,-999999.9997640931
2009-02-03,0.0004928522862681603,-999999.9992712408
2009-02-04,6.522891585181437e-06,-999999.9992647179
2009-02-05,-0.0012936456578198363,-1000000.0005583636
2009-02-06,-1.1167272036103543e-05,-1000000.0005695309
2009-02-09,-1.1390617476825616e-05,-1000000.0005809215
2009-02-10,-1.1618429826362128e-05,-1000000.0005925399
2009-02-11,-1.185079842288937e-05,-1000000.0006043907
2009-02-12,-1.208781439134716e-05,-1000000.0006164785
2009-02-13,-1.2329570679174103e-05,-1000000.000628808
2009-02-16,0.00014115507909128925,-1000000.0004876531
2009-02-17,0.0,-1000000.0004876531
2009-02-18,0.0,-1000000.0004876531
2009-02-19,0.0,-1000000.0004876531
2009-02-20,0.0,-1000000.0004876531
2009-02-23,0.0,-1000000.0004876531
2009-02-24,0.0,-1000000.0004876531
2009-02-25,0.0,-1000000.0004876531
2009-02-26,0.0,-1000000.0004876531
2009-02-27,0.0,-1000000.0004876531
2009-03-02,0.0,-1000000.0004876531
2009-03-03,0.0,-1000000.0004876531
2009-03-04,-9.753060510931799e-06,-1000000.0004974061
2009-03-05,-2.3269400938425666e-05,-1000000.0005206754
2009-03-06,-1.1432750098370337e-05,-1000000.0005321082
2009-03-09,-4.3609564949555625e-05,-1000000.0005757178
2009-03-10,-3.244151202710081e-05,-1000000.0006081593
2009-03-11,-3.6894643257195275e-05,-1000000.0006450539
2009-03-12,-6.2865542966552125e-06,-1000000.0006513405
2009-03-13,-9.969973577998899e-06,-1000000.0006613105
2009-03-16,-3.2950905610173625e-05,-1000000.0006942614
2009-03-17,-7.551937918654988e-06,-1000000.0007018134
2009-03-18,-2.9827636467510735e-05,-1000000.000731641
2009-03-19,-2.201578479845537e-05,-1000000.0007536567
2009-03-20,5.671895229103767e-05,-1000000.0006969378
2009-03-23,0.0,-1000000.0006969378
2009-03-24,0.0,-1000000.0006969378
2009-03-25,0.0,-1000000.0006969378
2009-03-26,0.0,-1000000.0006969378
2009-03-27,0.0,-1000000.0006969378
2009-03-30,0.0,-1000000.0006969378
2009-03-31,0.0,-1000000.0006969378
2009-04-01,0.0,-1000000.0006969378
2009-04-02,0.0,-1000000.0006969378
2009-04-03,0.0,-1000000.0006969378
2009-04-06,0.0,-1000000.0006969378
2009-04-07,0.0,-1000000.0006969378
2009-04-08,0.0,-1000000.0006969378
2009-04-09,-1.3938755954131618e-05,-1000000.0007108765
2009-04-10,0.0006216845949713083,-1000000.000089192
2009-04-13,-1.7838391737880861e-06,-1000000.0000909758
2009-04-14,-8.584852320619203e-05,-1000000.0001768243
2009-04-15,9.370107714786907e-05,-1000000.0000831232
2009-04-16,-1.662464878430307e-06,-1000000.0000847857
2009-04-17,-0.000109231554167579,-1000000.0001940173
2009-04-20,-3.6610605237938824e-05,-1000000.0002306278
2009-04-21,0.00014581074809900062,-1000000.0000848172
2009-04-22,-1.6963424021292573e-06,-1000000.0000865135
2009-04-23,-4.684447389439743e-05,-1000000.000133358
2009-04-24,1.4722095991139818e-05,-1000000.0001186358
2009-04-27,0.0,-1000000.0001186358
2009-04-28,0.0,-1000000.0001186358
2009-04-29,0.0,-1000000.0001186358
2009-04-30,0.0,-1000000.0001186358
2009-05-01,0.0,-1000000.0001186358
2009-05-04,0.0,-1000000.0001186358
2009-05-05,0.0,-1000000.0001186358
2009-05-06,0.0,-1000000.0001186358
2009-05-07,0.0,-1000000.0001186358
2009-05-08,0.0,-1000000.0001186358
2009-05-11,0.0,-1000000.0001186358
2009-05-12,0.0,-1000000.0001186358
2009-05-13,0.0,-1000000.0001186358
2009-05-14,0.0,-1000000.0001186358
2009-05-15,0.0,-1000000.0001186358
2009-05-18,0.0,-1000000.0001186358
2009-05-19,0.0,-1000000.0001186358
2009-05-20,0.0,-1000000.0001186358
2009-05-21,0.0,-1000000.0001186358
2009-05-22,0.0,-1000000.0001186358
2009-05-25,0.0,-1000000.0001186358
2009-05-26,0.0,-1000000.0001186358
2009-05-27,0.0,-1000000.0001186358
2009-05-28,0.0,-1000000.0001186358
2009-05-29,0.0,-1000000.0001186358
2009-06-01,0.0,-1000000.0001186358
2009-06-02,0.0,-1000000.0001186358
2009-06-03,0.0,-1000000.0001186358
2009-06-04,0.0,-1000000.0001186358
2009-06-05,0.0,-1000000.0001186358
2009-06-08,0.0,-1000000.0001186358
2009-06-09,0.0,-1000000.0001186358
2009-06-10,0.0,-1000000.0001186358
2009-06-11,0.0,-1000000.0001186358
2009-06-12,0.0,-1000000.0001186358
2009-06-15,0.0,-1000000.0001186358
2009-06-16,0.0,-1000000.0001186358
2009-06-17,0.0,-1000000.0001186358
2009-06-18,0.0,-1000000.0001186358
2009-06-19,0.0,-1000000.0001186358
2009-06-22,0.0,-1000000.0001186358
2009-06-23,-2.3727168082369945e-06,-1000000.0001210086
2009-06-24,1.898519881803956e-06,-1000000.00011911
2009-06-25,5.571150031343104e-06,-1000000.0001135389
2009-06-26,4.653522462992771e-05,-1000000.0000670037
2009-06-29,-5.861974381803134e-05,-1000000.0001256234
2009-06-30,-7.342243109165794e-05,-1000000.0001990459
2009-07-01,0.00011730482452233585,-1000000.000081741
2009-07-02,-0.0001589630952984362,-1000000.0002407042
2009-07-03,2.726566440470954e-05,-1000000.0002134384
2009-07-06,0.0,-1000000.0002134384
2009-07-07,0.0,-1000000.0002134384
2009-07-08,-4.26876887916184e-06,-1000000.0002177072
2009-07-09,7.047071633765421e-06,-1000000.0002106602
2009-07-10,0.0,-1000000.0002106602
2009-07-13,0.0,-1000000.0002106602
2009-07-14,0.0,-1000000.0002106602
2009-07-15,0.0,-1000000.0002106602
2009-07-16,0.0,-1000000.0002106602
2009-07-17,0.0,-1000000.0002106602
2009-07-20,0.0,-1000000.0002106602
2009-07-21,0.0,-1000000.0002106602
2009-07-22,0.0,-1000000.0002106602
2009-07-23,0.0,-1000000.0002106602
2009-07-24,0.0,-1000000.0002106602
2009-07-27,0.0,-1000000.0002106602
2009-07-28,0.0,-1000000.0002106602
2009-07-29,0.0,-1000000.0002106602
2009-07-30,0.0,-1000000.0002106602
2009-07-31,-4.213202824069769e-06,-1000000.0002148733
2009-08-03,-1.24933415134481e-05,-1000000.0002273667
2009-08-04,-3.817159471580599e-06,-1000000.0002311838
2009-08-05,-3.44481402908568e-06,-1000000.0002346287
2009-08-06,-4.692573180833452e-06,-1000000.0002393213
2009-08-07,2.028460953878956e-05,-1000000.0002190366
2009-08-10,-4.38073245367433e-06,-1000000.0002234173
2009-08-11,8.990211088399666e-06,-1000000.0002144271
2009-08-12,0.0,-1000000.0002144271
2009-08-13,0.0,-1000000.0002144271
2009-08-14,0.0,-1000000.0002144271
2009-08-17,0.0,-1000000.0002144271
2009-08-18,0.0,-1000000.0002144271
2009-08-19,0.0,-1000000.0002144271
2009-08-20,0.0,-1000000.0002144271
2009-08-21,0.0,-1000000.0002144271
2009-08-24,0.0,-1000000.0002144271
2009-08-25,0.0,-1000000.0002144271
2009-08-26,0.0,-1000000.0002144271
2009-08-27,0.0,-1000000.0002144271
2009-08-28,0.0,-1000000.0002144271
2009-08-31,0.0,-1000000.0002144271
2009-09-01,0.0,-1000000.0002144271
2009-09-02,0.0,-1000000.0002144271
2009-09-03,0.0,-1000000.0002144271
2009-09-04,0.0,-1000000.0002144271
2009-09-07,0.0,-1000000.0002144271
2009-09-08,0.0,-1000000.0002144271
2009-09-09,0.0,-1000000.0002144271
2009-09-10,-4.2885428809798225e-06,-1000000.0002187156
2009-09-11,8.641061806628125e-06,-1000000.0002100746
2009-09-14,0.0,-1000000.0002100746
2009-09-15,0.0,-1000000.0002100746
2009-09-16,0.0,-1000000.0002100746
2009-09-17,0.0,-1000000.0002100746
2009-09-18,0.0,-1000000.0002100746
2009-09-21,0.0,-1000000.0002100746
2009-09-22,0.0,-1000000.0002100746
2009-09-23,0.0,-1000000.0002100746
2009-09-24,0.0,-1000000.0002100746
2009-09-25,0.0,-1000000.0002100746
2009-09-28,0.0,-1000000.0002100746
2009-09-29,0.0,-1000000.0002100746
2009-09-30,0.0,-1000000.0002100746
2009-10-01,0.0,-1000000.0002100746
2009-10-02,0.0,-1000000.0002100746
2009-10-05,0.0,-1000000.0002100746
2009-10-06,0.0,-1000000.0002100746
2009-10-07,0.0,-1000000.0002100746
2009-10-08,0.0,-1000000.0002100746
2009-10-09,0.0,-1000000.0002100746
2009-10-12,0.0,-1000000.0002100746
2009-10-13,0.0,-1000000.0002100746
2009-10-14,0.0,-1000000.0002100746
2009-10-15,0.0,-1000000.0002100746
2009-10-16,0.0,-1000000.0002100746
2009-10-19,0.0,-1000000.0002100746
2009-10-20,0.0,-1000000.0002100746
2009-10-21,0.0,-1000000.0002100746
2009-10-22,0.0,-1000000.0002100746
2009-10-23,0.0,-1000000.0002100746
2009-10-26,0.0,-1000000.0002100746
2009-10-27,0.0,-1000000.0002100746
2009-10-28,0.0,-1000000.0002100746
2009-10-29,0.0,-1000000.0002100746
2009-10-30,0.0,-1000000.0002100746
2009-11-02,0.0,-1000000.0002100746
2009-11-03,0.0,-1000000.0002100746
2009-11-04,0.0,-1000000.0002100746
2009-11-05,0.0,-1000000.0002100746
2009-11-06,0.0,-1000000.0002100746
2009-11-09,0.0,-1000000.0002100746
2009-11-10,0.0,-1000000.0002100746
2009-11-11,-4.201492502466857e-06,-1000000.0002142761
2009-11-12,2.880946025036842e-05,-1000000.0001854666
2009-11-13,0.0,-1000000.0001854666
2009-11-16,0.0,-1000000.0001854666
2009-11-17,-3.7093331475088253e-06,-1000000.000189176
2009-11-18,1.8130901074140573e-05,-1000000.0001710451
2009-11-19,0.0,-1000000.0001710451
2009-11-20,0.0,-1000000.0001710451
2009-11-23,0.0,-1000000.0001710451
2009-11-24,0.0,-1000000.0001710451
2009-11-25,0.0,-1000000.0001710451
2009-11-26,0.0,-1000000.0001710451
2009-11-27,-3.42090178897619e-06,-1000000.0001744659
2009-11-30,1.5214112080638497e-07,-1000000.0001743139
2009-12-01,4.760492987077358e-06,-1000000.0001695533
2009-12-02,9.141650922798239e-07,-1000000.0001686392
2009-12-03,0.0,-1000000.0001686392
2009-12-04,0.0,-1000000.0001686392
2009-12-07,0.0,-1000000.0001686392
2009-12-08,0.0,-1000000.0001686392
2009-12-09,-3.372783840752443e-06,-1000000.000172012
2009-12-10,3.7118584563356818e-06,-1000000.0001683001
2009-12-11,0.0,-1000000.0001683001
2009-12-14,0.0,-1000000.0001683001
2009-12-15,0.0,-1000000.0001683001
2009-12-16,0.0,-1000000.0001683001
2009-12-17,0.0,-1000000.0001683001
2009-12-18,0.0,-1000000.0001683001
2009-12-21,0.0,-1000000.0001683001
2009-12-22,0.0,-1000000.0001683001
2009-12-23,0.0,-1000000.0001683001
2009-12-24,-3.3660023484407782e-06,-1000000.0001716661
2009-12-25,6.77999530239746e-05,-1000000.0001038662
2009-12-28,6.854877958351349e-05,-1000000.0000353174
2009-12-29,0.0,-1000000.0000353174
2009-12-30,0.0,-1000000.0000353174
2009-12-31,0.0,-1000000.0000353174
2010-01-01,0.0,-1000000.0000353174
2010-01-04,0.0,-1000000.0000353174
2010-01-05,0.0,-1000000.0000353174
2010-01-06,0.0,-1000000.0000353174
2010-01-07,0.0,-1000000.0000353174
2010-01-08,0.0,-1000000.0000353174
2010-01-11,0.0,-1000000.0000353174
2010-01-12,0.0,-1000000.0000353174
2010-01-13,0.0,-1000000.0000353174
2010-01-14,0.0,-1000000.0000353174
2010-01-15,-7.063477432598322e-07,-1000000.0000360238
2010-01-18,-1.9954621111832637e-06,-1000000.0000380191
2010-01-19,-1.2947723687756988e-06,-1000000.0000393139
2010-01-20,5.954941190864962e-07,-1000000.0000387185
2010-01-21,-1.5609378375610417e-06,-1000000.0000402795
2010-01-22,1.4074069802784042e-06,-1000000.000038872
2010-01-25,0.0,-1000000.000038872
2010-01-26,0.0,-1000000.000038872
2010-01-27,-1.5548802449762616e-06,-1000000.0000404269
2010-01-28,1.55108760031317e-06,-1000000.0000388758
2010-01-29,-6.82857828836858e-08,-1000000.0000389441
2010-02-01,-1.3668881689678947e-06,-1000000.000040311
2010-02-02,-1.6688430049907718e-06,-1000000.0000419798
2010-02-03,-1.2893019420790508e-06,-1000000.0000432691
2010-02-04,-1.5406254747715308e-06,-1000000.0000448098
2010-02-05,-4.196037829591327e-06,-1000000.0000490057
2010-02-08,-3.253730362916121e-06,-1000000.0000522595
2010-02-09,-1.6019446538080255e-06,-1000000.0000538614
2010-02-10,-3.48052753490913e-06,-1000000.000057342
2010-02-11,1.2302011562196505e-06,-1000000.0000561118
2010-02-12,-2.3145309714530485e-06,-1000000.0000584263
2010-02-15,-6.071709823380978e-06,-1000000.000064498
2010-02-16,-8.813197592637337e-07,-1000000.0000653793
2010-02-17,2.2706185184897464e-06,-1000000.0000631087
2010-02-18,0.0,-1000000.0000631087
2010-02-19,0.0,-1000000.0000631087
2010-02-22,0.0,-1000000.0000631087
2010-02-23,0.0,-1000000.0000631087
2010-02-24,0.0,-1000000.0000631087
2010-02-25,0.0,-1000000.0000631087
2010-02-26,0.0,-1000000.0000631087
2010-03-01,0.0,-1000000.0000631087
2010-03-02,0.0,-1000000.0000631087
2010-03-03,0.0,-1000000.0000631087
2010-03-04,0.0,-1000000.0000631087
2010-03-05,0.0,-1000000.0000631087
2010-03-08,0.0,-1000000.0000631087
2010-03-09,0.0,-1000000.0000631087
2010-03-10,0.0,-1000000.0000631087
2010-03-11,0.0,-1000000.0000631087
2010-03-12,0.0,-1000000.0000631087
2010-03-15,0.0,-1000000.0000631087
2010-03-16,0.0,-1000000.0000631087
2010-03-17,0.0,-1000000.0000631087
2010-03-18,0.0,-1000000.0000631087
2010-03-19,0.0,-1000000.0000631087
2010-03-22,0.0,-1000000.0000631087
2010-03-23,0.0,-1000000.0000631087
2010-03-24,0.0,-1000000.0000631087
2010-03-25,0.0,-1000000.0000631087
2010-03-26,0.0,-1000000.0000631087
2010-03-29,0.0,-1000000.0000631087
2010-03-30,0.0,-1000000.0000631087
2010-03-31,-1.2621744880675108e-06,-1000000.0000643709
2010-04-01,-1.859526971598444e-05,-1000000.0000829662
2010-04-02,3.7867351698306784e-05,-1000000.0000450988
2010-04-05,0.0,-1000000.0000450988
2010-04-06,0.0,-1000000.0000450988
2010-04-07,0.0,-1000000.0000450988
2010-04-08,0.0,-1000000.0000450988
2010-04-09,0.0,-1000000.0000450988
2010-04-12,0.0,-1000000.0000450988
2010-04-13,0.0,-1000000.0000450988
2010-04-14,0.0,-1000000.0000450988
2010-04-15,0.0,-1000000.0000450988
2010-04-16,0.0,-1000000.0000450988
2010-04-19,0.0,-1000000.0000450988
2010-04-20,0.0,-1000000.0000450988
2010-04-21,0.0,-1000000.0000450988
2010-04-22,0.0,-1000000.0000450988
2010-04-23,0.0,-1000000.0000450988
2010-04-26,0.0,-1000000.0000450988
2010-04-27,0.0,-1000000.0000450988
2010-04-28,0.0,-1000000.0000450988
2010-04-29,0.0,-1000000.0000450988
2010-04-30,0.0,-1000000.0000450988
2010-05-03,0.0,-1000000.0000450988
2010-05-04,0.0,-1000000.0000450988
2010-05-05,0.0,-1000000.0000450988
2010-05-06,0.0,-1000000.0000450988
2010-05-07,0.0,-1000000.0000450988
2010-05-10,0.0,-1000000.0000450988
2010-05-11,0.0,-1000000.0000450988
2010-05-12,0.0,-1000000.0000450988
2010-05-13,-9.019763381824141e-07,-1000000.0000460008
2010-05-14,-1.560323858561358e-06,-1000000.0000475611
2010-05-17,-3.3074695696258486e-06,-1000000.0000508686
2010-05-18,-1.4706229934326554e-06,-1000000.0000523392
2010-05-19,-1.2490675524519294e-06,-1000000.0000535883
2010-05-20,-3.6027638505385177e-07,-1000000.0000539486
2010-05-21,-5.201181201356381e-06,-1000000.0000591497
2010-05-24,6.976286645783644e-07,-1000000.0000584521
2010-05-25,-5.5684176233542554e-06,-1000000.0000640205
2010-05-26,-2.806442078453557e-06,-1000000.0000668269
2010-05-27,2.6068997788093156e-06,-1000000.00006422
2010-05-28,-1.3157858002136597e-06,-1000000.0000655359
2010-05-31,0.0,-1000000.0000655359
2010-06-01,0.0,-1000000.0000655359
2010-06-02,0.0,-1000000.0000655359
2010-06-03,0.0,-1000000.0000655359
2010-06-04,0.0,-1000000.0000655359
2010-06-07,0.0,-1000000.0000655359
2010-06-08,0.0,-1000000.0000655359
2010-06-09,0.0,-1000000.0000655359
2010-06-10,0.0,-1000000.0000655359
2010-06-11,0.0,-1000000.0000655359
2010-06-14,0.0,-1000000.0000655359
2010-06-15,-1.3107170373283787e-06,-1000000.0000668466
2010-06-16,-5.282088018596801e-06,-1000000.0000721286
2010-06-17,1.9446811747979147e-06,-1000000.000070184
2010-06-18,0.0,-1000000.000070184
2010-06-21,-1.403679514950924e-06,-1000000.0000715876
2010-06-22,-6.667860427592661e-06,-1000000.0000782555
2010-06-23,-3.4344058080396356e-06,-1000000.0000816899
2010-06-24,1.0188749620462037e-06,-1000000.000080671
2010-06-25,-8.600119679079397e-06,-1000000.0000892711
2010-06-28,-2.433724190084668e-07,-1000000.0000895145
2010-06-29,-7.592747894250358e-07,-1000000.0000902738
2010-06-30,-3.33948374349748e-06,-1000000.0000936133
2010-07-01,-8.276383746813828e-06,-1000000.0001018897
2010-07-02,-5.74203217264945e-06,-1000000.0001076317
2010-07-05,-4.25137604183487e-06,-1000000.000111883
2010-07-06,-4.6822498688151946e-06,-1000000.0001165654
2010-07-07,-2.8448503110161465e-06,-1000000.0001194102
2010-07-08,-5.538044228365398e-06,-1000000.0001249482
2010-07-09,1.268009357407018e-05,-1000000.0001122681
2010-07-12,0.0,-1000000.0001122681
2010-07-13,0.0,-1000000.0001122681
2010-07-14,0.0,-1000000.0001122681
2010-07-15,0.0,-1000000.0001122681
2010-07-16,0.0,-1000000.0001122681
2010-07-19,0.0,-1000000.0001122681
2010-07-20,0.0,-1000000.0001122681
2010-07-21,0.0,-1000000.0001122681
2010-07-22,0.0,-1000000.0001122681
2010-07-23,0.0,-1000000.0001122681
2010-07-26,0.0,-1000000.0001122681
2010-07-27,0.0,-1000000.0001122681
2010-07-28,0.0,-1000000.0001122681
2010-07-29,-2.245362799250366e-06,-1000000.0001145134
2010-07-30,-5.9410000178897996e-06,-1000000.0001204545
2010-08-02,-6.113528015433388e-06,-1000000.000126568
2010-08-03,-1.006331810597788e-05,-1000000.0001366313
2010-08-04,5.470620188827754e-06,-1000000.0001311607
2010-08-05,0.0,-1000000.0001311607
2010-08-06,0.0,-1000000.0001311607
2010-08-09,-2.62321457424484e-06,-1000000.0001337839
2010-08-10,1.564990603395249e-05,-1000000.0001181341
2010-08-11,0.0,-1000000.0001181341
2010-08-12,0.0,-1000000.0001181341
2010-08-13,0.0,-1000000.0001181341
2010-08-16,0.0,-1000000.0001181341
2010-08-17,0.0,-1000000.0001181341
2010-08-18,0.0,-1000000.0001181341
2010-08-19,0.0,-1000000.0001181341
2010-08-20,0.0,-1000000.0001181341
2010-08-23,0.0,-1000000.0001181341
2010-08-24,0.0,-1000000.0001181341
2010-08-25,0.0,-1000000.0001181341
2010-08-26,0.0,-1000000.0001181341
2010-08-27,0.0,-1000000.0001181341
2010-08-30,0.0,-1000000.0001181341
2010-08-31,0.0,-1000000.0001181341
2010-09-01,0.0,-1000000.0001181341
2010-09-02,0.0,-1000000.0001181341
2010-09-03,0.0,-1000000.0001181341
2010-09-06,0.0,-1000000.0001181341
2010-09-07,0.0,-1000000.0001181341
2010-09-08,-2.3626807450506866e-06,-1000000.0001204967
2010-09-09,-4.640975894420849e-06,-1000000.0001251377
2010-09-10,-1.0839123199182077e-06,-1000000.0001262216
2010-09-13,3.985142440444709e-06,-1000000.0001222364
2010-09-14,0.0,-1000000.0001222364
2010-09-15,0.0,-1000000.0001222364
2010-09-16,0.0,-1000000.0001222364
2010-09-17,0.0,-1000000.0001222364
2010-09-20,0.0,-1000000.0001222364
2010-09-21,0.0,-1000000.0001222364
2010-09-22,-2.4447292754295872e-06,-1000000.0001246812
2010-09-23,-4.370313905786685e-06,-1000000.0001290515
2010-09-24,2.4466222437670175e-06,-1000000.0001266049
2010-09-27,0.0,-1000000.0001266049
2010-09-28,0.0,-1000000.0001266049
2010-09-29,0.0,-1000000.0001266049
2010-09-30,-2.5320976941785725e-06,-1000000.000129137
2010-10-01,-0.00017412858281213095,-1000000.0003032655
2010-10-04,-0.00020876278430525638,-1000000.0005120283
2010-10-05,0.0001232999344724307,-1000000.0003887285
2010-10-06,-0.0009207802258152957,-1000000.0013095087
2010-10-07,0.00015557924299507625,-1000000.0011539294
2010-10-08,1.1861952264169239e-05,-1000000.0011420675
2010-10-11,0.0005057906939642966,-1000000.0006362768
2010-10-12,0.0006552893049028681,-999999.9999809874
2010-10-13,0.0,-999999.9999809874
2010-10-14,0.0,-999999.9999809874
2010-10-15,0.0,-999999.9999809874
2010-10-18,3.9286483942628454e-08,-999999.9999809482
2010-10-19,-2.3546485882927714e-06,-999999.9999833028
2010-10-20,0.0,-999999.9999833028
2010-10-21,0.0,-999999.9999833028
2010-10-22,0.0,-999999.9999833028
2010-10-25,0.0,-999999.9999833028
2010-10-26,0.0,-999999.9999833028
2010-10-27,0.0,-999999.9999833028
2010-10-28,0.0,-999999.9999833028
2010-10-29,0.0,-999999.9999833028
2010-11-01,0.0,-999999.9999833028
2010-11-02,0.0,-999999.9999833028
2010-11-03,0.0,-999999.9999833028
2010-11-04,0.0,-999999.9999833028
2010-11-05,0.0,-999999.9999833028
2010-11-08,0.0,-999999.9999833028
2010-11-09,0.0,-999999.9999833028
2010-11-10,0.0,-999999.9999833028
2010-11-11,0.0,-999999.9999833028
2010-11-12,0.0,-999999.9999833028
2010-11-15,0.0,-999999.9999833028
2010-11-16,0.0,-999999.9999833028
2010-11-17,0.0,-999999.9999833028
2010-11-18,1.5046718869815187e-08,-999999.9999832878
2010-11-19,-6.423669078873246e-10,-999999.9999832883
2010-11-22,2.385288933289956e-09,-999999.999983286
2010-11-23,-7.900080451812195e-07,-999999.999984076
2010-11-24,9.585401623027186e-09,-999999.9999840665
2010-11-25,-6.894045250078126e-07,-999999.9999847559
2010-11-26,0.0,-999999.9999847559
2010-11-29,0.0,-999999.9999847559
2010-11-30,0.0,-999999.9999847559
2010-12-01,0.0,-999999.9999847559
2010-12-02,0.0,-999999.9999847559
2010-12-03,0.0,-999999.9999847559
2010-12-06,0.0,-999999.9999847559
2010-12-07,0.0,-999999.9999847559
2010-12-08,0.0,-999999.9999847559
2010-12-09,0.0,-999999.9999847559
2010-12-10,0.0,-999999.9999847559
2010-12-13,0.0,-999999.9999847559
2010-12-14,0.0,-999999.9999847559
2010-12-15,0.0,-999999.9999847559
2010-12-16,0.0,-999999.9999847559
2010-12-17,0.0,-999999.9999847559
2010-12-20,0.0,-999999.9999847559
2010-12-21,0.0,-999999.9999847559
2010-12-22,2.3296305556884396e-07,-999999.9999845229
2010-12-23,-6.210055252459126e-06,-999999.999990733
2010-12-24,0.0,-999999.999990733
2010-12-27,0.0,-999999.999990733
2010-12-28,0.0,-999999.999990733
2010-12-29,0.0,-999999.999990733
2010-12-30,1.717278756974898e-08,-999999.9999907158
2010-12-31,4.163917435859179e-09,-999999.9999907116
2011-01-03,2.8313090772383114e-10,-999999.9999907113
2011-01-04,1.069024749507128e-07,-999999.9999906045
2011-01-05,1.8618325455894443e-07,-999999.9999904182
2011-01-06,5.4940529069824884e-08,-999999.9999903633
2011-01-07,1.8338787744954488e-06,-999999.9999885294
2011-01-10,0.0,-999999.9999885294
2011-01-11,0.0,-999999.9999885294
2011-01-12,0.0,-999999.9999885294
2011-01-13,0.0,-999999.9999885294
2011-01-14,0.0,-999999.9999885294
2011-01-17,1.0508344755830917e-08,-999999.9999885189
2011-01-18,9.773745000833542e-09,-999999.9999885091
2011-01-19,2.5582209571667046e-09,-999999.9999885065
2011-01-20,-2.444358111496749e-09,-999999.999988509
2011-01-21,1.2508295089437653e-08,-999999.9999884965
2011-01-24,2.011551553049972e-09,-999999.9999884944
2011-01-25,2.125875482622319e-09,-999999.9999884923
2011-01-26,-6.677158771602514e-09,-999999.9999884991
2011-01-27,1.4910414150876535e-09,-999999.9999884976
2011-01-28,1.9286671374438033e-06,-999999.9999865689
2011-01-31,0.0,-999999.9999865689
2011-02-01,1.1152997089305016e-08,-999999.9999865578
2011-02-02,-4.457808516850629e-07,-999999.9999870035
2011-02-03,0.0,-999999.9999870035
2011-02-04,0.0,-999999.9999870035
2011-02-07,0.0,-999999.9999870035
2011-02-08,0.0,-999999.9999870035
2011-02-09,0.0,-999999.9999870035
2011-02-10,0.0,-999999.9999870035
2011-02-11,0.0,-999999.9999870035
2011-02-14,0.0,-999999.9999870035
2011-02-15,0.0,-999999.9999870035
2011-02-16,0.0,-999999.9999870035
2011-02-17,0.0,-999999.9999870035
2011-02-18,0.0,-999999.9999870035
2011-02-21,0.0,-999999.9999870035
2011-02-22,0.0,-999999.9999870035
2011-02-23,0.0,-999999.9999870035
2011-02-24,0.0,-999999.9999870035
2011-02-25,0.0,-999999.9999870035
2011-02-28,0.0,-999999.9999870035
2011-03-01,0.0,-999999.9999870035
2011-03-02,0.0,-999999.9999870035
2011-03-03,0.0,-999999.9999870035
2011-03-04,0.0,-999999.9999870035
2011-03-07,0.0,-999999.9999870035
2011-03-08,0.0,-999999.9999870035
2011-03-09,0.0,-999999.9999870035
2011-03-10,0.0,-999999.9999870035
2011-03-11,0.0,-999999.9999870035
2011-03-14,0.0,-999999.9999870035
2011-03-15,0.0,-999999.9999870035
2011-03-16,7.34050912412216e-08,-999999.9999869302
2011-03-17,4.958365458226896e-08,-999999.9999868806
2011-03-18,9.466410403656424e-08,-999999.9999867858
2011-03-21,3.5988144382063464e-06,-999999.9999831871
2011-03-22,0.0,-999999.9999831871
2011-03-23,0.0,-999999.9999831871
2011-03-24,1.006988215939011e-08,-999999.9999831769
2011-03-25,6.501686247713984e-09,-999999.9999831705
2011-03-28,5.826116485672246e-09,-999999.9999831646
2011-03-29,-2.463175213605336e-09,-999999.9999831672
2011-03-30,4.708660852076099e-07,-999999.9999826963
2011-03-31,0.0,-999999.9999826963
2011-04-01,6.030052024131377e-09,-999999.9999826902
2011-04-04,9.961409457859862e-09,-999999.9999826803
2011-04-05,-3.5275312897071734e-09,-999999.9999826838
2011-04-06,5.348703148476413e-07,-999999.9999821489
2011-04-07,0.0,-999999.9999821489
2011-04-08,0.0,-999999.9999821489
2011-04-11,0.0,-999999.9999821489
2011-04-12,0.0,-999999.9999821489
2011-04-13,0.0,-999999.9999821489
2011-04-14,0.0,-999999.9999821489
2011-04-15,0.0,-999999.9999821489
2011-04-18,0.0,-999999.9999821489
2011-04-19,0.0,-999999.9999821489
2011-04-20,0.0,-999999.9999821489
2011-04-21,0.0,-999999.9999821489
2011-04-22,0.0,-999999.9999821489
2011-04-25,0.0,-999999.9999821489
2011-04-26,0.0,-999999.9999821489
2011-04-27,0.0,-999999.9999821489
2011-04-28,0.0,-999999.9999821489
2011-04-29,0.0,-999999.9999821489
2011-05-02,0.0,-999999.9999821489
2011-05-03,3.221760691155496e-07,-999999.9999818268
2011-05-04,-4.408080252424601e-08,-999999.9999818709
2011-05-05,8.374916221495269e-08,-999999.999981787
2011-05-06,-7.96797449549325e-06,-999999.9999897551
2011-05-09,0.0,-999999.9999897551
2011-05-10,0.0,-999999.9999897551
2011-05-11,0.0,-999999.9999897551
2011-05-12,0.0,-999999.9999897551
2011-05-13,0.0,-999999.9999897551
2011-05-16,0.0,-999999.9999897551
2011-05-17,0.0,-999999.9999897551
2011-05-18,0.0,-999999.9999897551
2011-05-19,0.0,-999999.9999897551
2011-05-20,0.0,-999999.9999897551
2011-05-23,0.0,-999999.9999897551
2011-05-24,0.0,-999999.9999897551
2011-05-25,0.0,-999999.9999897551
2011-05-26,0.0,-999999.9999897551
2011-05-27,0.0,-999999.9999897551
2011-05-30,0.0,-999999.9999897551
2011-05-31,0.0,-999999.9999897551
2011-06-01,0.0,-999999.9999897551
2011-06-02,0.0,-999999.9999897551
2011-06-03,0.0,-999999.9999897551
2011-06-06,0.0,-999999.9999897551
2011-06-07,0.0,-999999.9999897551
2011-06-08,0.0,-999999.9999897551
2011-06-09,0.0,-999999.9999897551
2011-06-10,0.0,-999999.9999897551
2011-06-13,0.0,-999999.9999897551
2011-06-14,0.0,-999999.9999897551
2011-06-15,0.0,-999999.9999897551
2011-06-16,0.0,-999999.9999897551
2011-06-17,0.0,-999999.9999897551
2011-06-20,0.0,-999999.9999897551
2011-06-21,2.5758969545030683e-09,-999999.9999897524
2011-06-22,5.2310064157924274e-08,-999999.9999897002
2011-06-23,0.0,-999999.9999897002
2011-06-24,0.0,-999999.9999897002
2011-06-27,0.0,-999999.9999897002
2011-06-28,0.0,-999999.9999897002
2011-06-29,0.0,-999999.9999897002
2011-06-30,0.0,-999999.9999897002
2011-07-01,0.0,-999999.9999897002
2011-07-04,0.0,-999999.9999897002
2011-07-05,0.0,-999999.9999897002
2011-07-06,0.0,-999999.9999897002
2011-07-07,0.0,-999999.9999897002
2011-07-08,0.0,-999999.9999897002
2011-07-11,0.0,-999999.9999897002
2011-07-12,0.0,-999999.9999897002
2011-07-13,0.0,-999999.9999897002
2011-07-14,0.0,-999999.9999897002
2011-07-15,0.0,-999999.9999897002
2011-07-18,0.0,-999999.9999897002
2011-07-19,0.0,-999999.9999897002
2011-07-20,0.0,-999999.9999897002
2011-07-21,0.0,-999999.9999897002
2011-07-22,0.0,-999999.9999897002
2011-07-25,0.0,-999999.9999897002
2011-07-26,0.0,-999999.9999897002
2011-07-27,0.0,-999999.9999897002
2011-07-28,1.5329938794766617e-09,-999999.9999896986
2011-07-29,-2.4249492195428315e-07,-999999.9999899411
2011-08-01,0.0,-999999.9999899411
2011-08-02,0.0,-999999.9999899411
2011-08-03,0.0,-999999.9999899411
2011-08-04,0.0,-999999.9999899411
2011-08-05,0.0,-999999.9999899411
2011-08-08,0.0,-999999.9999899411
2011-08-09,0.0,-999999.9999899411
2011-08-10,0.0,-999999.9999899411
2011-08-11,0.0,-999999.9999899411
2011-08-12,0.0,-999999.9999899411
2011-08-15,9.272472418600922e-09,-999999.9999899318
2011-08-16,2.249795978851107e-09,-999999.9999899296
2011-08-17,3.017524702473977e-08,-999999.9999898995
2011-08-18,0.0,-999999.9999898995
2011-08-19,0.0,-999999.9999898995
2011-08-22,0.0,-999999.9999898995
2011-08-23,0.0,-999999.9999898995
2011-08-24,0.0,-999999.9999898995
2011-08-25,0.0,-999999.9999898995
2011-08-26,0.0,-999999.9999898995
2011-08-29,0.0,-999999.9999898995
2011-08-30,0.0,-999999.9999898995
2011-08-31,0.0,-999999.9999898995
2011-09-01,0.0,-999999.9999898995
2011-09-02,0.0,-999999.9999898995
2011-09-05,0.0,-999999.9999898995
2011-09-06,0.0,-999999.9999898995
2011-09-07,0.0,-999999.9999898995
2011-09-08,0.0,-999999.9999898995
2011-09-09,0.0,-999999.9999898995
2011-09-12,0.0,-999999.9999898995
2011-09-13,0.0,-999999.9999898995
2011-09-14,0.0,-999999.9999898995
2011-09-15,0.0,-999999.9999898995
2011-09-16,1.494449026070427e-08,-999999.9999898844
2011-09-19,-6.110179274401133e-07,-999999.9999904955
2011-09-20,9.579432729115995e-09,-999999.999990486
2011-09-21,-2.8362158664760166e-07,-999999.9999907695
2011-09-22,0.0,-999999.9999907695
2011-09-23,0.0,-999999.9999907695
2011-09-26,0.0,-999999.9999907695
2011-09-27,0.0,-999999.9999907695
2011-09-28,6.99083904715049e-08,-999999.9999906996
2011-09-29,9.81306743679057e-08,-999999.9999906016
2011-09-30,-1.1087173846710396e-07,-999999.9999907124
2011-10-03,-8.391696787382548e-06,-999999.9999991041
2011-10-04,0.0,-999999.9999991041
2011-10-05,0.0,-999999.9999991041
2011-10-06,0.0,-999999.9999991041
2011-10-07,9.896521535221521e-09,-999999.9999990942
2011-10-10,-2.1069066596001565e-07,-999999.9999993049
2011-10-11,6.3948491906097955e-09,-999999.9999992985
2011-10-12,1.260405855592602e-08,-999999.9999992859
2011-10-13,4.192890990552567e-09,-999999.9999992817
2011-10-14,5.208204053148757e-09,-999999.9999992765
2011-10-17,1.2522699150237464e-06,-999999.9999980242
2011-10-18,0.0,-999999.9999980242
2011-10-19,0.0,-999999.9999980242
2011-10-20,3.1294753149883824e-09,-999999.999998021
2011-10-21,-9.707252512629541e-08,-999999.9999981181
2011-10-24,0.0,-999999.9999981181
2011-10-25,1.6906437609754827e-10,-999999.9999981179
2011-10-26,-1.5765248321155417e-07,-999999.9999982757
2011-10-27,0.0,-999999.9999982757
2011-10-28,0.0,-999999.9999982757
2011-10-31,0.0,-999999.9999982757
2011-11-01,0.0,-999999.9999982757
2011-11-02,0.0,-999999.9999982757
2011-11-03,0.0,-999999.9999982757
2011-11-04,0.0,-999999.9999982757
2011-11-07,0.0,-999999.9999982757
2011-11-08,0.0,-999999.9999982757
2011-11-09,0.0,-999999.9999982757
2011-11-10,0.0,-999999.9999982757
2011-11-11,0.0,-999999.9999982757
2011-11-14,0.0,-999999.9999982757
2011-11-15,0.0,-999999.9999982757
2011-11-16,0.0,-999999.9999982757
2011-11-17,0.0,-999999.9999982757
2011-11-18,0.0,-999999.9999982757
2011-11-21,0.0,-999999.9999982757
2011-11-22,0.0,-999999.9999982757
2011-11-23,1.2192990464434135e-09,-999999.9999982744
2011-11-24,8.162517590378592e-10,-999999.9999982736
2011-11-25,-4.814519601349144e-10,-999999.999998274
2011-11-28,3.056460626911509e-10,-999999.9999982738
2011-11-29,-2.439961050967335e-08,-999999.9999982981
2011-11-30,0.0,-999999.9999982981
2011-12-01,6.617829735441888e-10,-999999.9999982975
2011-12-02,1.389848154536445e-09,-999999.9999982961
2011-12-05,1.5087033336654045e-09,-999999.9999982946
2011-12-06,-2.838449331528826e-10,-999999.9999982949
2011-12-07,1.2304657897713412e-07,-999999.9999981718
2011-12-08,0.0,-999999.9999981718
2011-12-09,2.7364606657845955e-09,-999999.9999981691
2011-12-12,-1.0526111472139056e-07,-999999.9999982744
2011-12-13,0.0,-999999.9999982744
2011-12-14,0.0,-999999.9999982744
2011-12-15,0.0,-999999.9999982744
2011-12-16,0.0,-999999.9999982744
2011-12-19,0.0,-999999.9999982744
2011-12-20,0.0,-999999.9999982744
2011-12-21,0.0,-999999.9999982744
2011-12-22,0.0,-999999.9999982744
2011-12-23,0.0,-999999.9999982744
2011-12-26,0.0,-999999.9999982744
2011-12-27,0.0,-999999.9999982744
2011-12-28,0.0,-999999.9999982744
2011-12-29,0.0,-999999.9999982744
2011-12-30,0.0,-999999.9999982744
2012-01-02,0.0,-999999.9999982744
2012-01-03,0.0,-999999.9999982744
2012-01-04,0.0,-999999.9999982744
2012-01-05,0.0,-999999.9999982744
2012-01-06,0.0,-999999.9999982744
2012-01-09,0.0,-999999.9999982744
2012-01-10,0.0,-999999.9999982744
2012-01-11,3.21995605632531e-08,-999999.9999982421
2012-01-12,-1.2103694997148847e-08,-999999.9999982542
2012-01-13,3.564627753012432e-09,-999999.9999982507
2012-01-16,6.614428042898321e-09,-999999.9999982441
2012-01-17,-6.802021655075287e-09,-999999.9999982509
2012-01-18,-2.4789482490750896e-06,-1000000.0000007298
2012-01-19,-1.4596755895458404e-08,-1000000.0000007445
2012-01-20,-6.601843443898079e-07,-1000000.0000014047
2012-01-23,-3.5620938766839877e-07,-1000000.0000017608
2012-01-24,-1.0049782374314621e-07,-1000000.0000018614
2012-01-25,-2.460766068361664e-07,-1000000.0000021074
2012-01-26,-9.785313322453066e-07,-1000000.0000030859
2012-01-27,-2.477760745747458e-06,-1000000.0000055637
2012-01-30,1.5742258576184223e-06,-1000000.0000039894
2012-01-31,-6.078654946606794e-07,-1000000.0000045974
2012-02-01,1.1483270325605851e-06,-1000000.000003449
2012-02-02,-6.898014791560667e-08,-1000000.000003518
2012-02-03,-2.1540621561646494e-07,-1000000.0000037334
2012-02-06,-3.1124998769664324e-07,-1000000.0000040446
2012-02-07,-2.6863427263125075e-07,-1000000.0000043133
2012-02-08,-5.627343182909193e-08,-1000000.0000043695
2012-02-09,1.7388092853965088e-07,-1000000.0000041957
2012-02-10,6.976174360942614e-08,-1000000.0000041259
2012-02-13,-8.251817558640627e-08,-1000000.0000042084
2012-02-14,-2.758233029416391e-06,-1000000.0000069666
2012-02-15,2.090171620790179e-06,-1000000.0000048765
2012-02-16,-9.752976727065862e-08,-1000000.000004974
2012-02-17,1.1209822028730597e-06,-1000000.000003853
2012-02-20,-4.4872686121879207e-07,-1000000.0000043018
2012-02-21,-1.4116844385288068e-07,-1000000.0000044429
2012-02-22,-1.3575547623522623e-07,-1000000.0000045787
2012-02-23,2.1589466296979325e-06,-1000000.0000024197
2012-02-24,0.0,-1000000.0000024197
2012-02-27,-4.8394801590789947e-08,-1000000.0000024681
2012-02-28,7.473125439914422e-08,-1000000.0000023934
2012-02-29,-4.786807253462286e-08,-1000000.0000024412
2012-03-01,9.074485928831464e-08,-1000000.0000023505
2012-03-02,0.0,-1000000.0000023505
2012-03-05,0.0,-1000000.0000023505
2012-03-06,-4.701053679954903e-08,-1000000.0000023976
2012-03-07,-9.358518261802208e-08,-1000000.0000024912
2012-03-08,1.1090807383375085e-07,-1000000.0000023802
2012-03-09,0.0,-1000000.0000023802
2012-03-12,0.0,-1000000.0000023802
2012-03-13,0.0,-1000000.0000023802
2012-03-14,0.0,-1000000.0000023802
2012-03-15,0.0,-1000000.0000023802
2012-03-16,0.0,-1000000.0000023802
2012-03-19,0.0,-1000000.0000023802
2012-03-20,0.0,-1000000.0000023802
2012-03-21,0.0,-1000000.0000023802
2012-03-22,0.0,-1000000.0000023802
2012-03-23,0.0,-1000000.0000023802
2012-03-26,0.0,-1000000.0000023802
2012-03-27,0.0,-1000000.0000023802
2012-03-28,0.0,-1000000.0000023802
2012-03-29,0.0,-1000000.0000023802
2012-03-30,0.0,-1000000.0000023802
2012-04-02,0.0,-1000000.0000023802
2012-04-03,0.0,-1000000.0000023802
2012-04-04,0.0,-1000000.0000023802
2012-04-05,0.0,-1000000.0000023802
2012-04-06,0.0,-1000000.0000023802
2012-04-09,-4.760428971122543e-08,-1000000.0000024278
2012-04-10,-4.467010007408479e-07,-1000000.0000028745
2012-04-11,4.103185826350698e-06,-999999.9999987714
2012-04-12,0.0,-999999.9999987714
2012-04-13,0.0,-999999.9999987714
2012-04-16,0.0,-999999.9999987714
2012-04-17,0.0,-999999.9999987714
2012-04-18,0.0,-999999.9999987714
2012-04-19,1.1114927535057787e-09,-999999.9999987702
2012-04-20,-2.942438884858788e-08,-999999.9999987996
2012-04-23,0.0,-999999.9999987996
2012-04-24,2.3046955791825364e-10,-999999.9999987994
2012-04-25,8.883525797566118e-10,-999999.9999987985
2012-04-26,6.787667403884837e-10,-999999.9999987979
2012-04-27,6.779570659921095e-10,-999999.9999987972
2012-04-30,2.5103283859334246e-09,-999999.9999987946
2012-05-01,-6.212290826911167e-10,-999999.9999987953
2012-05-02,2.965728634503943e-08,-999999.9999987656
2012-05-03,-9.232221326442172e-10,-999999.9999987666
2012-05-04,3.478412628868683e-07,-999999.9999984187
2012-05-07,0.0,-999999.9999984187
2012-05-08,0.0,-999999.9999984187
2012-05-09,0.0,-999999.9999984187
2012-05-10,2.4991198914120047e-08,-999999.9999983937
2012-05-11,1.1626384833183179e-08,-999999.9999983821
2012-05-14,-2.214581156135986e-09,-999999.9999983843
2012-05-15,2.139612183359892e-09,-999999.9999983822
2012-05-16,2.808281063196852e-07,-999999.9999981014
2012-05-17,2.3308740852757286e-08,-999999.999998078
2012-05-18,9.221388262783078e-09,-999999.9999980688
2012-05-21,9.710086861344972e-10,-999999.9999980679
2012-05-22,1.5560625088011768e-08,-999999.9999980523
2012-05-23,-2.440141061400172e-09,-999999.9999980547
2012-05-24,2.7668612940331433e-06,-999999.9999952879
2012-05-25,0.0,-999999.9999952879
2012-05-28,0.0,-999999.9999952879
2012-05-29,0.0,-999999.9999952879
2012-05-30,0.0,-999999.9999952879
2012-05-31,0.0,-999999.9999952879
2012-06-01,6.177816146100475e-08,-999999.999995226
2012-06-04,2.490026627024664e-09,-999999.9999952236
2012-06-05,-9.822036442910276e-07,-999999.9999962058
2012-06-06,0.0,-999999.9999962058
2012-06-07,0.0,-999999.9999962058
2012-06-08,0.0,-999999.9999962058
2012-06-11,0.0,-999999.9999962058
2012-06-12,0.0,-999999.9999962058
2012-06-13,3.820140210670023e-08,-999999.9999961676
2012-06-14,2.9346561743222416e-08,-999999.9999961383
2012-06-15,-1.6585038439966568e-06,-999999.9999977967
2012-06-18,0.0,-999999.9999977967
2012-06-19,0.0,-999999.9999977967
2012-06-20,0.0,-999999.9999977967
2012-06-21,0.0,-999999.9999977967
2012-06-22,0.0,-999999.9999977967
2012-06-25,0.0,-999999.9999977967
2012-06-26,2.692083314198526e-09,-999999.999997794
2012-06-27,1.7190753171896517e-09,-999999.9999977923
2012-06-28,-2.7617407884358793e-08,-999999.99999782
2012-06-29,0.0,-999999.99999782
2012-07-02,0.0,-999999.99999782
2012-07-03,2.000475163669035e-09,-999999.9999978179
2012-07-04,2.7129454635627967e-11,-999999.9999978179
2012-07-05,1.632838102922624e-10,-999999.9999978178
2012-07-06,1.253563986480055e-09,-999999.9999978165
2012-07-09,1.706665133203255e-09,-999999.9999978148
2012-07-10,2.346848293695155e-09,-999999.9999978124
2012-07-11,-9.620359825067287e-08,-999999.9999979086
2012-07-12,5.895576690093523e-10,-999999.999997908
2012-07-13,9.317047659048157e-10,-999999.9999979071
2012-07-16,3.1005087353112464e-07,-999999.9999975971
2012-07-17,0.0,-999999.9999975971
2012-07-18,0.0,-999999.9999975971
2012-07-19,0.0,-999999.9999975971
2012-07-20,0.0,-999999.9999975971
2012-07-23,0.0,-999999.9999975971
2012-07-24,1.215092654453728e-09,-999999.9999975959
2012-07-25,1.9509735924788497e-10,-999999.9999975957
2012-07-26,3.3615943487049e-08,-999999.999997562
2012-07-27,6.257068386243844e-10,-999999.9999975614
2012-07-30,-8.10470629827421e-08,-999999.9999976425
2012-07-31,0.0,-999999.9999976425
2012-08-01,0.0,-999999.9999976425
2012-08-02,0.0,-999999.9999976425
2012-08-03,-1.1629690409592844e-08,-999999.9999976541
2012-08-06,-1.6413335814056745e-10,-999999.9999976542
2012-08-07,2.322885209203527e-08,-999999.9999976311
2012-08-08,-1.6554824268517086e-09,-999999.9999976327
2012-08-09,2.2879573839852556e-09,-999999.9999976304
2012-08-10,2.5697206829514484e-08,-999999.9999976048
2012-08-13,2.295680154291877e-08,-999999.9999975817
2012-08-14,1.5405838393040748e-08,-999999.9999975663
2012-08-15,-1.9895008639078513e-08,-999999.9999975862
2012-08-16,4.836387562390795e-06,-999999.9999927499
2012-08-17,0.0,-999999.9999927499
2012-08-20,0.0,-999999.9999927499
2012-08-21,0.0,-999999.9999927499
2012-08-22,0.0,-999999.9999927499
2012-08-23,0.0,-999999.9999927499
2012-08-24,0.0,-999999.9999927499
2012-08-27,0.0,-999999.9999927499
2012-08-28,0.0,-999999.9999927499
2012-08-29,0.0,-999999.9999927499
2012-08-30,0.0,-999999.9999927499
2012-08-31,0.0,-999999.9999927499
2012-09-03,0.0,-999999.9999927499
2012-09-04,0.0,-999999.9999927499
2012-09-05,0.0,-999999.9999927499
2012-09-06,0.0,-999999.9999927499
2012-09-07,0.0,-999999.9999927499
2012-09-10,0.0,-999999.9999927499
2012-09-11,0.0,-999999.9999927499
2012-09-12,6.192310554756351e-09,-999999.9999927437
2012-09-13,-2.7576366325825333e-07,-999999.9999930194
2012-09-14,0.0,-999999.9999930194
2012-09-17,0.0,-999999.9999930194
2012-09-18,9.090259161759986e-08,-999999.9999929286
2012-09-19,-4.849109757988295e-06,-999999.9999977776
2012-09-20,0.0,-999999.9999977776
2012-09-21,2.0509665337671084e-09,-999999.9999977755
2012-09-24,2.249993590260721e-10,-999999.9999977754
2012-09-25,-5.054285716968272e-08,-999999.999997826
2012-09-26,0.0,-999999.999997826
2012-09-27,0.0,-999999.999997826
2012-09-28,0.0,-999999.999997826
2012-10-01,0.0,-999999.999997826
2012-10-02,0.0,-999999.999997826
2012-10-03,0.0,-999999.999997826
2012-10-04,0.0,-999999.999997826
2012-10-05,0.0,-999999.999997826
2012-10-08,0.0,-999999.999997826
2012-10-09,0.0,-999999.999997826
2012-10-10,0.0,-999999.999997826
2012-10-11,0.0,-999999.999997826
2012-10-12,0.0,-999999.999997826
2012-10-15,0.0,-999999.999997826
2012-10-16,6.639740533545355e-10,-999999.9999978252
2012-10-17,3.264536636053699e-09,-999999.999997822
2012-10-18,-4.4312397670862375e-10,-999999.9999978225
2012-10-19,3.616153503173162e-08,-999999.9999977862
2012-10-22,0.0,-999999.9999977862
2012-10-23,0.0,-999999.9999977862
2012-10-24,0.0,-999999.9999977862
2012-10-25,0.0,-999999.9999977862
2012-10-26,1.4492833877674421e-08,-999999.9999977718
2012-10-29,-6.68474623130007e-07,-999999.9999984403
2012-10-30,0.0,-999999.9999984403
2012-10-31,0.0,-999999.9999984403
2012-11-01,0.0,-999999.9999984403
2012-11-02,0.0,-999999.9999984403
2012-11-05,0.0,-999999.9999984403
2012-11-06,0.0,-999999.9999984403
2012-11-07,0.0,-999999.9999984403
2012-11-08,0.0,-999999.9999984403
2012-11-09,0.0,-999999.9999984403
2012-11-12,0.0,-999999.9999984403
2012-11-13,0.0,-999999.9999984403
2012-11-14,0.0,-999999.9999984403
2012-11-15,0.0,-999999.9999984403
2012-11-16,0.0,-999999.9999984403
2012-11-19,0.0,-999999.9999984403
2012-11-20,0.0,-999999.9999984403
2012-11-21,-6.9745276017280535e-09,-999999.9999984473
2012-11-22,-2.2910705343960286e-06,-1000000.0000007383
2012-11-23,0.0,-1000000.0000007383
2012-11-26,0.0,-1000000.0000007383
2012-11-27,0.0,-1000000.0000007383
2012-11-28,0.0,-1000000.0000007383
2012-11-29,0.0,-1000000.0000007383
2012-11-30,0.0,-1000000.0000007383
2012-12-03,0.0,-1000000.0000007383
2012-12-04,0.0,-1000000.0000007383
2012-12-05,0.0,-1000000.0000007383
2012-12-06,0.0,-1000000.0000007383
2012-12-07,0.0,-1000000.0000007383
2012-12-10,0.0,-1000000.0000007383
2012-12-11,0.0,-1000000.0000007383
2012-12-12,0.0,-1000000.0000007383
2012-12-13,0.0,-1000000.0000007383
2012-12-14,0.0,-1000000.0000007383
2012-12-17,0.0,-1000000.0000007383
2012-12-18,0.0,-1000000.0000007383
2012-12-19,0.0,-1000000.0000007383
2012-12-20,0.0,-1000000.0000007383
2012-12-21,0.0,-1000000.0000007383
2012-12-24,0.0,-1000000.0000007383
2012-12-25,0.0,-1000000.0000007383
2012-12-26,0.0,-1000000.0000007383
2012-12-27,0.0,-1000000.0000007383
2012-12-28,0.0,-1000000.0000007383
2012-12-31,0.0,-1000000.0000007383
2013-01-01,0.0,-1000000.0000007383
2013-01-02,0.0,-1000000.0000007383
2013-01-03,-1.476569954404734e-08,-1000000.0000007531
2013-01-04,-3.319538821064475e-07,-1000000.000001085
2013-01-07,-4.89359081795566e-07,-1000000.0000015744
2013-01-08,1.7993752703476282e-06,-999999.999999775
2013-01-09,0.0,-999999.999999775
2013-01-10,1.9460579048814624e-10,-999999.9999997747
2013-01-11,-2.8735215709525816e-09,-999999.9999997776
2013-01-14,4.702362242022942e-11,-999999.9999997776
2013-01-15,2.1584783506636977e-10,-999999.9999997774
2013-01-16,1.96204568867588e-10,-999999.9999997772
2013-01-17,2.525609452862647e-10,-999999.999999777
2013-01-18,2.151969397429694e-10,-999999.9999997767
2013-01-21,-9.434182987343851e-09,-999999.9999997861
2013-01-22,2.425073893680932e-10,-999999.9999997859
2013-01-23,1.8492858359012966e-11,-999999.9999997859
2013-01-24,1.227275403809377e-10,-999999.9999997858
2013-01-25,1.6326643305348842e-10,-999999.9999997857
2013-01-28,-7.580513129969862e-11,-999999.9999997857
2013-01-29,1.1007195835318273e-10,-999999.9999997856
2013-01-30,7.86739077862322e-11,-999999.9999997856
2013-01-31,-2.438076354374561e-10,-999999.9999997858
2013-02-01,1.6140945845967592e-10,-999999.9999997856
2013-02-04,9.156411588524474e-08,-999999.9999996941
2013-02-05,0.0,-999999.9999996941
2013-02-06,0.0,-999999.9999996941
2013-02-07,0.0,-999999.9999996941
2013-02-08,0.0,-999999.9999996941
2013-02-11,0.0,-999999.9999996941
2013-02-12,0.0,-999999.9999996941
2013-02-13,0.0,-999999.9999996941
2013-02-14,0.0,-999999.9999996941
2013-02-15,0.0,-999999.9999996941
2013-02-18,0.0,-999999.9999996941
2013-02-19,0.0,-999999.9999996941
2013-02-20,0.0,-999999.9999996941
2013-02-21,0.0,-999999.9999996941
2013-02-22,0.0,-999999.9999996941
2013-02-25,0.0,-999999.9999996941
2013-02-26,1.6774624315796926e-10,-999999.9999996938
2013-02-27,7.018724103434667e-11,-999999.9999996938
2013-02-28,-4.260216159688196e-12,-999999.9999996938
2013-03-01,2.8347652301408304e-10,-999999.9999996935
2013-03-04,1.1705015985654394e-10,-999999.9999996934
2013-03-05,7.876403229110997e-11,-999999.9999996934
2013-03-06,-1.499168956813235e-10,-999999.9999996935
2013-03-07,-1.4992918386302048e-10,-999999.9999996936
2013-03-08,2.8866706283860545e-08,-999999.9999996647
2013-03-11,0.0,-999999.9999996647
2013-03-12,0.0,-999999.9999996647
2013-03-13,0.0,-999999.9999996647
2013-03-14,0.0,-999999.9999996647
2013-03-15,0.0,-999999.9999996647
2013-03-18,0.0,-999999.9999996647
2013-03-19,3.3594125304851146e-12,-999999.9999996647
2013-03-20,1.9880407926423165e-09,-999999.9999996627
2013-03-21,0.0,-999999.9999996627
2013-03-22,3.0699379514631004e-10,-999999.9999996625
2013-03-25,-6.066847263961351e-08,-999999.9999997232
2013-03-26,0.0,-999999.9999997232
2013-03-27,0.0,-999999.9999997232
2013-03-28,0.0,-999999.9999997232
2013-03-29,0.0,-999999.9999997232
2013-04-01,0.0,-999999.9999997232
2013-04-02,0.0,-999999.9999997232
2013-04-03,0.0,-999999.9999997232
2013-04-04,0.0,-999999.9999997232
2013-04-05,0.0,-999999.9999997232
2013-04-08,0.0,-999999.9999997232
2013-04-09,0.0,-999999.9999997232
2013-04-10,3.3702211286342324e-09,-999999.9999997198
2013-04-11,4.628835339708645e-09,-999999.9999997151
2013-04-12,2.587861529009881e-09,-999999.9999997126
2013-04-15,5.0928933349396884e-09,-999999.9999997074
2013-04-16,-1.9751180683179925e-10,-999999.9999997077
2013-04-17,1.075198329950024e-09,-999999.9999997065
2013-04-18,8.944226276889465e-10,-999999.9999997057
2013-04-19,-1.1603906385092542e-09,-999999.9999997069
2013-04-22,-2.007422513708524e-09,-999999.9999997088
2013-04-23,1.0374529100651395e-06,-999999.9999986714
2013-04-24,0.0,-999999.9999986714
2013-04-25,0.0,-999999.9999986714
2013-04-26,0.0,-999999.9999986714
2013-04-29,0.0,-999999.9999986714
2013-04-30,0.0,-999999.9999986714
2013-05-01,0.0,-999999.9999986714
2013-05-02,0.0,-999999.9999986714
2013-05-03,0.0,-999999.9999986714
2013-05-06,2.5216885807514304e-08,-999999.9999986462
2013-05-07,-3.2993302225495315e-07,-999999.9999989761
2013-05-08,0.0,-999999.9999989761
2013-05-09,0.0,-999999.9999989761
2013-05-10,0.0,-999999.9999989761
2013-05-13,0.0,-999999.9999989761
2013-05-14,0.0,-999999.9999989761
2013-05-15,0.0,-999999.9999989761
2013-05-16,0.0,-999999.9999989761
2013-05-17,0.0,-999999.9999989761
2013-05-20,0.0,-999999.9999989761
2013-05-21,0.0,-999999.9999989761
2013-05-22,0.0,-999999.9999989761
2013-05-23,0.0,-999999.9999989761
2013-05-24,0.0,-999999.9999989761
2013-05-27,0.0,-999999.9999989761
2013-05-28,0.0,-999999.9999989761
2013-05-29,0.0,-999999.9999989761
2013-05-30,0.0,-999999.9999989761
2013-05-31,0.0,-999999.9999989761
2013-06-03,0.0,-999999.9999989761
2013-06-04,0.0,-999999.9999989761
2013-06-05,0.0,-999999.9999989761
2013-06-06,0.0,-999999.9999989761
2013-06-07,0.0,-999999.9999989761
2013-06-10,0.0,-999999.9999989761
2013-06-11,0.0,-999999.9999989761
2013-06-12,0.0,-999999.9999989761
2013-06-13,0.0,-999999.9999989761
2013-06-14,0.0,-999999.9999989761
2013-06-17,0.0,-999999.9999989761
2013-06-18,0.0,-999999.9999989761
2013-06-19,0.0,-999999.9999989761
2013-06-20,0.0,-999999.9999989761
2013-06-21,0.0,-999999.9999989761
2013-06-24,0.0,-999999.9999989761
2013-06-25,0.0,-999999.9999989761
2013-06-26,0.0,-999999.9999989761
2013-06-27,0.0,-999999.9999989761
2013-06-28,0.0,-999999.9999989761
2013-07-01,0.0,-999999.9999989761
2013-07-02,0.0,-999999.9999989761
2013-07-03,0.0,-999999.9999989761
2013-07-04,0.0,-999999.9999989761
2013-07-05,0.0,-999999.9999989761
2013-07-08,0.0,-999999.9999989761
2013-07-09,0.0,-999999.9999989761
2013-07-10,0.0,-999999.9999989761
2013-07-11,0.0,-999999.9999989761
2013-07-12,0.0,-999999.9999989761
2013-07-15,0.0,-999999.9999989761
2013-07-16,0.0,-999999.9999989761
2013-07-17,0.0,-999999.9999989761
2013-07-18,0.0,-999999.9999989761
2013-07-19,0.0,-999999.9999989761
2013-07-22,2.4155832641314405e-09,-999999.9999989737
2013-07-23,-6.415553601352192e-08,-999999.9999990378
2013-07-24,0.0,-999999.9999990378
2013-07-25,0.0,-999999.9999990378
2013-07-26,1.4488555448693106e-09,-999999.9999990364
2013-07-29,-1.7157008985954175e-10,-999999.9999990365
2013-07-30,2.0197228412215545e-10,-999999.9999990363
2013-07-31,1.869824719732501e-10,-999999.9999990362
2013-08-01,-4.4522910946683465e-11,-999999.9999990362
2013-08-02,5.629492090919793e-10,-999999.9999990356
2013-08-05,9.327007263391526e-11,-999999.9999990356
2013-08-06,3.710274910630358e-10,-999999.9999990351
2013-08-07,6.957730933998532e-10,-999999.9999990345
2013-08-08,5.6701819222205845e-08,-999999.9999989778
2013-08-09,0.0,-999999.9999989778
2013-08-12,0.0,-999999.9999989778
2013-08-13,0.0,-999999.9999989778
2013-08-14,1.0572273576384052e-09,-999999.9999989767
2013-08-15,1.5835868895904078e-09,-999999.9999989752
2013-08-16,-4.0601541981184317e-10,-999999.9999989755
2013-08-19,1.4454913845590852e-10,-999999.9999989754
2013-08-20,-1.3074775781968396e-10,-999999.9999989755
2013-08-21,2.985821452051324e-08,-999999.9999989457
2013-08-22,0.0,-999999.9999989457
2013-08-23,0.0,-999999.9999989457
2013-08-26,0.0,-999999.9999989457
2013-08-27,0.0,-999999.9999989457
2013-08-28,0.0,-999999.9999989457
2013-08-29,0.0,-999999.9999989457
2013-08-30,0.0,-999999.9999989457
2013-09-02,0.0,-999999.9999989457
2013-09-03,0.0,-999999.9999989457
2013-09-04,0.0,-999999.9999989457
2013-09-05,0.0,-999999.9999989457
2013-09-06,0.0,-999999.9999989457
2013-09-09,0.0,-999999.9999989457
2013-09-10,0.0,-999999.9999989457
2013-09-11,0.0,-999999.9999989457
2013-09-12,0.0,-999999.9999989457
2013-09-13,0.0,-999999.9999989457
2013-09-16,0.0,-999999.9999989457
2013-09-17,0.0,-999999.9999989457
2013-09-18,8.348520547246128e-09,-999999.9999989374
2013-09-19,3.88703221670022e-09,-999999.9999989334
2013-09-20,-1.0088279321770626e-06,-999999.9999999423
2013-09-23,0.0,-999999.9999999423
2013-09-24,0.0,-999999.9999999423
2013-09-25,0.0,-999999.9999999423
2013-09-26,0.0,-999999.9999999423
2013-09-27,0.0,-999999.9999999423
2013-09-30,0.0,-999999.9999999423
2013-10-01,0.0,-999999.9999999423
2013-10-02,0.0,-999999.9999999423
2013-10-03,0.0,-999999.9999999423
2013-10-04,0.0,-999999.9999999423
2013-10-07,0.0,-999999.9999999423
2013-10-08,0.0,-999999.9999999423
2013-10-09,0.0,-999999.9999999423
2013-10-10,0.0,-999999.9999999423
2013-10-11,0.0,-999999.9999999423
2013-10-14,0.0,-999999.9999999423
2013-10-15,0.0,-999999.9999999423
2013-10-16,0.0,-999999.9999999423
2013-10-17,0.0,-999999.9999999423
2013-10-18,0.0,-999999.9999999423
2013-10-21,0.0,-999999.9999999423
2013-10-22,0.0,-999999.9999999423
2013-10-23,0.0,-999999.9999999423
2013-10-24,0.0,-999999.9999999423
2013-10-25,0.0,-999999.9999999423
2013-10-28,0.0,-999999.9999999423
2013-10-29,0.0,-999999.9999999423
2013-10-30,0.0,-999999.9999999423
2013-10-31,0.0,-999999.9999999423
2013-11-01,0.0,-999999.9999999423
2013-11-04,0.0,-999999.9999999423
2013-11-05,0.0,-999999.9999999423
2013-11-06,0.0,-999999.9999999423
2013-11-07,0.0,-999999.9999999423
2013-11-08,0.0,-999999.9999999423
2013-11-11,0.0,-999999.9999999423
2013-11-12,1.0741191109417969e-10,-999999.9999999421
2013-11-13,1.1274744656534259e-11,-999999.9999999421
2013-11-14,-1.2829284892942397e-09,-999999.9999999434
2013-11-15,0.0,-999999.9999999434
2013-11-18,0.0,-999999.9999999434
2013-11-19,0.0,-999999.9999999434
2013-11-20,0.0,-999999.9999999434
2013-11-21,0.0,-999999.9999999434
2013-11-22,0.0,-999999.9999999434
2013-11-25,0.0,-999999.9999999434
2013-11-26,9.263414722504563e-10,-999999.9999999425
2013-11-27,-4.7851335314905046e-08,-999999.9999999903
2013-11-28,0.0,-999999.9999999903
2013-11-29,0.0,-999999.9999999903
2013-12-02,0.0,-999999.9999999903
2013-12-03,0.0,-999999.9999999903
2013-12-04,0.0,-999999.9999999903
2013-12-05,0.0,-999999.9999999903
2013-12-06,0.0,-999999.9999999903
2013-12-09,0.0,-999999.9999999903
2013-12-10,0.0,-999999.9999999903
2013-12-11,0.0,-999999.9999999903
2013-12-12,0.0,-999999.9999999903
2013-12-13,0.0,-999999.9999999903
2013-12-16,0.0,-999999.9999999903
2013-12-17,0.0,-999999.9999999903
2013-12-18,0.0,-999999.9999999903
2013-12-19,0.0,-999999.9999999903
2013-12-20,0.0,-999999.9999999903
2013-12-23,0.0,-999999.9999999903
2013-12-24,0.0,-999999.9999999903
2013-12-25,0.0,-999999.9999999903
2013-12-26,0.0,-999999.9999999903
2013-12-27,0.0,-999999.9999999903
2013-12-30,0.0,-999999.9999999903
2013-12-31,0.0,-999999.9999999903
2014-01-01,0.0,-999999.9999999903
2014-01-02,0.0,-999999.9999999903
2014-01-03,0.0,-999999.9999999903
2014-01-06,0.0,-999999.9999999903
2014-01-07,0.0,-999999.9999999903
2014-01-08,0.0,-999999.9999999903
2014-01-09,0.0,-999999.9999999903
2014-01-10,0.0,-999999.9999999903
2014-01-13,0.0,-999999.9999999903
2014-01-14,0.0,-999999.9999999903
2014-01-15,0.0,-999999.9999999903
2014-01-16,0.0,-999999.9999999903
2014-01-17,0.0,-999999.9999999903
2014-01-20,0.0,-999999.9999999903
2014-01-21,0.0,-999999.9999999903
2014-01-22,0.0,-999999.9999999903
2014-01-23,0.0,-999999.9999999903
2014-01-24,0.0,-999999.9999999903
2014-01-27,0.0,-999999.9999999903
2014-01-28,0.0,-999999.9999999903
2014-01-29,0.0,-999999.9999999903
2014-01-30,0.0,-999999.9999999903
2014-01-31,0.0,-999999.9999999903
2014-02-03,0.0,-999999.9999999903
2014-02-04,0.0,-999999.9999999903
2014-02-05,0.0,-999999.9999999903
2014-02-06,0.0,-999999.9999999903
2014-02-07,0.0,-999999.9999999903
2014-02-10,0.0,-999999.9999999903
2014-02-11,0.0,-999999.9999999903
2014-02-12,0.0,-999999.9999999903
2014-02-13,0.0,-999999.9999999903
2014-02-14,0.0,-999999.9999999903
2014-02-17,0.0,-999999.9999999903
2014-02-18,0.0,-999999.9999999903
2014-02-19,0.0,-999999.9999999903
2014-02-20,6.155235554012831e-12,-999999.9999999903
2014-02-21,-8.73643690433731e-11,-999999.9999999905
2014-02-24,0.0,-999999.9999999905
2014-02-25,4.015563580646986e-12,-999999.9999999905
2014-02-26,5.930237416028948e-12,-999999.9999999905
2014-02-27,5.176797868471947e-12,-999999.9999999905
2014-02-28,4.280314601806943e-12,-999999.9999999905
2014-03-03,-1.721714800215769e-12,-999999.9999999905
2014-03-04,-3.00977413230908e-12,-999999.9999999905
2014-03-05,1.5496681420601101e-12,-999999.9999999905
2014-03-06,4.59728751805128e-12,-999999.9999999905
2014-03-07,1.0377295274317337e-10,-999999.9999999903
2014-03-10,-8.962972085932888e-12,-999999.9999999903
2014-03-11,-3.8868546981057435e-09,-999999.9999999942
2014-03-12,2.1593202867151486e-11,-999999.9999999942
2014-03-13,1.9323332882856397e-09,-999999.9999999923
2014-03-14,-5.835092461613383e-12,-999999.9999999923
2014-03-17,2.431773784687307e-11,-999999.9999999922
2014-03-18,1.213519913151283e-09,-999999.999999991
2014-03-19,0.0,-999999.999999991
2014-03-20,0.0,-999999.999999991
2014-03-21,0.0,-999999.999999991
2014-03-24,0.0,-999999.999999991
2014-03-25,0.0,-999999.999999991
2014-03-26,0.0,-999999.999999991
2014-03-27,0.0,-999999.999999991
2014-03-28,0.0,-999999.999999991
2014-03-31,0.0,-999999.999999991
2014-04-01,0.0,-999999.999999991
2014-04-02,0.0,-999999.999999991
2014-04-03,0.0,-999999.999999991
2014-04-04,0.0,-999999.999999991
2014-04-07,0.0,-999999.999999991
2014-04-08,6.28639585261624e-12,-999999.999999991
2014-04-09,-6.23004498271387e-10,-999999.9999999916
2014-04-10,0.0,-999999.9999999916
2014-04-11,0.0,-999999.9999999916
2014-04-14,0.0,-999999.9999999916
2014-04-15,0.0,-999999.9999999916
2014-04-16,0.0,-999999.9999999916
2014-04-17,0.0,-999999.9999999916
2014-04-18,5.925199410116348e-12,-999999.9999999916
2014-04-21,2.3355957626369442e-11,-999999.9999999916
2014-04-22,5.027911012861137e-11,-999999.9999999916
2014-04-23,-6.054338972991764e-11,-999999.9999999916
2014-04-24,-3.898863359884761e-09,-999999.9999999956
2014-04-25,-9.7459977036154e-13,-999999.9999999956
2014-04-28,3.4729720614555154e-11,-999999.9999999955
2014-04-29,2.8721270563516187e-11,-999999.9999999955
2014-04-30,1.1136483749839041e-11,-999999.9999999955
2014-05-01,8.842396576446372e-12,-999999.9999999955
2014-05-02,2.7574036636336305e-09,-999999.9999999927
2014-05-05,-4.791484966671556e-12,-999999.9999999927
2014-05-06,3.4782587982965712e-09,-999999.9999999892
2014-05-07,-2.5205003174581024e-09,-999999.9999999917
2014-05-08,0.0,-999999.9999999917
2014-05-09,0.0,-999999.9999999917
2014-05-12,0.0,-999999.9999999917
2014-05-13,6.832429650715047e-12,-999999.9999999917
2014-05-14,-4.723055236237138e-13,-999999.9999999917
2014-05-15,-4.81952320186539e-10,-999999.9999999922
2014-05-16,0.0,-999999.9999999922
2014-05-19,1.745329178576882e-12,-999999.9999999922
2014-05-20,-8.677214328164139e-11,-999999.9999999923
2014-05-21,0.0,-999999.9999999923
2014-05-22,0.0,-999999.9999999923
2014-05-23,0.0,-999999.9999999923
2014-05-26,5.6189140127497595e-12,-999999.9999999923
2014-05-27,-2.193507198773725e-11,-999999.9999999923
2014-05-28,0.0,-999999.9999999923
2014-05-29,0.0,-999999.9999999923
2014-05-30,0.0,-999999.9999999923
2014-06-02,0.0,-999999.9999999923
2014-06-03,0.0,-999999.9999999923
2014-06-04,0.0,-999999.9999999923
2014-06-05,0.0,-999999.9999999923
2014-06-06,0.0,-999999.9999999923
2014-06-09,0.0,-999999.9999999923
2014-06-10,0.0,-999999.9999999923
2014-06-11,0.0,-999999.9999999923
2014-06-12,0.0,-999999.9999999923
2014-06-13,0.0,-999999.9999999923
2014-06-16,0.0,-999999.9999999923
2014-06-17,0.0,-999999.9999999923
2014-06-18,0.0,-999999.9999999923
2014-06-19,0.0,-999999.9999999923
2014-06-20,0.0,-999999.9999999923
2014-06-23,0.0,-999999.9999999923
2014-06-24,0.0,-999999.9999999923
2014-06-25,3.962462949947422e-12,-999999.9999999923
2014-06-26,6.552061417090682e-12,-999999.9999999923
2014-06-27,3.433883125037957e-13,-999999.9999999923
2014-06-30,5.414084773725006e-13,-999999.9999999923
2014-07-01,1.0837889720977177e-12,-999999.9999999923
2014-07-02,3.2712382231845497e-12,-999999.9999999923
2014-07-03,3.635445118172923e-12,-999999.9999999923
2014-07-04,-1.3301203099148786e-12,-999999.9999999923
2014-07-07,1.741440991499084e-12,-999999.9999999923
2014-07-08,-8.805574454125055e-13,-999999.9999999923
2014-07-09,1.0374431029944955e-11,-999999.9999999923
2014-07-10,-4.698468408544902e-10,-999999.9999999928
2014-07-11,1.3368981133223877e-09,-999999.9999999914
2014-07-14,0.0,-999999.9999999914
2014-07-15,0.0,-999999.9999999914
2014-07-16,0.0,-999999.9999999914
2014-07-17,0.0,-999999.9999999914
2014-07-18,0.0,-999999.9999999914
2014-07-21,0.0,-999999.9999999914
2014-07-22,0.0,-999999.9999999914
2014-07-23,0.0,-999999.9999999914
2014-07-24,1.0242039160123762e-10,-999999.9999999913
2014-07-25,1.2135690300730961e-11,-999999.9999999913
2014-07-28,-4.375476411030121e-09,-999999.9999999957
2014-07-29,3.2136818287383413e-12,-999999.9999999957
2014-07-30,2.4283695276435786e-12,-999999.9999999957
2014-07-31,-2.6167925604546437e-13,-999999.9999999957
2014-08-01,1.7805346031983806e-12,-999999.9999999957
2014-08-04,-9.46298915882228e-13,-999999.9999999957
2014-08-05,-1.8850127761000205e-14,-999999.9999999957
2014-08-06,3.837982543740024e-12,-999999.9999999957
2014-08-07,-1.2062483172707386e-12,-999999.9999999957
2014-08-08,-1.5131569806157947e-12,-999999.9999999957
2014-08-11,1.960125938341264e-12,-999999.9999999957
2014-08-12,5.302390904095298e-10,-999999.9999999951
2014-08-13,2.030915082340728e-12,-999999.9999999951
2014-08-14,-1.668867113667294e-11,-999999.9999999951
2014-08-15,2.938009463098309e-12,-999999.9999999951
2014-08-18,4.091241616185109e-12,-999999.9999999951
2014-08-19,9.095590234195368e-13,-999999.9999999951
2014-08-20,3.309739961429205e-13,-999999.9999999951
2014-08-21,9.384633124864972e-13,-999999.9999999951
2014-08-22,2.6669207358480393e-12,-999999.9999999951
2014-08-25,9.311479523125296e-13,-999999.9999999951
2014-08-26,-5.349746173297453e-13,-999999.9999999951
2014-08-27,1.5316368648407338e-13,-999999.9999999951
2014-08-28,9.141226730695295e-10,-999999.9999999942
2014-08-29,2.0612648254518187e-12,-999999.9999999942
2014-09-01,-3.406583838085087e-10,-999999.9999999945
2014-09-02,0.0,-999999.9999999945
2014-09-03,0.0,-999999.9999999945
2014-09-04,0.0,-999999.9999999945
2014-09-05,0.0,-999999.9999999945
2014-09-08,0.0,-999999.9999999945
2014-09-09,0.0,-999999.9999999945
2014-09-10,0.0,-999999.9999999945
2014-09-11,0.0,-999999.9999999945
2014-09-12,0.0,-999999.9999999945
2014-09-15,0.0,-999999.9999999945
2014-09-16,0.0,-999999.9999999945
2014-09-17,0.0,-999999.9999999945
2014-09-18,8.82283408369164e-12,-999999.9999999945
2014-09-19,6.804396011912604e-12,-999999.9999999945
2014-09-22,9.526975718221177e-13,-999999.9999999945
2014-09-23,-3.107046740057426e-12,-999999.9999999945
2014-09-24,1.4286548028258911e-10,-999999.9999999944
2014-09-25,0.0,-999999.9999999944
2014-09-26,0.0,-999999.9999999944
2014-09-29,0.0,-999999.9999999944
2014-09-30,1.021553774129313e-11,-999999.9999999944
2014-10-01,-5.643560567985816e-09,-1000000.0
2014-10-02,0.0,-1000000.0
2014-10-03,0.0,-1000000.0
2014-10-06,0.0,-1000000.0
2014-10-07,0.0,-1000000.0
2014-10-08,0.0,-1000000.0
2014-10-09,0.0,-1000000.0
2014-10-10,0.0,-1000000.0
2014-10-13,0.0,-1000000.0
2014-10-14,0.0,-1000000.0
2014-10-15,0.0,-1000000.0
2014-10-16,0.0,-1000000.0
2014-10-17,0.0,-1000000.0
2014-10-20,0.0,-1000000.0
2014-10-21,0.0,-1000000.0
2014-10-22,0.0,-1000000.0
2014-10-23,0.0,-1000000.0
2014-10-24,0.0,-1000000.0
2014-10-27,-9.301568813377114e-13,-1000000.0
2014-10-28,6.791842909099128e-13,-1000000.0
2014-10-29,0.0,-1000000.0
2014-10-30,0.0,-1000000.0
2014-10-31,0.0,-1000000.0
2014-11-03,0.0,-1000000.0
2014-11-04,0.0,-1000000.0
2014-11-05,0.0,-1000000.0
2014-11-06,0.0,-1000000.0
2014-11-07,0.0,-1000000.0
2014-11-10,0.0,-1000000.0
2014-11-11,0.0,-1000000.0
2014-11-12,0.0,-1000000.0
2014-11-13,0.0,-1000000.0
2014-11-14,0.0,-1000000.0
2014-11-17,0.0,-1000000.0
2014-11-18,0.0,-1000000.0
2014-11-19,0.0,-1000000.0
2014-11-20,0.0,-1000000.0
2014-11-21,0.0,-1000000.0
2014-11-24,0.0,-1000000.0
2014-11-25,-9.351763331462673e-13,-1000000.0
2014-11-26,-1.3502046299915605e-12,-1000000.0
2014-11-27,2.564303099045963e-13,-1000000.0
2014-11-28,0.0,-1000000.0
2014-12-01,0.0,-1000000.0
2014-12-02,0.0,-1000000.0
2014-12-03,0.0,-1000000.0
2014-12-04,0.0,-1000000.0
2014-12-05,0.0,-1000000.0
2014-12-08,0.0,-1000000.0
2014-12-09,0.0,-1000000.0
2014-12-10,0.0,-1000000.0
2014-12-11,0.0,-1000000.0
2014-12-12,0.0,-1000000.0
2014-12-15,0.0,-1000000.0
2014-12-16,0.0,-1000000.0
2014-12-17,0.0,-1000000.0
2014-12-18,0.0,-1000000.0
2014-12-19,0.0,-1000000.0
2014-12-22,0.0,-1000000.0
2014-12-23,0.0,-1000000.0
2014-12-24,0.0,-1000000.0
2014-12-25,0.0,-1000000.0
2014-12-26,0.0,-1000000.0
2014-12-29,0.0,-1000000.0
2014-12-30,0.0,-1000000.0
2014-12-31,-9.75755346210932e-13,-1000000.0
2015-01-01,-6.298740935423362e-12,-1000000.0
2015-01-02,-2.242188828213782e-12,-1000000.0000000001
2015-01-05,-5.877206744647335e-12,-1000000.0000000001
2015-01-06,-5.107174623419092e-12,-1000000.0000000001
2015-01-07,6.227688316912741e-12,-1000000.0000000001
2015-01-08,6.000575833358736e-12,-1000000.0
2015-01-09,0.0,-1000000.0
2015-01-12,0.0,-1000000.0
2015-01-13,0.0,-1000000.0
2015-01-14,0.0,-1000000.0
2015-01-15,0.0,-1000000.0
2015-01-16,0.0,-1000000.0
2015-01-19,-1.1412113927637926e-12,-1000000.0
2015-01-20,-2.939720727116512e-11,-1000000.0000000001
2015-01-21,-5.940395429270272e-11,-1000000.0000000001
2015-01-22,1.4665993596231037e-10,-1000000.0
2015-01-23,0.0,-1000000.0
2015-01-26,0.0,-1000000.0
2015-01-27,0.0,-1000000.0
2015-01-28,0.0,-1000000.0
2015-01-29,0.0,-1000000.0
2015-01-30,0.0,-1000000.0
2015-02-02,0.0,-1000000.0
2015-02-03,-6.8601326502175876e-15,-1000000.0
2015-02-04,2.001454734522826e-14,-1000000.0
2015-02-05,0.0,-1000000.0
2015-02-06,0.0,-1000000.0
2015-02-09,0.0,-1000000.0
2015-02-10,0.0,-1000000.0
2015-02-11,0.0,-1000000.0
2015-02-12,0.0,-1000000.0
2015-02-13,0.0,-1000000.0
2015-02-16,0.0,-1000000.0
2015-02-17,0.0,-1000000.0
2015-02-18,0.0,-1000000.0
2015-02-19,0.0,-1000000.0
2015-02-20,0.0,-1000000.0
2015-02-23,0.0,-1000000.0
2015-02-24,0.0,-1000000.0
2015-02-25,0.0,-1000000.0
2015-02-26,0.0,-1000000.0
2015-02-27,0.0,-1000000.0
2015-03-02,0.0,-1000000.0
2015-03-03,0.0,-1000000.0
2015-03-04,-6.597044356317373e-15,-1000000.0
2015-03-05,1.7129056213663387e-13,-1000000.0
2015-03-06,0.0,-1000000.0
2015-03-09,0.0,-1000000.0
2015-03-10,0.0,-1000000.0
2015-03-11,0.0,-1000000.0
2015-03-12,0.0,-1000000.0
2015-03-13,0.0,-1000000.0
2015-03-16,0.0,-1000000.0
2015-03-17,-3.3031740007110434e-15,-1000000.0
2015-03-18,-3.026139675903733e-14,-1000000.0
2015-03-19,8.924260258402785e-15,-1000000.0
2015-03-20,-2.6638256120031497e-14,-1000000.0
2015-03-23,2.5365870394213202e-15,-1000000.0
2015-03-24,-2.1408518180464313e-14,-1000000.0
2015-03-25,2.5009381899560472e-14,-1000000.0
2015-03-26,0.0,-1000000.0
2015-03-27,0.0,-1000000.0
2015-03-30,0.0,-1000000.0
2015-03-31,0.0,-1000000.0
2015-04-01,0.0,-1000000.0
2015-04-02,0.0,-1000000.0
2015-04-03,0.0,-1000000.0
2015-04-06,0.0,-1000000.0
2015-04-07,0.0,-1000000.0
2015-04-08,-4.205996317968235e-15,-1000000.0
2015-04-09,5.2609306223386475e-15,-1000000.0
2015-04-10,-1.025031658867769e-14,-1000000.0
2015-04-13,3.6591771804673516e-14,-1000000.0
2015-04-14,0.0,-1000000.0
2015-04-15,0.0,-1000000.0
2015-04-16,-3.65806852756091e-15,-1000000.0
2015-04-17,1.230876931176538e-14,-1000000.0
2015-04-20,0.0,-1000000.0
2015-04-21,0.0,-1000000.0
2015-04-22,0.0,-1000000.0
2015-04-23,0.0,-1000000.0
2015-04-24,0.0,-1000000.0
2015-04-27,0.0,-1000000.0
2015-04-28,0.0,-1000000.0
2015-04-29,0.0,-1000000.0
2015-04-30,0.0,-1000000.0
2015-05-01,0.0,-1000000.0
2015-05-04,0.0,-1000000.0
2015-05-05,0.0,-1000000.0
2015-05-06,0.0,-1000000.0
2015-05-07,0.0,-1000000.0
2015-05-08,0.0,-1000000.0
2015-05-11,0.0,-1000000.0
2015-05-12,0.0,-1000000.0
2015-05-13,0.0,-1000000.0
2015-05-14,-3.485054511876821e-15,-1000000.0
2015-05-15,4.158133436949062e-15,-1000000.0
2015-05-18,0.0,-1000000.0
2015-05-19,0.0,-1000000.0
2015-05-20,-3.471592933375376e-15,-1000000.0
2015-05-21,-1.995221182785921e-15,-1000000.0
2015-05-22,-3.7653387250556604e-15,-1000000.0
2015-05-25,-3.394195302020876e-15,-1000000.0
2015-05-26,-3.724119896240132e-15,-1000000.0
2015-05-27,5.002604739156907e-15,-1000000.0
2015-05-28,0.0,-1000000.0
2015-05-29,-3.698550199381797e-15,-1000000.0
2015-06-01,2.1826459965769437e-13,-1000000.0
2015-06-02,0.0,-1000000.0
2015-06-03,0.0,-1000000.0
2015-06-04,0.0,-1000000.0
2015-06-05,0.0,-1000000.0
2015-06-08,0.0,-1000000.0
2015-06-09,0.0,-1000000.0
2015-06-10,0.0,-1000000.0
2015-06-11,0.0,-1000000.0
2015-06-12,0.0,-1000000.0
2015-06-15,0.0,-1000000.0
2015-06-16,0.0,-1000000.0
2015-06-17,0.0,-1000000.0
2015-06-18,0.0,-1000000.0
2015-06-19,0.0,-1000000.0
2015-06-22,0.0,-1000000.0
2015-06-23,0.0,-1000000.0
2015-06-24,0.0,-1000000.0
2015-06-25,0.0,-1000000.0
2015-06-26,0.0,-1000000.0
2015-06-29,0.0,-1000000.0
2015-06-30,0.0,-1000000.0
2015-07-01,0.0,-1000000.0
2015-07-02,0.0,-1000000.0
2015-07-03,0.0,-1000000.0
2015-07-06,0.0,-1000000.0
2015-07-07,0.0,-1000000.0
2015-07-08,0.0,-1000000.0
2015-07-09,0.0,-1000000.0
2015-07-10,0.0,-1000000.0
2015-07-13,4.26375004722013e-16,-1000000.0
2015-07-14,-3.80184800927908e-17,-1000000.0
2015-07-15,1.3040710205478494e-16,-1000000.0
2015-07-16,4.605635079749336e-16,-1000000.0
2015-07-17,-2.121191193391663e-16,-1000000.0
2015-07-20,1.8461380349696427e-15,-1000000.0
2015-07-21,-9.071812180882333e-18,-1000000.0
2015-07-22,-5.358595063133822e-15,-1000000.0
2015-07-23,0.0,-1000000.0
2015-07-24,0.0,-1000000.0
2015-07-27,0.0,-1000000.0
2015-07-28,3.5572922981818275e-18,-1000000.0
2015-07-29,-9.710906398191523e-16,-1000000.0
2015-07-30,0.0,-1000000.0
2015-07-31,0.0,-1000000.0
2015-08-03,0.0,-1000000.0
2015-08-04,0.0,-1000000.0
2015-08-05,0.0,-1000000.0
2015-08-06,0.0,-1000000.0
2015-08-07,0.0,-1000000.0
2015-08-10,0.0,-1000000.0
2015-08-11,0.0,-1000000.0
2015-08-12,0.0,-1000000.0
2015-08-13,0.0,-1000000.0
2015-08-14,0.0,-1000000.0
2015-08-17,0.0,-1000000.0
2015-08-18,0.0,-1000000.0
2015-08-19,0.0,-1000000.0
2015-08-20,0.0,-1000000.0
2015-08-21,0.0,-1000000.0
2015-08-24,0.0,-1000000.0
2015-08-25,0.0,-1000000.0
2015-08-26,0.0,-1000000.0
2015-08-27,2.5940544582675673e-17,-1000000.0
2015-08-28,1.8773638191201823e-17,-1000000.0
2015-08-31,1.515545586858634e-17,-1000000.0
2015-09-01,1.6749573240632702e-17,-1000000.0
2015-09-02,-2.2045295816335906e-17,-1000000.0
2015-09-03,1.8134960455650202e-17,-1000000.0
2015-09-04,1.6172934742729022e-15,-1000000.0
2015-09-07,0.0,-1000000.0
2015-09-08,0.0,-1000000.0
2015-09-09,0.0,-1000000.0
2015-09-10,0.0,-1000000.0
2015-09-11,0.0,-1000000.0
2015-09-14,0.0,-1000000.0
2015-09-15,0.0,-1000000.0
2015-09-16,0.0,-1000000.0
2015-09-17,0.0,-1000000.0
2015-09-18,0.0,-1000000.0
2015-09-21,0.0,-1000000.0
2015-09-22,0.0,-1000000.0
2015-09-23,0.0,-1000000.0
2015-09-24,0.0,-1000000.0
2015-09-25,0.0,-1000000.0
2015-09-28,0.0,-1000000.0
2015-09-29,0.0,-1000000.0
2015-09-30,0.0,-1000000.0
2015-10-01,0.0,-1000000.0
2015-10-02,0.0,-1000000.0
2015-10-05,0.0,-1000000.0
2015-10-06,0.0,-1000000.0
2015-10-07,0.0,-1000000.0
2015-10-08,0.0,-1000000.0
2015-10-09,0.0,-1000000.0
2015-10-12,0.0,-1000000.0
2015-10-13,0.0,-1000000.0
2015-10-14,0.0,-1000000.0
2015-10-15,0.0,-1000000.0
2015-10-16,0.0,-1000000.0
2015-10-19,0.0,-1000000.0
2015-10-20,0.0,-1000000.0
2015-10-21,0.0,-1000000.0
2015-10-22,0.0,-1000000.0
2015-10-23,0.0,-1000000.0
2015-10-26,0.0,-1000000.0
2015-10-27,4.050404226373478e-16,-1000000.0
2015-10-28,-9.609250756806925e-15,-1000000.0
2015-10-29,0.0,-1000000.0
2015-10-30,0.0,-1000000.0
2015-11-02,0.0,-1000000.0
2015-11-03,0.0,-1000000.0
2015-11-04,3.057148003072365e-17,-1000000.0
2015-11-05,2.8739609928447817e-18,-1000000.0
2015-11-06,2.9361254427305613e-17,-1000000.0
2015-11-09,-1.2008817751640725e-17,-1000000.0
2015-11-10,7.969306330740718e-18,-1000000.0
2015-11-11,1.2464850611352556e-18,-1000000.0
2015-11-12,5.100242577909724e-18,-1000000.0
2015-11-13,3.132161230801305e-18,-1000000.0
2015-11-16,1.786738867473874e-15,-1000000.0
2015-11-17,1.4690950336456334e-17,-1000000.0
2015-11-18,3.169113136318259e-17,-1000000.0
2015-11-19,4.38917418445173e-19,-1000000.0
2015-11-20,-5.825362940964936e-16,-1000000.0
2015-11-23,-1.6725904563884054e-16,-1000000.0
2015-11-24,0.0,-1000000.0
2015-11-25,0.0,-1000000.0
2015-11-26,0.0,-1000000.0
2015-11-27,0.0,-1000000.0
2015-11-30,0.0,-1000000.0
2015-12-01,0.0,-1000000.0
2015-12-02,0.0,-1000000.0
2015-12-03,0.0,-1000000.0
2015-12-04,3.9108975866117323e-16,-1000000.0
2015-12-07,-3.534315446879702e-15,-1000000.0
2015-12-08,0.0,-1000000.0
2015-12-09,0.0,-1000000.0
2015-12-10,0.0,-1000000.0
2015-12-11,0.0,-1000000.0
2015-12-14,0.0,-1000000.0
2015-12-15,0.0,-1000000.0
2015-12-16,0.0,-1000000.0
2015-12-17,0.0,-1000000.0
2015-12-18,0.0,-1000000.0
2015-12-21,0.0,-1000000.0
2015-12-22,0.0,-1000000.0
2015-12-23,0.0,-1000000.0
2015-12-24,0.0,-1000000.0
2015-12-25,0.0,-1000000.0
2015-12-28,0.0,-1000000.0
2015-12-29,0.0,-1000000.0
2015-12-30,0.0,-1000000.0
2015-12-31,0.0,-1000000.0
2016-01-01,0.0,-1000000.0
2016-01-04,0.0,-1000000.0
2016-01-05,0.0,-1000000.0
2016-01-06,0.0,-1000000.0
2016-01-07,0.0,-1000000.0
2016-01-08,0.0,-1000000.0
2016-01-11,0.0,-1000000.0
2016-01-12,2.068665465527871e-16,-1000000.0
2016-01-13,1.374680377662913e-16,-1000000.0
2016-01-14,2.7773123024063205e-17,-1000000.0
2016-01-15,1.5986064872456912e-17,-1000000.0
2016-01-18,2.5951768201491153e-16,-1000000.0
2016-01-19,1.1158105552407916e-16,-1000000.0
2016-01-20,1.7929340471204351e-16,-1000000.0
2016-01-21,2.4116821775184817e-17,-1000000.0
2016-01-22,7.711227934260685e-17,-1000000.0
2016-01-25,-1.4610340343750446e-16,-1000000.0
2016-01-26,1.7076047563574108e-17,-1000000.0
2016-01-27,7.164636436438594e-17,-1000000.0
2016-01-28,3.126337121368355e-17,-1000000.0
2016-01-29,7.538288888050938e-17,-1000000.0
2016-02-01,7.268148823894272e-14,-1000000.0
2016-02-02,0.0,-1000000.0
2016-02-03,0.0,-1000000.0
2016-02-04,1.0926645901383391e-16,-1000000.0
2016-02-05,-2.273480396818201e-17,-1000000.0
2016-02-08,-1.0787076039356785e-17,-1000000.0
2016-02-09,3.8096727540142016e-17,-1000000.0
2016-02-10,3.3993589281540166e-17,-1000000.0
2016-02-11,3.3172536992836835e-17,-1000000.0
2016-02-12,-5.772482399457044e-18,-1000000.0
2016-02-15,2.0688558352477956e-17,-1000000.0
2016-02-16,-1.9528278249007217e-17,-1000000.0
2016-02-17,9.976331106595629e-17,-1000000.0
2016-02-18,2.8288340243744655e-17,-1000000.0
2016-02-19,3.744357909847084e-17,-1000000.0
2016-02-22,7.143303769799958e-18,-1000000.0
2016-02-23,1.6848860621202036e-17,-1000000.0
2016-02-24,-2.93122826596661e-17,-1000000.0
2016-02-25,6.231403667348183e-17,-1000000.0
2016-02-26,-3.2662547080333115e-18,-1000000.0
2016-02-29,-2.086663182230973e-17,-1000000.0
2016-03-01,1.9942303903767962e-14,-1000000.0
2016-03-02,0.0,-1000000.0
2016-03-03,0.0,-1000000.0
2016-03-04,0.0,-1000000.0
2016-03-07,9.85640044608228e-17,-1000000.0
2016-03-08,-3.743981307208685e-15,-1000000.0
2016-03-09,0.0,-1000000.0
2016-03-10,9.460900517278682e-16,-1000000.0
2016-03-11,4.694841180340958e-16,-1000000.0
2016-03-14,-1.3060658785786324e-16,-1000000.0
2016-03-15,3.1407144632493716e-14,-1000000.0
2016-03-16,0.0,-1000000.0
2016-03-17,0.0,-1000000.0
2016-03-18,0.0,-1000000.0
2016-03-21,0.0,-1000000.0
2016-03-22,0.0,-1000000.0
2016-03-23,0.0,-1000000.0
2016-03-24,0.0,-1000000.0
2016-03-25,0.0,-1000000.0
2016-03-28,0.0,-1000000.0
2016-03-29,0.0,-1000000.0
2016-03-30,0.0,-1000000.0
2016-03-31,0.0,-1000000.0
2016-04-01,0.0,-1000000.0
2016-04-04,1.5797340390239206e-16,-1000000.0
2016-04-05,2.5046608497705645e-18,-1000000.0
2016-04-06,-1.5358999810766434e-14,-1000000.0
2016-04-07,7.8096267771444275e-16,-1000000.0
2016-04-08,-8.339831250919126e-17,-1000000.0
2016-04-11,-1.7229493632831854e-13,-1000000.0
2016-04-12,0.0,-1000000.0
2016-04-13,0.0,-1000000.0
2016-04-14,0.0,-1000000.0
2016-04-15,0.0,-1000000.0
2016-04-18,0.0,-1000000.0
2016-04-19,0.0,-1000000.0
2016-04-20,0.0,-1000000.0
2016-04-21,0.0,-1000000.0
2016-04-22,0.0,-1000000.0
2016-04-25,0.0,-1000000.0
2016-04-26,0.0,-1000000.0
2016-04-27,0.0,-1000000.0
2016-04-28,0.0,-1000000.0
2016-04-29,0.0,-1000000.0
2016-05-02,0.0,-1000000.0
2016-05-03,0.0,-1000000.0
2016-05-04,-9.450082526590058e-16,-1000000.0
2016-05-05,4.970748887695242e-14,-1000000.0
2016-05-06,0.0,-1000000.0
2016-05-09,0.0,-1000000.0
2016-05-10,0.0,-1000000.0
2016-05-11,0.0,-1000000.0
2016-05-12,0.0,-1000000.0
2016-05-13,0.0,-1000000.0
2016-05-16,0.0,-1000000.0
2016-05-17,0.0,-1000000.0
2016-05-18,0.0,-1000000.0
2016-05-19,0.0,-1000000.0
2016-05-20,0.0,-1000000.0
2016-05-23,0.0,-1000000.0
2016-05-24,0.0,-1000000.0
2016-05-25,0.0,-1000000.0
2016-05-26,0.0,-1000000.0
2016-05-27,0.0,-1000000.0
2016-05-30,0.0,-1000000.0
2016-05-31,0.0,-1000000.0
2016-06-01,0.0,-1000000.0
2016-06-02,0.0,-1000000.0
2016-06-03,0.0,-1000000.0
2016-06-06,0.0,-1000000.0
2016-06-07,0.0,-1000000.0
2016-06-08,0.0,-1000000.0
2016-06-09,0.0,-1000000.0
2016-06-10,0.0,-1000000.0
2016-06-13,0.0,-1000000.0
2016-06-14,0.0,-1000000.0
2016-06-15,0.0,-1000000.0
2016-06-16,0.0,-1000000.0
2016-06-17,1.1984805369466744e-18,-1000000.0
2016-06-20,1.8957418039170797e-18,-1000000.0
2016-06-21,7.156666974005112e-19,-1000000.0
2016-06-22,-6.863550549274537e-20,-1000000.0
2016-06-23,-4.8217780446192997e-20,-1000000.0
2016-06-24,-1.0428900060904564e-16,-1000000.0
2016-06-27,0.0,-1000000.0
2016-06-28,8.019195431729615e-19,-1000000.0
2016-06-29,5.582626637386464e-19,-1000000.0
2016-06-30,-4.548353356086679e-19,-1000000.0
2016-07-01,1.4267259998597854e-17,-1000000.0
2016-07-04,-3.0562961690159153e-16,-1000000.0
2016-07-05,1.3393942889133784e-17,-1000000.0
2016-07-06,1.4800188580274046e-18,-1000000.0
2016-07-07,-2.220388929719935e-19,-1000000.0
2016-07-08,3.060886108953848e-18,-1000000.0
2016-07-11,6.962067473695731e-16,-1000000.0
2016-07-12,9.950876205085148e-19,-1000000.0
2016-07-13,-3.181777462481489e-19,-1000000.0
2016-07-14,2.36270358476948e-16,-1000000.0
2016-07-15,0.0,-1000000.0
2016-07-18,0.0,-1000000.0
2016-07-19,0.0,-1000000.0
2016-07-20,0.0,-1000000.0
2016-07-21,0.0,-1000000.0
2016-07-22,0.0,-1000000.0
2016-07-25,0.0,-1000000.0
2016-07-26,0.0,-1000000.0
2016-07-27,0.0,-1000000.0
2016-07-28,0.0,-1000000.0
2016-07-29,0.0,-1000000.0
2016-08-01,0.0,-1000000.0
2016-08-02,0.0,-1000000.0
2016-08-03,0.0,-1000000.0
2016-08-04,1.4956484670731798e-18,-1000000.0
2016-08-05,-2.1330360105660582e-16,-1000000.0
2016-08-08,0.0,-1000000.0
2016-08-09,0.0,-1000000.0
2016-08-10,0.0,-1000000.0
2016-08-11,0.0,-1000000.0
2016-08-12,0.0,-1000000.0
2016-08-15,0.0,-1000000.0
2016-08-16,0.0,-1000000.0
2016-08-17,0.0,-1000000.0
2016-08-18,0.0,-1000000.0
2016-08-19,0.0,-1000000.0
2016-08-22,0.0,-1000000.0
2016-08-23,0.0,-1000000.0
2016-08-24,0.0,-1000000.0
2016-08-25,0.0,-1000000.0
2016-08-26,0.0,-1000000.0
2016-08-29,0.0,-1000000.0
2016-08-30,0.0,-1000000.0
2016-08-31,0.0,-1000000.0
2016-09-01,0.0,-1000000.0
2016-09-02,0.0,-1000000.0
2016-09-05,0.0,-1000000.0
2016-09-06,0.0,-1000000.0
2016-09-07,0.0,-1000000.0
2016-09-08,1.307222757572723e-18,-1000000.0
2016-09-09,-3.641546707200112e-17,-1000000.0
2016-09-12,0.0,-1000000.0
2016-09-13,0.0,-1000000.0
2016-09-14,0.0,-1000000.0
2016-09-15,3.507269343081363e-18,-1000000.0
2016-09-16,-1.4237774910270372e-16,-1000000.0
2016-09-19,0.0,-1000000.0
2016-09-20,0.0,-1000000.0
2016-09-21,0.0,-1000000.0
2016-09-22,0.0,-1000000.0
2016-09-23,0.0,-1000000.0
2016-09-26,0.0,-1000000.0
2016-09-27,0.0,-1000000.0
2016-09-28,0.0,-1000000.0
2016-09-29,0.0,-1000000.0
2016-09-30,0.0,-1000000.0
2016-10-03,0.0,-1000000.0
2016-10-04,0.0,-1000000.0
2016-10-05,0.0,-1000000.0
2016-10-06,0.0,-1000000.0
2016-10-07,0.0,-1000000.0
2016-10-10,0.0,-1000000.0
2016-10-11,0.0,-1000000.0
2016-10-12,0.0,-1000000.0
2016-10-13,0.0,-1000000.0
2016-10-14,0.0,-1000000.0
2016-10-17,1.1235413972061322e-18,-1000000.0
2016-10-18,4.346313444527852e-18,-1000000.0
2016-10-19,-8.69884960747184e-17,-1000000.0
2016-10-20,2.8291048771600684e-17,-1000000.0
2016-10-21,-2.43852784558609e-16,-1000000.0
2016-10-24,-9.205074616084534e-16,-1000000.0
2016-10-25,0.0,-1000000.0
2016-10-26,0.0,-1000000.0
2016-10-27,0.0,-1000000.0
2016-10-28,0.0,-1000000.0
2016-10-31,0.0,-1000000.0
2016-11-01,0.0,-1000000.0
2016-11-02,0.0,-1000000.0
2016-11-03,0.0,-1000000.0
2016-11-04,0.0,-1000000.0
2016-11-07,0.0,-1000000.0
2016-11-08,0.0,-1000000.0
2016-11-09,0.0,-1000000.0
2016-11-10,0.0,-1000000.0
2016-11-11,0.0,-1000000.0
2016-11-14,0.0,-1000000.0
2016-11-15,0.0,-1000000.0
2016-11-16,0.0,-1000000.0
2016-11-17,0.0,-1000000.0
2016-11-18,0.0,-1000000.0
2016-11-21,0.0,-1000000.0
2016-11-22,0.0,-1000000.0
2016-11-23,0.0,-1000000.0
2016-11-24,5.001229920437624e-18,-1000000.0
2016-11-25,-2.7097076913158957e-16,-1000000.0
2016-11-28,0.0,-1000000.0
2016-11-29,0.0,-1000000.0
2016-11-30,0.0,-1000000.0
2016-12-01,0.0,-1000000.0
2016-12-02,0.0,-1000000.0
2016-12-05,0.0,-1000000.0
2016-12-06,0.0,-1000000.0
2016-12-07,0.0,-1000000.0
2016-12-08,0.0,-1000000.0
2016-12-09,0.0,-1000000.0
2016-12-12,0.0,-1000000.0
2016-12-13,0.0,-1000000.0
2016-12-14,0.0,-1000000.0
2016-12-15,0.0,-1000000.0
2016-12-16,0.0,-1000000.0
2016-12-19,0.0,-1000000.0
2016-12-20,0.0,-1000000.0
2016-12-21,0.0,-1000000.0
2016-12-22,1.2542209561019105e-18,-1000000.0
2016-12-23,-3.6695383493270296e-19,-1000000.0
2016-12-26,-2.279400603104162e-16,-1000000.0
2016-12-27,-4.903001310757641e-19,-1000000.0
2016-12-28,-2.2075058444511427e-19,-1000000.0
2016-12-29,-1.0326320488497867e-18,-1000000.0
2016-12-30,-1.0488846395251927e-18,-1000000.0
2017-01-02,8.210758533640008e-19,-1000000.0
2017-01-03,0.0,-1000000.0
2017-01-04,0.0,-1000000.0
2017-01-05,0.0,-1000000.0
2017-01-06,0.0,-1000000.0
2017-01-09,0.0,-1000000.0
2017-01-10,0.0,-1000000.0
2017-01-11,0.0,-1000000.0
2017-01-12,0.0,-1000000.0
2017-01-13,0.0,-1000000.0
2017-01-16,0.0,-1000000.0
2017-01-17,0.0,-1000000.0
2017-01-18,0.0,-1000000.0
2017-01-19,0.0,-1000000.0
2017-01-20,0.0,-1000000.0
2017-01-23,0.0,-1000000.0
2017-01-24,0.0,-1000000.0
2017-01-25,0.0,-1000000.0
2017-01-26,0.0,-1000000.0
2017-01-27,0.0,-1000000.0
2017-01-30,0.0,-1000000.0
2017-01-31,0.0,-1000000.0
2017-02-01,0.0,-1000000.0
2017-02-02,0.0,-1000000.0
2017-02-03,0.0,-1000000.0
2017-02-06,0.0,-1000000.0
2017-02-07,0.0,-1000000.0
2017-02-08,0.0,-1000000.0
2017-02-09,-5.297299620864012e-19,-1000000.0
2017-02-10,-1.0559276138955656e-17,-1000000.0
2017-02-13,5.338654374596256e-18,-1000000.0
2017-02-14,-4.0831984950962196e-17,-1000000.0
2017-02-15,2.2855888263863922e-17,-1000000.0
2017-02-16,9.17271729767787e-17,-1000000.0
2017-02-17,0.0,-1000000.0
2017-02-20,0.0,-1000000.0
2017-02-21,2.1578368759705784e-20,-1000000.0
2017-02-22,2.1993463596130024e-20,-1000000.0
2017-02-23,9.792432378225983e-21,-1000000.0
2017-02-24,1.4850615892546548e-20,-1000000.0
2017-02-27,9.40577895020638e-21,-1000000.0
2017-02-28,-6.86047310183011e-21,-1000000.0
2017-03-01,1.3479058411145222e-20,-1000000.0
2017-03-02,4.024031740628853e-18,-1000000.0
2017-03-03,2.115010239299234e-20,-1000000.0
2017-03-06,-2.1925024530656242e-18,-1000000.0
2017-03-07,0.0,-1000000.0
2017-03-08,0.0,-1000000.0
2017-03-09,0.0,-1000000.0
2017-03-10,0.0,-1000000.0
2017-03-13,0.0,-1000000.0
2017-03-14,0.0,-1000000.0
2017-03-15,-2.0544109712751924e-20,-1000000.0
2017-03-16,1.733104257284058e-20,-1000000.0
2017-03-17,-6.90618732071099e-21,-1000000.0
2017-03-20,-1.7044385540263133e-21,-1000000.0
2017-03-21,-2.3367224729311614e-21,-1000000.0
2017-03-22,-2.9140518712250744e-18,-1000000.0
2017-03-23,0.0,-1000000.0
2017-03-24,0.0,-1000000.0
2017-03-27,8.867098056926968e-19,-1000000.0
2017-03-28,-3.421951820322163e-18,-1000000.0
2017-03-29,-5.39048709149314e-17,-1000000.0
2017-03-30,0.0,-1000000.0
2017-03-31,0.0,-1000000.0
2017-04-03,0.0,-1000000.0
2017-04-04,0.0,-1000000.0
2017-04-05,0.0,-1000000.0
2017-04-06,0.0,-1000000.0
2017-04-07,0.0,-1000000.0
2017-04-10,0.0,-1000000.0
2017-04-11,0.0,-1000000.0
2017-04-12,0.0,-1000000.0
2017-04-13,0.0,-1000000.0
2017-04-14,0.0,-1000000.0
2017-04-17,0.0,-1000000.0
2017-04-18,0.0,-1000000.0
2017-04-19,0.0,-1000000.0
2017-04-20,0.0,-1000000.0
2017-04-21,0.0,-1000000.0
2017-04-24,0.0,-1000000.0
2017-04-25,0.0,-1000000.0
2017-04-26,0.0,-1000000.0
2017-04-27,0.0,-1000000.0
2017-04-28,0.0,-1000000.0
2017-05-01,0.0,-1000000.0
2017-05-02,0.0,-1000000.0
2017-05-03,0.0,-1000000.0
2017-05-04,0.0,-1000000.0
2017-05-05,0.0,-1000000.0
2017-05-08,0.0,-1000000.0
2017-05-09,0.0,-1000000.0
2017-05-10,0.0,-1000000.0
2017-05-11,0.0,-1000000.0
2017-05-12,0.0,-1000000.0
2017-05-15,0.0,-1000000.0
2017-05-16,-3.1834360245033236e-19,-1000000.0
2017-05-17,8.756343904412924e-19,-1000000.0
2017-05-18,0.0,-1000000.0
2017-05-19,0.0,-1000000.0
2017-05-22,0.0,-1000000.0
2017-05-23,0.0,-1000000.0
2017-05-24,0.0,-1000000.0
2017-05-25,0.0,-1000000.0
2017-05-26,0.0,-1000000.0
2017-05-29,0.0,-1000000.0
2017-05-30,0.0,-1000000.0
2017-05-31,0.0,-1000000.0
2017-06-01,0.0,-1000000.0
2017-06-02,0.0,-1000000.0
2017-06-05,0.0,-1000000.0
2017-06-06,0.0,-1000000.0
2017-06-07,0.0,-1000000.0
2017-06-08,0.0,-1000000.0
2017-06-09,0.0,-1000000.0
2017-06-12,0.0,-1000000.0
2017-06-13,0.0,-1000000.0
2017-06-14,-3.0719778669051315e-19,-1000000.0
2017-06-15,6.225646249495541e-19,-1000000.0
2017-06-16,0.0,-1000000.0
2017-06-19,0.0,-1000000.0
2017-06-20,0.0,-1000000.0
2017-06-21,0.0,-1000000.0
2017-06-22,0.0,-1000000.0
2017-06-23,0.0,-1000000.0
2017-06-26,0.0,-1000000.0
2017-06-27,0.0,-1000000.0
2017-06-28,0.0,-1000000.0
2017-06-29,0.0,-1000000.0
2017-06-30,0.0,-1000000.0
2017-07-03,0.0,-1000000.0
2017-07-04,0.0,-1000000.0
2017-07-05,0.0,-1000000.0
2017-07-06,0.0,-1000000.0
2017-07-07,0.0,-1000000.0
2017-07-10,0.0,-1000000.0
2017-07-11,0.0,-1000000.0
2017-07-12,0.0,-1000000.0
2017-07-13,-3.0089044992533235e-19,-1000000.0
2017-07-14,5.886262816830362e-19,-1000000.0
2017-07-17,7.263808685355459e-18,-1000000.0
2017-07-18,0.0,-1000000.0
2017-07-19,0.0,-1000000.0
2017-07-20,0.0,-1000000.0
2017-07-21,0.0,-1000000.0
2017-07-24,0.0,-1000000.0
2017-07-25,0.0,-1000000.0
2017-07-26,0.0,-1000000.0
2017-07-27,0.0,-1000000.0
2017-07-28,0.0,-1000000.0
2017-07-31,0.0,-1000000.0
2017-08-01,0.0,-1000000.0
2017-08-02,0.0,-1000000.0
2017-08-03,0.0,-1000000.0
2017-08-04,0.0,-1000000.0
2017-08-07,0.0,-1000000.0
2017-08-08,0.0,-1000000.0
2017-08-09,0.0,-1000000.0
2017-08-10,0.0,-1000000.0
2017-08-11,0.0,-1000000.0
2017-08-14,0.0,-1000000.0
2017-08-15,0.0,-1000000.0
2017-08-16,0.0,-1000000.0
2017-08-17,0.0,-1000000.0
2017-08-18,0.0,-1000000.0
2017-08-21,0.0,-1000000.0
2017-08-22,0.0,-1000000.0
2017-08-23,-1.4985955958306905e-19,-1000000.0
2017-08-24,-6.489642529110917e-19,-1000000.0
2017-08-25,3.7977727507265487e-19,-1000000.0
2017-08-28,0.0,-1000000.0
2017-08-29,0.0,-1000000.0
2017-08-30,0.0,-1000000.0
2017-08-31,-1.5824049033149916e-19,-1000000.0
2017-09-01,2.918446082470299e-19,-1000000.0
2017-09-04,0.0,-1000000.0
2017-09-05,0.0,-1000000.0
2017-09-06,0.0,-1000000.0
2017-09-07,0.0,-1000000.0
2017-09-08,0.0,-1000000.0
2017-09-11,0.0,-1000000.0
2017-09-12,0.0,-1000000.0
2017-09-13,0.0,-1000000.0
2017-09-14,0.0,-1000000.0
2017-09-15,0.0,-1000000.0
2017-09-18,0.0,-1000000.0
2017-09-19,-1.5556840797318856e-19,-1000000.0
2017-09-20,-1.3292265281411723e-17,-1000000.0
2017-09-21,-7.591970593267586e-18,-1000000.0
2017-09-22,6.051665018222303e-18,-1000000.0
2017-09-25,-4.1658307492284156e-17,-1000000.0
2017-09-26,-6.157971245997834e-18,-1000000.0
2017-09-27,-3.859877906774641e-17,-1000000.0
2017-09-28,1.3182539715163667e-17,-1000000.0
2017-09-29,-7.465529805077016e-17,-1000000.0
2017-10-02,-3.760889528815617e-17,-1000000.0
2017-10-03,-1.832287828339619e-16,-1000000.0
2017-10-04,9.026016375599202e-17,-1000000.0
2017-10-05,-3.500328192738907e-16,-1000000.0
2017-10-06,7.424429549740762e-16,-1000000.0
2017-10-09,0.0,-1000000.0
2017-10-10,0.0,-1000000.0
2017-10-11,0.0,-1000000.0
2017-10-12,0.0,-1000000.0
2017-10-13,0.0,-1000000.0
2017-10-16,0.0,-1000000.0
2017-10-17,0.0,-1000000.0
2017-10-18,5.98568379021233e-21,-1000000.0
2017-10-19,-4.928503216672009e-18,-1000000.0
2017-10-20,0.0,-1000000.0
2017-10-23,0.0,-1000000.0
2017-10-24,0.0,-1000000.0
2017-10-25,0.0,-1000000.0
2017-10-26,0.0,-1000000.0
2017-10-27,0.0,-1000000.0
2017-10-30,0.0,-1000000.0
2017-10-31,0.0,-1000000.0
2017-11-01,0.0,-1000000.0
2017-11-02,0.0,-1000000.0
2017-11-03,0.0,-1000000.0
2017-11-06,0.0,-1000000.0
2017-11-07,0.0,-1000000.0
2017-11-08,0.0,-1000000.0
2017-11-09,4.783732801198933e-20,-1000000.0
2017-11-10,7.568157509194351e-20,-1000000.0
2017-11-13,6.532555458372475e-20,-1000000.0
2017-11-14,8.328593662730434e-20,-1000000.0
2017-11-15,1.6621062137209793e-19,-1000000.0
2017-11-16,1.287139448485817e-19,-1000000.0
2017-11-17,3.954560467636183e-20,-1000000.0
2017-11-20,-3.173603616654706e-20,-1000000.0
2017-11-21,3.171016032370506e-20,-1000000.0
2017-11-22,-1.4739816363500167e-19,-1000000.0
2017-11-23,6.734617146642719e-20,-1000000.0
2017-11-24,3.9926027641587223e-17,-1000000.0
2017-11-27,0.0,-1000000.0
2017-11-28,2.1000121970707798e-19,-1000000.0
2017-11-29,-1.474582817998876e-17,-1000000.0
2017-11-30,0.0,-1000000.0
2017-12-01,0.0,-1000000.0
2017-12-04,0.0,-1000000.0
2017-12-05,0.0,-1000000.0
2017-12-06,0.0,-1000000.0
2017-12-07,0.0,-1000000.0
2017-12-08,0.0,-1000000.0
2017-12-11,0.0,-1000000.0
2017-12-12,0.0,-1000000.0
2017-12-13,0.0,-1000000.0
2017-12-14,0.0,-1000000.0
2017-12-15,0.0,-1000000.0
2017-12-18,0.0,-1000000.0
2017-12-19,0.0,-1000000.0
2017-12-20,0.0,-1000000.0
2017-12-21,0.0,-1000000.0
2017-12-22,0.0,-1000000.0
2017-12-25,0.0,-1000000.0
2017-12-26,0.0,-1000000.0
2017-12-27,0.0,-1000000.0
2017-12-28,0.0,-1000000.0
2017-12-29,0.0,-1000000.0
2018-01-01,0.0,-1000000.0
2018-01-02,0.0,-1000000.0
2018-01-03,0.0,-1000000.0
2018-01-04,0.0,-1000000.0
2018-01-05,0.0,-1000000.0
2018-01-08,0.0,-1000000.0
2018-01-09,0.0,-1000000.0
2018-01-10,0.0,-1000000.0
2018-01-11,0.0,-1000000.0
2018-01-12,0.0,-1000000.0
2018-01-15,0.0,-1000000.0
2018-01-16,0.0,-1000000.0
2018-01-17,0.0,-1000000.0
2018-01-18,0.0,-1000000.0
2018-01-19,0.0,-1000000.0
2018-01-22,0.0,-1000000.0
2018-01-23,0.0,-1000000.0
2018-01-24,0.0,-1000000.0
2018-01-25,0.0,-1000000.0
2018-01-26,0.0,-1000000.0
2018-01-29,0.0,-1000000.0
2018-01-30,1.31738629433653e-19,-1000000.0
2018-01-31,6.766958943274675e-20,-1000000.0
2018-02-01,4.271258769946381e-20,-1000000.0
2018-02-02,8.975793741573444e-21,-1000000.0
2018-02-05,5.893251653508743e-20,-1000000.0
2018-02-06,3.186999634536801e-20,-1000000.0
2018-02-07,4.286851631012994e-21,-1000000.0
2018-02-08,-1.425399191631041e-20,-1000000.0
2018-02-09,-1.736025808785665e-21,-1000000.0
2018-02-12,2.5433945807200395e-18,-1000000.0
2018-02-13,0.0,-1000000.0
2018-02-14,0.0,-1000000.0
2018-02-15,0.0,-1000000.0
2018-02-16,0.0,-1000000.0
2018-02-19,0.0,-1000000.0
2018-02-20,0.0,-1000000.0
2018-02-21,0.0,-1000000.0
2018-02-22,0.0,-1000000.0
2018-02-23,0.0,-1000000.0
2018-02-26,0.0,-1000000.0
2018-02-27,0.0,-1000000.0
2018-02-28,0.0,-1000000.0
2018-03-01,0.0,-1000000.0
2018-03-02,0.0,-1000000.0
2018-03-05,0.0,-1000000.0
2018-03-06,0.0,-1000000.0
2018-03-07,0.0,-1000000.0
2018-03-08,0.0,-1000000.0
2018-03-09,0.0,-1000000.0
2018-03-12,0.0,-1000000.0
2018-03-13,0.0,-1000000.0
2018-03-14,0.0,-1000000.0
2018-03-15,0.0,-1000000.0
2018-03-16,0.0,-1000000.0
2018-03-19,0.0,-1000000.0
2018-03-20,0.0,-1000000.0
2018-03-21,0.0,-1000000.0
2018-03-22,4.7024385729819136e-20,-1000000.0
2018-03-23,1.186141364541661e-19,-1000000.0
2018-03-26,-8.422108778908856e-18,-1000000.0
2018-03-27,0.0,-1000000.0
2018-03-28,0.0,-1000000.0
2018-03-29,0.0,-1000000.0
2018-03-30,0.0,-1000000.0
2018-04-02,1.5672019722164557e-18,-1000000.0
2018-04-03,-9.134489112254672e-20,-1000000.0
2018-04-04,1.4928401294661743e-18,-1000000.0
2018-04-05,1.6091580759417533e-18,-1000000.0
2018-04-06,-7.512666713631484e-19,-1000000.0
2018-04-09,-1.3506860103475852e-19,-1000000.0
2018-04-10,-1.4661990518739607e-19,-1000000.0
2018-04-11,9.442756793102266e-19,-1000000.0
2018-04-12,1.7592558846735958e-16,-1000000.0
2018-04-13,0.0,-1000000.0
2018-04-16,0.0,-1000000.0
2018-04-17,0.0,-1000000.0
2018-04-18,0.0,-1000000.0
2018-04-19,0.0,-1000000.0
2018-04-20,0.0,-1000000.0
2018-04-23,0.0,-1000000.0
2018-04-24,0.0,-1000000.0
2018-04-25,0.0,-1000000.0
2018-04-26,0.0,-1000000.0
2018-04-27,0.0,-1000000.0
2018-04-30,0.0,-1000000.0
2018-05-01,0.0,-1000000.0
2018-05-02,0.0,-1000000.0
2018-05-03,1.1018326367306187e-19,-1000000.0
2018-05-04,-3.3540445150838105e-17,-1000000.0
2018-05-07,0.0,-1000000.0
2018-05-08,0.0,-1000000.0
2018-05-09,0.0,-1000000.0
2018-05-10,0.0,-1000000.0
2018-05-11,0.0,-1000000.0
2018-05-14,0.0,-1000000.0
2018-05-15,0.0,-1000000.0
2018-05-16,0.0,-1000000.0
2018-05-17,0.0,-1000000.0
2018-05-18,0.0,-1000000.0
2018-05-21,0.0,-1000000.0
2018-05-22,0.0,-1000000.0
2018-05-23,0.0,-1000000.0
2018-05-24,2.0378064381780326e-19,-1000000.0
2018-05-25,-8.0006214169438e-18,-1000000.0
2018-05-28,0.0,-1000000.0
2018-05-29,0.0,-1000000.0
2018-05-30,0.0,-1000000.0
2018-05-31,6.419148695498278e-20,-1000000.0
2018-06-01,2.0685228413293023e-20,-1000000.0
2018-06-04,1.4925357328986877e-19,-1000000.0
2018-06-05,6.593221163435092e-20,-1000000.0
2018-06-06,-6.720861042037483e-20,-1000000.0
2018-06-07,2.6054979430916243e-18,-1000000.0
2018-06-08,0.0,-1000000.0
2018-06-11,0.0,-1000000.0
2018-06-12,0.0,-1000000.0
2018-06-13,0.0,-1000000.0
2018-06-14,0.0,-1000000.0
2018-06-15,0.0,-1000000.0
2018-06-18,0.0,-1000000.0
2018-06-19,0.0,-1000000.0
2018-06-20,0.0,-1000000.0
2018-06-21,0.0,-1000000.0
2018-06-22,0.0,-1000000.0
2018-06-25,3.3213749240522077e-19,-1000000.0
2018-06-26,-2.9288419492692154e-17,-1000000.0
2018-06-27,0.0,-1000000.0
2018-06-28,0.0,-1000000.0
2018-06-29,0.0,-1000000.0
2018-07-02,0.0,-1000000.0
2018-07-03,0.0,-1000000.0
2018-07-04,0.0,-1000000.0
2018-07-05,0.0,-1000000.0
2018-07-06,0.0,-1000000.0
2018-07-09,0.0,-1000000.0
2018-07-10,0.0,-1000000.0
2018-07-11,0.0,-1000000.0
2018-07-12,0.0,-1000000.0
2018-07-13,0.0,-1000000.0
2018-07-16,0.0,-1000000.0
2018-07-17,0.0,-1000000.0
2018-07-18,0.0,-1000000.0
2018-07-19,0.0,-1000000.0
2018-07-20,0.0,-1000000.0
2018-07-23,0.0,-1000000.0
2018-07-24,0.0,-1000000.0
2018-07-25,0.0,-1000000.0
2018-07-26,0.0,-1000000.0
2018-07-27,0.0,-1000000.0
2018-07-30,0.0,-1000000.0
2018-07-31,0.0,-1000000.0
2018-08-01,0.0,-1000000.0
2018-08-02,0.0,-1000000.0
2018-08-03,0.0,-1000000.0
2018-08-06,0.0,-1000000.0
2018-08-07,0.0,-1000000.0
2018-08-08,0.0,-1000000.0
2018-08-09,0.0,-1000000.0
2018-08-10,0.0,-1000000.0
2018-08-13,2.1177329649866887e-18,-1000000.0
2018-08-14,1.4694289481014122e-18,-1000000.0
2018-08-15,8.810923702504628e-17,-1000000.0
2018-08-16,2.301849314261338e-20,-1000000.0
2018-08-17,-1.166382222741731e-20,-1000000.0
2018-08-20,-8.424447269635047e-19,-1000000.0
2018-08-21,6.942436585792306e-19,-1000000.0
2018-08-22,2.840617790841943e-19,-1000000.0
2018-08-23,4.098845398269154e-18,-1000000.0
2018-08-24,1.715195849042596e-18,-1000000.0
2018-08-27,6.780414218715274e-20,-1000000.0
2018-08-28,-7.751392174775147e-19,-1000000.0
2018-08-29,5.242046286373095e-16,-1000000.0
2018-08-30,1.369260523342839e-17,-1000000.0
2018-08-31,4.3614476328471775e-18,-1000000.0
2018-09-03,1.0433323299324822e-17,-1000000.0
2018-09-04,8.178528049173798e-20,-1000000.0
2018-09-05,2.9468030262083225e-18,-1000000.0
2018-09-06,4.2379259199041674e-18,-1000000.0
2018-09-07,6.344890659593755e-17,-1000000.0
2018-09-10,0.0,-1000000.0
2018-09-11,0.0,-1000000.0
2018-09-12,0.0,-1000000.0
2018-09-13,0.0,-1000000.0
2018-09-14,0.0,-1000000.0
2018-09-17,0.0,-1000000.0
2018-09-18,0.0,-1000000.0
2018-09-19,0.0,-1000000.0
2018-09-20,0.0,-1000000.0
2018-09-21,0.0,-1000000.0
2018-09-24,0.0,-1000000.0
2018-09-25,0.0,-1000000.0
2018-09-26,0.0,-1000000.0
2018-09-27,1.656485838616093e-18,-1000000.0
2018-09-28,2.819250133748969e-19,-1000000.0
2018-10-01,-4.1712697020073673e-19,-1000000.0
2018-10-02,-2.0395771987497838e-17,-1000000.0
2018-10-03,0.0,-1000000.0
2018-10-04,0.0,-1000000.0
2018-10-05,0.0,-1000000.0
2018-10-08,0.0,-1000000.0
2018-10-09,0.0,-1000000.0
2018-10-10,0.0,-1000000.0
2018-10-11,0.0,-1000000.0
2018-10-12,0.0,-1000000.0
2018-10-15,0.0,-1000000.0
2018-10-16,0.0,-1000000.0
2018-10-17,0.0,-1000000.0
2018-10-18,0.0,-1000000.0
2018-10-19,0.0,-1000000.0
2018-10-22,0.0,-1000000.0
2018-10-23,0.0,-1000000.0
2018-10-24,0.0,-1000000.0
2018-10-25,0.0,-1000000.0
2018-10-26,0.0,-1000000.0
2018-10-29,0.0,-1000000.0
2018-10-30,0.0,-1000000.0
2018-10-31,0.0,-1000000.0
2018-11-01,0.0,-1000000.0
2018-11-02,0.0,-1000000.0
2018-11-05,0.0,-1000000.0
2018-11-06,0.0,-1000000.0
2018-11-07,0.0,-1000000.0
2018-11-08,0.0,-1000000.0
2018-11-09,0.0,-1000000.0
2018-11-12,0.0,-1000000.0
2018-11-13,0.0,-1000000.0
2018-11-14,0.0,-1000000.0
2018-11-15,0.0,-1000000.0
2018-11-16,0.0,-1000000.0
2018-11-19,0.0,-1000000.0
2018-11-20,0.0,-1000000.0
2018-11-21,1.1372964528215354e-19,-1000000.0
2018-11-22,-4.8709234354974565e-17,-1000000.0
2018-11-23,0.0,-1000000.0
2018-11-26,0.0,-1000000.0
2018-11-27,0.0,-1000000.0
2018-11-28,0.0,-1000000.0
2018-11-29,0.0,-1000000.0
2018-11-30,0.0,-1000000.0
2018-12-03,0.0,-1000000.0
2018-12-04,0.0,-1000000.0
2018-12-05,0.0,-1000000.0
2018-12-06,0.0,-1000000.0
2018-12-07,0.0,-1000000.0
2018-12-10,1.2690978252941206e-18,-1000000.0
2018-12-11,7.162125471844098e-19,-1000000.0
2018-12-12,2.363668915087631e-19,-1000000.0
2018-12-13,-3.55697474471035e-19,-1000000.0
2018-12-14,1.6661566114999482e-17,-1000000.0
2018-12-17,0.0,-1000000.0
2018-12-18,0.0,-1000000.0
2018-12-19,0.0,-1000000.0
2018-12-20,0.0,-1000000.0
2018-12-21,0.0,-1000000.0
2018-12-24,0.0,-1000000.0
2018-12-25,0.0,-1000000.0
2018-12-26,0.0,-1000000.0
2018-12-27,0.0,-1000000.0
2018-12-28,8.964203781465672e-18,-1000000.0
2018-12-31,-6.208677629043077e-19,-1000000.0
2019-01-01,-7.740266998108735e-16,-1000000.0
2019-01-02,0.0,-1000000.0
2019-01-03,0.0,-1000000.0
2019-01-04,0.0,-1000000.0
2019-01-07,0.0,-1000000.0
2019-01-08,0.0,-1000000.0
2019-01-09,0.0,-1000000.0
2019-01-10,0.0,-1000000.0
2019-01-11,0.0,-1000000.0
2019-01-14,0.0,-1000000.0
2019-01-15,0.0,-1000000.0
2019-01-16,0.0,-1000000.0
2019-01-17,0.0,-1000000.0
2019-01-18,0.0,-1000000.0
2019-01-21,0.0,-1000000.0
2019-01-22,0.0,-1000000.0
2019-01-23,0.0,-1000000.0
2019-01-24,0.0,-1000000.0
2019-01-25,0.0,-1000000.0
2019-01-28,0.0,-1000000.0
2019-01-29,0.0,-1000000.0
2019-01-30,0.0,-1000000.0
2019-01-31,0.0,-1000000.0
2019-02-01,0.0,-1000000.0
2019-02-04,0.0,-1000000.0
2019-02-05,0.0,-1000000.0
2019-02-06,0.0,-1000000.0
2019-02-07,0.0,-1000000.0
2019-02-08,0.0,-1000000.0
2019-02-11,0.0,-1000000.0
2019-02-12,0.0,-1000000.0
2019-02-13,0.0,-1000000.0
2019-02-14,0.0,-1000000.0
2019-02-15,0.0,-1000000.0
2019-02-18,0.0,-1000000.0
2019-02-19,0.0,-1000000.0
2019-02-20,0.0,-1000000.0
2019-02-21,0.0,-1000000.0
2019-02-22,0.0,-1000000.0
2019-02-25,0.0,-1000000.0
2019-02-26,0.0,-1000000.0
2019-02-27,1.5108953335861717e-19,-1000000.0
2019-02-28,4.165119725462702e-20,-1000000.0
2019-03-01,-3.8749360446494535e-20,-1000000.0
2019-03-04,-1.9268927283104537e-20,-1000000.0
2019-03-05,-3.7000601842051246e-18,-1000000.0
2019-03-06,0.0,-1000000.0
2019-03-07,0.0,-1000000.0
2019-03-08,0.0,-1000000.0
2019-03-11,0.0,-1000000.0
2019-03-12,0.0,-1000000.0
2019-03-13,0.0,-1000000.0
2019-03-14,0.0,-1000000.0
2019-03-15,0.0,-1000000.0
2019-03-18,0.0,-1000000.0
2019-03-19,0.0,-1000000.0
2019-03-20,0.0,-1000000.0
2019-03-21,0.0,-1000000.0
2019-03-22,0.0,-1000000.0
2019-03-25,0.0,-1000000.0
2019-03-26,0.0,-1000000.0
2019-03-27,0.0,-1000000.0
2019-03-28,0.0,-1000000.0
2019-03-29,0.0,-1000000.0
2019-04-01,0.0,-1000000.0
2019-04-02,0.0,-1000000.0
2019-04-03,0.0,-1000000.0
2019-04-04,0.0,-1000000.0
2019-04-05,0.0,-1000000.0
2019-04-08,0.0,-1000000.0
2019-04-09,0.0,-1000000.0
2019-04-10,0.0,-1000000.0
2019-04-11,0.0,-1000000.0
2019-04-12,0.0,-1000000.0
2019-04-15,0.0,-1000000.0
2019-04-16,0.0,-1000000.0
2019-04-17,0.0,-1000000.0
2019-04-18,0.0,-1000000.0
2019-04-19,0.0,-1000000.0
2019-04-22,1.0615353962555786e-19,-1000000.0
2019-04-23,9.878377814272354e-20,-1000000.0
2019-04-24,-2.975983895273578e-20,-1000000.0
2019-04-25,7.445043992285235e-20,-1000000.0
2019-04-26,1.858174816754371e-20,-1000000.0
2019-04-29,2.394846824452315e-20,-1000000.0
2019-04-30,-7.583858187581836e-20,-1000000.0
2019-05-01,-6.565288819893979e-21,-1000000.0
2019-05-02,6.81569087887898e-18,-1000000.0
2019-05-03,0.0,-1000000.0
2019-05-06,5.0818395826173627e-20,-1000000.0
2019-05-07,-9.466093024777356e-18,-1000000.0
2019-05-08,0.0,-1000000.0
2019-05-09,0.0,-1000000.0
2019-05-10,0.0,-1000000.0
2019-05-13,0.0,-1000000.0
2019-05-14,0.0,-1000000.0
2019-05-15,0.0,-1000000.0
2019-05-16,0.0,-1000000.0
2019-05-17,0.0,-1000000.0
2019-05-20,0.0,-1000000.0
2019-05-21,0.0,-1000000.0
2019-05-22,0.0,-1000000.0
2019-05-23,0.0,-1000000.0
2019-05-24,0.0,-1000000.0
2019-05-27,0.0,-1000000.0
2019-05-28,0.0,-1000000.0
2019-05-29,0.0,-1000000.0
2019-05-30,0.0,-1000000.0
2019-05-31,0.0,-1000000.0
2019-06-03,0.0,-1000000.0
2019-06-04,0.0,-1000000.0
2019-06-05,0.0,-1000000.0
2019-06-06,0.0,-1000000.0
2019-06-07,0.0,-1000000.0
2019-06-10,0.0,-1000000.0
2019-06-11,0.0,-1000000.0
2019-06-12,0.0,-1000000.0
2019-06-13,0.0,-1000000.0
2019-06-14,0.0,-1000000.0
2019-06-17,0.0,-1000000.0
2019-06-18,0.0,-1000000.0
2019-06-19,0.0,-1000000.0
2019-06-20,0.0,-1000000.0
2019-06-21,0.0,-1000000.0
2019-06-24,0.0,-1000000.0
2019-06-25,2.392721425222148e-18,-1000000.0
2019-06-26,2.3752595815786154e-20,-1000000.0
2019-06-27,3.194259102887235e-19,-1000000.0
2019-06-28,-1.137011752730397e-16,-1000000.0
2019-07-01,0.0,-1000000.0
2019-07-02,0.0,-1000000.0
2019-07-03,0.0,-1000000.0
2019-07-04,0.0,-1000000.0
2019-07-05,0.0,-1000000.0
2019-07-08,0.0,-1000000.0
2019-07-09,0.0,-1000000.0
2019-07-10,0.0,-1000000.0
2019-07-11,0.0,-1000000.0
2019-07-12,0.0,-1000000.0
2019-07-15,0.0,-1000000.0
2019-07-16,0.0,-1000000.0
2019-07-17,0.0,-1000000.0
2019-07-18,0.0,-1000000.0
2019-07-19,0.0,-1000000.0
2019-07-22,0.0,-1000000.0
2019-07-23,0.0,-1000000.0
2019-07-24,4.0342390912906275e-21,-1000000.0
2019-07-25,-1.850759579962597e-19,-1000000.0
2019-07-26,-1.8485240469354464e-17,-1000000.0
2019-07-29,0.0,-1000000.0
2019-07-30,0.0,-1000000.0
2019-07-31,0.0,-1000000.0
2019-08-01,0.0,-1000000.0
2019-08-02,0.0,-1000000.0
2019-08-05,0.0,-1000000.0
2019-08-06,0.0,-1000000.0
2019-08-07,0.0,-1000000.0
2019-08-08,0.0,-1000000.0
2019-08-09,0.0,-1000000.0
2019-08-12,0.0,-1000000.0
2019-08-13,0.0,-1000000.0
2019-08-14,0.0,-1000000.0
2019-08-15,0.0,-1000000.0
2019-08-16,0.0,-1000000.0
2019-08-19,0.0,-1000000.0
2019-08-20,0.0,-1000000.0
2019-08-21,0.0,-1000000.0
2019-08-22,0.0,-1000000.0
2019-08-23,0.0,-1000000.0
2019-08-26,0.0,-1000000.0
2019-08-27,0.0,-1000000.0
2019-08-28,0.0,-1000000.0
2019-08-29,0.0,-1000000.0
2019-08-30,0.0,-1000000.0
2019-09-02,0.0,-1000000.0
2019-09-03,0.0,-1000000.0
2019-09-04,0.0,-1000000.0
2019-09-05,0.0,-1000000.0
2019-09-06,0.0,-1000000.0
2019-09-09,0.0,-1000000.0
2019-09-10,0.0,-1000000.0
2019-09-11,0.0,-1000000.0
2019-09-12,0.0,-1000000.0
2019-09-13,0.0,-1000000.0
2019-09-16,0.0,-1000000.0
2019-09-17,0.0,-1000000.0
2019-09-18,0.0,-1000000.0
2019-09-19,0.0,-1000000.0
2019-09-20,0.0,-1000000.0
2019-09-23,0.0,-1000000.0
2019-09-24,0.0,-1000000.0
2019-09-25,0.0,-1000000.0
2019-09-26,0.0,-1000000.0
2019-09-27,0.0,-1000000.0
2019-09-30,0.0,-1000000.0
2019-10-01,0.0,-1000000.0
2019-10-02,0.0,-1000000.0
2019-10-03,0.0,-1000000.0
2019-10-04,0.0,-1000000.0
2019-10-07,0.0,-1000000.0
2019-10-08,0.0,-1000000.0
2019-10-09,-1.9990972537730185e-19,-1000000.0
2019-10-10,7.390656536096558e-20,-1000000.0
2019-10-11,0.0,-1000000.0
2019-10-14,-2.0242978857762859e-19,-1000000.0
2019-10-15,-1.6445984277594179e-18,-1000000.0
2019-10-16,-1.3907343175329976e-18,-1000000.0
2019-10-17,-2.808449082297429e-19,-1000000.0
2019-10-18,-1.8469594855743168e-19,-1000000.0
2019-10-21,-5.600962341563799e-19,-1000000.0
2019-10-22,-1.0558557121852234e-19,-1000000.0
2019-10-23,8.216938843063663e-19,-1000000.0
2019-10-24,-3.7645565523942547e-19,-1000000.0
2019-10-25,0.0,-1000000.0
2019-10-28,0.0,-1000000.0
2019-10-29,0.0,-1000000.0
2019-10-30,0.0,-1000000.0
2019-10-31,0.0,-1000000.0
2019-11-01,0.0,-1000000.0
2019-11-04,0.0,-1000000.0
2019-11-05,0.0,-1000000.0
2019-11-06,0.0,-1000000.0
2019-11-07,0.0,-1000000.0
2019-11-08,0.0,-1000000.0
2019-11-11,0.0,-1000000.0
2019-11-12,-2.809047279169322e-19,-1000000.0
2019-11-13,-1.439288328434373e-17,-1000000.0
2019-11-14,1.173470893419435e-17,-1000000.0
2019-11-15,-1.5361263007691772e-17,-1000000.0
2019-11-18,-1.674402780690188e-17,-1000000.0
2019-11-19,-2.606548849977142e-17,-1000000.0
2019-11-20,1.8474379368931236e-17,-1000000.0
2019-11-21,1.8168105867420956e-17,-1000000.0
2019-11-22,-7.702521910385161e-19,-1000000.0
2019-11-25,1.7139215407152726e-17,-1000000.0
2019-11-26,0.0,-1000000.0
2019-11-27,0.0,-1000000.0
2019-11-28,0.0,-1000000.0
2019-11-29,0.0,-1000000.0
2019-12-02,-4.428729267162319e-19,-1000000.0
2019-12-03,1.2351865262387733e-17,-1000000.0
2019-12-04,0.0,-1000000.0
2019-12-05,0.0,-1000000.0
2019-12-06,0.0,-1000000.0
2019-12-09,0.0,-1000000.0
2019-12-10,0.0,-1000000.0
2019-12-11,0.0,-1000000.0
2019-12-12,0.0,-1000000.0
2019-12-13,0.0,-1000000.0
2019-12-16,0.0,-1000000.0
2019-12-17,0.0,-1000000.0
2019-12-18,0.0,-1000000.0
2019-12-19,0.0,-1000000.0
2019-12-20,0.0,-1000000.0
2019-12-23,0.0,-1000000.0
2019-12-24,0.0,-1000000.0
2019-12-25,0.0,-1000000.0
2019-12-26,0.0,-1000000.0
2019-12-27,0.0,-1000000.0
2019-12-30,0.0,-1000000.0
2019-12-31,0.0,-1000000.0
2020-01-01,0.0,-1000000.0
2020-01-02,0.0,-1000000.0
2020-01-03,0.0,-1000000.0
2020-01-06,0.0,-1000000.0
2020-01-07,0.0,-1000000.0
2020-01-08,0.0,-1000000.0
2020-01-09,0.0,-1000000.0
2020-01-10,-2.0469308000280193e-19,-1000000.0
2020-01-13,-1.2365448538241499e-18,-1000000.0
2020-01-14,-3.1784206927865675e-19,-1000000.0
2020-01-15,-1.5489591292224795e-19,-1000000.0
2020-01-16,-8.71087755353198e-19,-1000000.0
2020-01-17,-1.7055682146761629e-19,-1000000.0
2020-01-20,-5.142527226509708e-19,-1000000.0
2020-01-21,-1.3605379050438284e-18,-1000000.0
2020-01-22,1.102651620588553e-18,-1000000.0
2020-01-23,0.0,-1000000.0
2020-01-24,0.0,-1000000.0
2020-01-27,-2.792482700019003e-19,-1000000.0
2020-01-28,7.84269212913103e-19,-1000000.0
2020-01-29,0.0,-1000000.0
2020-01-30,0.0,-1000000.0
2020-01-31,0.0,-1000000.0
2020-02-03,0.0,-1000000.0
2020-02-04,-2.691478511436763e-19,-1000000.0
2020-02-05,-1.370835779838515e-17,-1000000.0
2020-02-06,-3.133047372762925e-18,-1000000.0
2020-02-07,-4.130760331097044e-18,-1000000.0
2020-02-10,-2.104806028268521e-17,-1000000.0
2020-02-11,-9.555610714921014e-18,-1000000.0
2020-02-12,6.780139325594744e-17,-1000000.0
2020-02-13,0.0,-1000000.0
2020-02-14,0.0,-1000000.0
2020-02-17,0.0,-1000000.0
2020-02-18,4.701354755226241e-20,-1000000.0
2020-02-19,-3.5441589063917304e-18,-1000000.0
2020-02-20,0.0,-1000000.0
2020-02-21,0.0,-1000000.0
2020-02-24,0.0,-1000000.0
2020-02-25,0.0,-1000000.0
2020-02-26,0.0,-1000000.0
2020-02-27,0.0,-1000000.0
2020-02-28,0.0,-1000000.0
2020-03-02,0.0,-1000000.0
2020-03-03,0.0,-1000000.0
2020-03-04,0.0,-1000000.0
2020-03-05,0.0,-1000000.0
2020-03-06,0.0,-1000000.0
2020-03-09,0.0,-1000000.0
2020-03-10,0.0,-1000000.0
2020-03-11,0.0,-1000000.0
2020-03-12,0.0,-1000000.0
2020-03-13,0.0,-1000000.0
2020-03-16,0.0,-1000000.0
2020-03-17,0.0,-1000000.0
2020-03-18,0.0,-1000000.0
2020-03-19,0.0,-1000000.0
2020-03-20,0.0,-1000000.0
2020-03-23,0.0,-1000000.0
2020-03-24,0.0,-1000000.0
2020-03-25,0.0,-1000000.0
2020-03-26,0.0,-1000000.0
2020-03-27,-1.9962580221417237e-20,-1000000.0
2020-03-30,-9.4812374219431e-20,-1000000.0
2020-03-31,1.0336535077611303e-19,-1000000.0
2020-04-01,0.0,-1000000.0
2020-04-02,0.0,-1000000.0
2020-04-03,-2.019077229471194e-20,-1000000.0
2020-04-06,-2.7371092044809685e-20,-1000000.0
2020-04-07,3.304607505814688e-20,-1000000.0
2020-04-08,0.0,-1000000.0
2020-04-09,0.0,-1000000.0
2020-04-10,0.0,-1000000.0
2020-04-13,-2.0481088080339437e-20,-1000000.0
2020-04-14,-4.049796166794661e-20,-1000000.0
2020-04-15,6.062556763576789e-20,-1000000.0
2020-04-16,0.0,-1000000.0
2020-04-17,0.0,-1000000.0
2020-04-20,0.0,-1000000.0
2020-04-21,0.0,-1000000.0
2020-04-22,0.0,-1000000.0
2020-04-23,0.0,-1000000.0
2020-04-24,0.0,-1000000.0
2020-04-27,0.0,-1000000.0
2020-04-28,0.0,-1000000.0
2020-04-29,0.0,-1000000.0
2020-04-30,-2.0488157722589804e-20,-1000000.0
2020-05-01,-3.161022484273886e-20,-1000000.0
2020-05-04,-7.955659616008474e-20,-1000000.0
2020-05-05,1.8611594343096192e-19,-1000000.0
2020-05-06,0.0,-1000000.0
2020-05-07,0.0,-1000000.0
2020-05-08,-1.9398938428478835e-20,-1000000.0
2020-05-11,1.4262256969050993e-19,-1000000.0
2020-05-12,6.869046555092427e-21,-1000000.0
2020-05-13,0.0,-1000000.0
2020-05-14,0.0,-1000000.0
2020-05-15,0.0,-1000000.0
2020-05-18,-1.6797084872136363e-20,-1000000.0
2020-05-19,2.4757559682368453e-19,-1000000.0
2020-05-20,-3.6932467085430937e-19,-1000000.0
2020-05-21,-5.65010423812682e-19,-1000000.0
2020-05-22,-3.264308246129137e-19,-1000000.0
2020-05-25,4.917733665663046e-19,-1000000.0
2020-05-26,0.0,-1000000.0
2020-05-27,0.0,-1000000.0
2020-05-28,-2.7561365687377403e-20,-1000000.0
2020-05-29,7.849049171229464e-19,-1000000.0
2020-06-01,0.0,-1000000.0
2020-06-02,0.0,-1000000.0
2020-06-03,0.0,-1000000.0
2020-06-04,0.0,-1000000.0
2020-06-05,0.0,-1000000.0
2020-06-08,0.0,-1000000.0
2020-06-09,0.0,-1000000.0
2020-06-10,0.0,-1000000.0
2020-06-11,0.0,-1000000.0
2020-06-12,0.0,-1000000.0
2020-06-15,0.0,-1000000.0
2020-06-16,0.0,-1000000.0
2020-06-17,0.0,-1000000.0
2020-06-18,0.0,-1000000.0
2020-06-19,0.0,-1000000.0
2020-06-22,-1.2414494658666022e-20,-1000000.0
2020-06-23,-4.979343377214613e-19,-1000000.0
2020-06-24,-5.238867258355715e-19,-1000000.0
2020-06-25,3.740113539985229e-19,-1000000.0
2020-06-26,-1.7702549194830533e-18,-1000000.0
2020-06-29,1.1078281523651913e-20,-1000000.0
2020-06-30,-7.662793248909395e-19,-1000000.0
2020-07-01,-1.736100449157939e-18,-1000000.0
2020-07-02,2.2218533853979104e-18,-1000000.0
2020-07-03,-2.2260226913661768e-18,-1000000.0
2020-07-06,-1.8437635595792817e-18,-1000000.0
2020-07-07,9.407440875464647e-18,-1000000.0
2020-07-08,0.0,-1000000.0
2020-07-09,0.0,-1000000.0
2020-07-10,0.0,-1000000.0
2020-07-13,0.0,-1000000.0
2020-07-14,0.0,-1000000.0
2020-07-15,0.0,-1000000.0
2020-07-16,1.857013056064096e-20,-1000000.0
2020-07-17,-8.404401975237892e-19,-1000000.0
2020-07-20,0.0,-1000000.0
2020-07-21,0.0,-1000000.0
2020-07-22,0.0,-1000000.0
2020-07-23,0.0,-1000000.0
2020-07-24,7.723128749742488e-21,-1000000.0
2020-07-27,-4.970428529603936e-19,-1000000.0
2020-07-28,0.0,-1000000.0
2020-07-29,0.0,-1000000.0
2020-07-30,0.0,-1000000.0
2020-07-31,0.0,-1000000.0
2020-08-03,0.0,-1000000.0
2020-08-04,0.0,-1000000.0
2020-08-05,0.0,-1000000.0
2020-08-06,0.0,-1000000.0
2020-08-07,0.0,-1000000.0
2020-08-10,0.0,-1000000.0
2020-08-11,0.0,-1000000.0
2020-08-12,0.0,-1000000.0
2020-08-13,0.0,-1000000.0
2020-08-14,0.0,-1000000.0
2020-08-17,0.0,-1000000.0
2020-08-18,0.0,-1000000.0
2020-08-19,0.0,-1000000.0
2020-08-20,0.0,-1000000.0
2020-08-21,0.0,-1000000.0
2020-08-24,0.0,-1000000.0
2020-08-25,0.0,-1000000.0
2020-08-26,0.0,-1000000.0
2020-08-27,0.0,-1000000.0
2020-08-28,0.0,-1000000.0
2020-08-31,0.0,-1000000.0
2020-09-01,0.0,-1000000.0
2020-09-02,0.0,-1000000.0
2020-09-03,0.0,-1000000.0
2020-09-04,0.0,-1000000.0
2020-09-07,0.0,-1000000.0
2020-09-08,0.0,-1000000.0
2020-09-09,0.0,-1000000.0
2020-09-10,0.0,-1000000.0
2020-09-11,0.0,-1000000.0
2020-09-14,0.0,-1000000.0
2020-09-15,0.0,-1000000.0
2020-09-16,0.0,-1000000.0
2020-09-17,0.0,-1000000.0
2020-09-18,0.0,-1000000.0
2020-09-21,4.832521016539736e-22,-1000000.0
2020-09-22,6.474906046396511e-22,-1000000.0
2020-09-23,2.275502096274276e-21,-1000000.0
2020-09-24,0.0,-1000000.0
2020-09-25,1.3094583813814184e-21,-1000000.0
2020-09-28,-8.516345126244496e-20,-1000000.0
2020-09-29,0.0,-1000000.0
2020-09-30,0.0,-1000000.0
2020-10-01,0.0,-1000000.0
2020-10-02,0.0,-1000000.0
2020-10-05,0.0,-1000000.0
2020-10-06,0.0,-1000000.0
2020-10-07,0.0,-1000000.0
2020-10-08,0.0,-1000000.0
2020-10-09,0.0,-1000000.0
2020-10-12,0.0,-1000000.0
2020-10-13,2.973619270818241e-22,-1000000.0
2020-10-14,-2.4243961120131553e-20,-1000000.0
2020-10-15,0.0,-1000000.0
2020-10-16,0.0,-1000000.0
2020-10-19,0.0,-1000000.0
2020-10-20,0.0,-1000000.0
2020-10-21,0.0,-1000000.0
2020-10-22,0.0,-1000000.0
2020-10-23,0.0,-1000000.0
2020-10-26,0.0,-1000000.0
2020-10-27,0.0,-1000000.0
2020-10-28,0.0,-1000000.0
2020-10-29,0.0,-1000000.0
2020-10-30,0.0,-1000000.0
2020-11-02,0.0,-1000000.0
2020-11-03,0.0,-1000000.0
2020-11-04,0.0,-1000000.0
2020-11-05,0.0,-1000000.0
2020-11-06,0.0,-1000000.0
2020-11-09,0.0,-1000000.0
2020-11-10,0.0,-1000000.0
2020-11-11,0.0,-1000000.0
2020-11-12,2.0393580784855222e-22,-1000000.0
2020-11-13,-1.2229960240478704e-22,-1000000.0
2020-11-16,-6.980420036547891e-20,-1000000.0
2020-11-17,0.0,-1000000.0
2020-11-18,7.639420386151653e-22,-1000000.0
2020-11-19,-4.9942632035594606e-20,-1000000.0
2020-11-20,0.0,-1000000.0
2020-11-23,0.0,-1000000.0
2020-11-24,0.0,-1000000.0
2020-11-25,0.0,-1000000.0
2020-11-26,0.0,-1000000.0
2020-11-27,0.0,-1000000.0
2020-11-30,3.3205068653504597e-21,-1000000.0
2020-12-01,4.209706823684776e-21,-1000000.0
2020-12-02,4.815398317894394e-21,-1000000.0
2020-12-03,-2.3508965707022925e-21,-1000000.0
2020-12-04,4.516968638710356e-21,-1000000.0
2020-12-07,8.388934698791934e-19,-1000000.0
2020-12-08,0.0,-1000000.0
2020-12-09,0.0,-1000000.0
2020-12-10,0.0,-1000000.0
2020-12-11,0.0,-1000000.0
2020-12-14,0.0,-1000000.0
2020-12-15,0.0,-1000000.0
2020-12-16,0.0,-1000000.0
2020-12-17,1.5164559297614478e-20,-1000000.0
2020-12-18,-1.3049699254305827e-18,-1000000.0
2020-12-21,0.0,-1000000.0
2020-12-22,5.330153459250396e-23,-1000000.0
2020-12-23,-2.5927581430997043e-21,-1000000.0
2020-12-24,0.0,-1000000.0
2020-12-25,0.0,-1000000.0
2020-12-28,0.0,-1000000.0
2020-12-29,0.0,-1000000.0
2020-12-30,0.0,-1000000.0
2020-12-31,0.0,-1000000.0
2021-01-01,0.0,-1000000.0
2021-01-04,4.0332750778002914e-23,-1000000.0
2021-01-05,9.76015334873801e-24,-1000000.0
2021-01-06,2.216795649581787e-24,-1000000.0
2021-01-07,1.2716817400336258e-24,-1000000.0
2021-01-08,-3.486966831752598e-21,-1000000.0
2021-01-11,0.0,-1000000.0
2021-01-12,0.0,-1000000.0
2021-01-13,0.0,-1000000.0
2021-01-14,0.0,-1000000.0
2021-01-15,0.0,-1000000.0
2021-01-18,0.0,-1000000.0
2021-01-19,0.0,-1000000.0
2021-01-20,0.0,-1000000.0
2021-01-21,0.0,-1000000.0
2021-01-22,0.0,-1000000.0
2021-01-25,0.0,-1000000.0
2021-01-26,0.0,-1000000.0
2021-01-27,0.0,-1000000.0
2021-01-28,0.0,-1000000.0
2021-01-29,0.0,-1000000.0
2021-02-01,0.0,-1000000.0
2021-02-02,0.0,-1000000.0
2021-02-03,0.0,-1000000.0
2021-02-04,0.0,-1000000.0
2021-02-05,0.0,-1000000.0
2021-02-08,0.0,-1000000.0
2021-02-09,0.0,-1000000.0
2021-02-10,0.0,-1000000.0
2021-02-11,0.0,-1000000.0
2021-02-12,0.0,-1000000.0
2021-02-15,0.0,-1000000.0
2021-02-16,0.0,-1000000.0
2021-02-17,0.0,-1000000.0
2021-02-18,0.0,-1000000.0
2021-02-19,0.0,-1000000.0
2021-02-22,0.0,-1000000.0
2021-02-23,5.048588692644527e-22,-1000000.0
2021-02-24,4.7216822846604095e-22,-1000000.0
2021-02-25,1.867486489782855e-22,-1000000.0
2021-02-26,-4.073453232679677e-22,-1000000.0
2021-03-01,1.3830483055240933e-21,-1000000.0
2021-03-02,0.0,-1000000.0
2021-03-03,0.0,-1000000.0
2021-03-04,0.0,-1000000.0
2021-03-05,2.398599673343774e-22,-1000000.0
2021-03-08,-4.4654264723322207e-20,-1000000.0
2021-03-09,0.0,-1000000.0
2021-03-10,0.0,-1000000.0
2021-03-11,0.0,-1000000.0
2021-03-12,0.0,-1000000.0
2021-03-15,0.0,-1000000.0
2021-03-16,0.0,-1000000.0
2021-03-17,0.0,-1000000.0
2021-03-18,0.0,-1000000.0
2021-03-19,0.0,-1000000.0
2021-03-22,0.0,-1000000.0
2021-03-23,0.0,-1000000.0
2021-03-24,0.0,-1000000.0
2021-03-25,0.0,-1000000.0
2021-03-26,0.0,-1000000.0
2021-03-29,0.0,-1000000.0
2021-03-30,0.0,-1000000.0
2021-03-31,0.0,-1000000.0
2021-04-01,0.0,-1000000.0
2021-04-02,0.0,-1000000.0
2021-04-05,0.0,-1000000.0
2021-04-06,0.0,-1000000.0
2021-04-07,0.0,-1000000.0
2021-04-08,0.0,-1000000.0
2021-04-09,0.0,-1000000.0
2021-04-12,0.0,-1000000.0
2021-04-13,0.0,-1000000.0
2021-04-14,0.0,-1000000.0
2021-04-15,0.0,-1000000.0
2021-04-16,0.0,-1000000.0
2021-04-19,0.0,-1000000.0
2021-04-20,0.0,-1000000.0
2021-04-21,0.0,-1000000.0
2021-04-22,0.0,-1000000.0
2021-04-23,0.0,-1000000.0
2021-04-26,0.0,-1000000.0
2021-04-27,0.0,-1000000.0
2021-04-28,-4.261424217237643e-23,-1000000.0
2021-04-29,-1.912909181305048e-21,-1000000.0
2021-04-30,-1.6982413088074743e-21,-1000000.0
2021-05-03,4.910530186951054e-22,-1000000.0
2021-05-04,1.1214516366870492e-21,-1000000.0
2021-05-05,0.0,-1000000.0
2021-05-06,0.0,-1000000.0
2021-05-07,0.0,-1000000.0
2021-05-10,0.0,-1000000.0
2021-05-11,0.0,-1000000.0
2021-05-12,0.0,-1000000.0
2021-05-13,0.0,-1000000.0
2021-05-14,0.0,-1000000.0
2021-05-17,0.0,-1000000.0
2021-05-18,0.0,-1000000.0
2021-05-19,0.0,-1000000.0
2021-05-20,0.0,-1000000.0
2021-05-21,0.0,-1000000.0
2021-05-24,0.0,-1000000.0
2021-05-25,0.0,-1000000.0
2021-05-26,0.0,-1000000.0
2021-05-27,0.0,-1000000.0
2021-05-28,0.0,-1000000.0
2021-05-31,0.0,-1000000.0
2021-06-01,0.0,-1000000.0
2021-06-02,0.0,-1000000.0
2021-06-03,0.0,-1000000.0
2021-06-04,0.0,-1000000.0
2021-06-07,0.0,-1000000.0
2021-06-08,0.0,-1000000.0
2021-06-09,0.0,-1000000.0
2021-06-10,0.0,-1000000.0
2021-06-11,0.0,-1000000.0
2021-06-14,-8.343944371043132e-23,-1000000.0
2021-06-15,2.381230123341388e-22,-1000000.0
2021-06-16,0.0,-1000000.0
2021-06-17,0.0,-1000000.0
2021-06-18,0.0,-1000000.0
2021-06-21,0.0,-1000000.0
2021-06-22,0.0,-1000000.0
2021-06-23,0.0,-1000000.0
2021-06-24,0.0,-1000000.0
2021-06-25,0.0,-1000000.0
2021-06-28,0.0,-1000000.0
2021-06-29,0.0,-1000000.0
2021-06-30,0.0,-1000000.0
2021-07-01,0.0,-1000000.0
2021-07-02,0.0,-1000000.0
2021-07-05,0.0,-1000000.0
2021-07-06,0.0,-1000000.0
2021-07-07,0.0,-1000000.0
2021-07-08,0.0,-1000000.0
2021-07-09,0.0,-1000000.0
2021-07-12,0.0,-1000000.0
2021-07-13,0.0,-1000000.0
2021-07-14,0.0,-1000000.0
2021-07-15,0.0,-1000000.0
2021-07-16,-8.034577233795717e-23,-1000000.0
2021-07-19,1.416145158325458e-21,-1000000.0
2021-07-20,7.83502527334422e-21,-1000000.0
2021-07-21,0.0,-1000000.0
2021-07-22,0.0,-1000000.0
2021-07-23,0.0,-1000000.0
2021-07-26,0.0,-1000000.0
2021-07-27,0.0,-1000000.0
2021-07-28,0.0,-1000000.0
2021-07-29,0.0,-1000000.0
2021-07-30,0.0,-1000000.0
2021-08-02,0.0,-1000000.0
2021-08-03,0.0,-1000000.0
2021-08-04,0.0,-1000000.0
2021-08-05,0.0,-1000000.0
2021-08-06,0.0,-1000000.0
2021-08-09,0.0,-1000000.0
2021-08-10,0.0,-1000000.0
2021-08-11,0.0,-1000000.0
2021-08-12,0.0,-1000000.0
2021-08-13,0.0,-1000000.0
2021-08-16,0.0,-1000000.0
2021-08-17,0.0,-1000000.0
2021-08-18,0.0,-1000000.0
2021-08-19,0.0,-1000000.0
2021-08-20,0.0,-1000000.0
2021-08-23,0.0,-1000000.0
2021-08-24,0.0,-1000000.0
2021-08-25,0.0,-1000000.0
2021-08-26,0.0,-1000000.0
2021-08-27,0.0,-1000000.0
2021-08-30,0.0,-1000000.0
2021-08-31,0.0,-1000000.0
2021-09-01,0.0,-1000000.0
2021-09-02,0.0,-1000000.0
2021-09-03,0.0,-1000000.0
2021-09-06,0.0,-1000000.0
2021-09-07,0.0,-1000000.0
2021-09-08,0.0,-1000000.0
2021-09-09,0.0,-1000000.0
2021-09-10,0.0,-1000000.0
2021-09-13,0.0,-1000000.0
2021-09-14,0.0,-1000000.0
2021-09-15,0.0,-1000000.0
2021-09-16,0.0,-1000000.0
2021-09-17,0.0,-1000000.0
2021-09-20,0.0,-1000000.0
2021-09-21,0.0,-1000000.0
2021-09-22,0.0,-1000000.0
2021-09-23,0.0,-1000000.0
2021-09-24,0.0,-1000000.0
2021-09-27,0.0,-1000000.0
2021-09-28,0.0,-1000000.0
2021-09-29,0.0,-1000000.0
2021-09-30,0.0,-1000000.0
2021-10-01,0.0,-1000000.0
2021-10-04,0.0,-1000000.0
2021-10-05,0.0,-1000000.0
2021-10-06,0.0,-1000000.0
2021-10-07,0.0,-1000000.0
2021-10-08,0.0,-1000000.0
2021-10-11,0.0,-1000000.0
2021-10-12,0.0,-1000000.0
2021-10-13,0.0,-1000000.0
2021-10-14,0.0,-1000000.0
2021-10-15,0.0,-1000000.0
2021-10-18,0.0,-1000000.0
2021-10-19,0.0,-1000000.0
2021-10-20,0.0,-1000000.0
2021-10-21,0.0,-1000000.0
2021-10-22,0.0,-1000000.0
2021-10-25,0.0,-1000000.0
2021-10-26,0.0,-1000000.0
2021-10-27,0.0,-1000000.0
2021-10-28,0.0,-1000000.0
2021-10-29,0.0,-1000000.0
2021-11-01,0.0,-1000000.0
2021-11-02,0.0,-1000000.0
2021-11-03,0.0,-1000000.0
2021-11-04,0.0,-1000000.0
2021-11-05,0.0,-1000000.0
2021-11-08,0.0,-1000000.0
2021-11-09,0.0,-1000000.0
2021-11-10,0.0,-1000000.0
2021-11-11,0.0,-1000000.0
2021-11-12,0.0,-1000000.0
2021-11-15,0.0,-1000000.0
2021-11-16,0.0,-1000000.0
2021-11-17,0.0,-1000000.0
2021-11-18,0.0,-1000000.0
2021-11-19,0.0,-1000000.0
2021-11-22,0.0,-1000000.0
2021-11-23,0.0,-1000000.0
2021-11-24,0.0,-1000000.0
2021-11-25,0.0,-1000000.0
2021-11-26,0.0,-1000000.0
2021-11-29,0.0,-1000000.0
2021-11-30,0.0,-1000000.0
2021-12-01,0.0,-1000000.0
2021-12-02,0.0,-1000000.0
2021-12-03,0.0,-1000000.0
2021-12-06,0.0,-1000000.0
2021-12-07,0.0,-1000000.0
2021-12-08,0.0,-1000000.0
2021-12-09,0.0,-1000000.0
2021-12-10,0.0,-1000000.0
2021-12-13,0.0,-1000000.0
2021-12-14,4.42599494682941e-24,-1000000.0
2021-12-15,4.128006217518461e-25,-1000000.0
2021-12-16,-3.2293473165209475e-25,-1000000.0
2021-12-17,1.451133873655675e-23,-1000000.0
2021-12-20,0.0,-1000000.0
2021-12-21,0.0,-1000000.0
2021-12-22,0.0,-1000000.0
2021-12-23,0.0,-1000000.0
2021-12-24,0.0,-1000000.0
2021-12-27,0.0,-1000000.0
2021-12-28,0.0,-1000000.0
2021-12-29,0.0,-1000000.0
2021-12-30,0.0,-1000000.0
2021-12-31,0.0,-1000000.0
2022-01-03,0.0,-1000000.0
2022-01-04,0.0,-1000000.0
2022-01-05,0.0,-1000000.0
2022-01-06,0.0,-1000000.0
2022-01-07,0.0,-1000000.0
2022-01-10,0.0,-1000000.0
2022-01-11,0.0,-1000000.0
2022-01-12,0.0,-1000000.0
2022-01-13,0.0,-1000000.0
2022-01-14,0.0,-1000000.0
2022-01-17,0.0,-1000000.0
2022-01-18,0.0,-1000000.0
2022-01-19,0.0,-1000000.0
2022-01-20,0.0,-1000000.0
2022-01-21,0.0,-1000000.0
2022-01-24,7.750746865531172e-24,-1000000.0
2022-01-25,8.159751138641605e-24,-1000000.0
2022-01-26,-5.390275118831771e-24,-1000000.0
2022-01-27,-4.4484981376516606e-23,-1000000.0
2022-01-28,4.4539928132135466e-24,-1000000.0
2022-01-31,2.612213548351325e-25,-1000000.0
2022-02-01,-5.510186704615743e-22,-1000000.0
2022-02-02,0.0,-1000000.0
2022-02-03,0.0,-1000000.0
2022-02-04,4.792296501865426e-23,-1000000.0
2022-02-07,4.898514433721636e-23,-1000000.0
2022-02-08,-2.3381593488059773e-23,-1000000.0
2022-02-09,1.2635731606528183e-23,-1000000.0
2022-02-10,7.366292223057911e-24,-1000000.0
2022-02-11,3.1658471443071813e-21,-1000000.0
2022-02-14,0.0,-1000000.0
2022-02-15,0.0,-1000000.0
2022-02-16,0.0,-1000000.0
2022-02-17,0.0,-1000000.0
2022-02-18,0.0,-1000000.0
2022-02-21,0.0,-1000000.0
2022-02-22,0.0,-1000000.0
2022-02-23,0.0,-1000000.0
2022-02-24,0.0,-1000000.0
2022-02-25,0.0,-1000000.0
2022-02-28,0.0,-1000000.0
2022-03-01,0.0,-1000000.0
2022-03-02,0.0,-1000000.0
2022-03-03,0.0,-1000000.0
2022-03-04,0.0,-1000000.0
2022-03-07,0.0,-1000000.0
2022-03-08,0.0,-1000000.0
2022-03-09,0.0,-1000000.0
2022-03-10,0.0,-1000000.0
2022-03-11,0.0,-1000000.0
2022-03-14,0.0,-1000000.0
2022-03-15,0.0,-1000000.0
2022-03-16,0.0,-1000000.0
2022-03-17,0.0,-1000000.0
2022-03-18,0.0,-1000000.0
2022-03-21,0.0,-1000000.0
2022-03-22,0.0,-1000000.0
2022-03-23,0.0,-1000000.0
2022-03-24,0.0,-1000000.0
2022-03-25,0.0,-1000000.0
2022-03-28,0.0,-1000000.0
2022-03-29,0.0,-1000000.0
2022-03-30,0.0,-1000000.0
2022-03-31,0.0,-1000000.0
2022-04-01,0.0,-1000000.0
2022-04-04,0.0,-1000000.0
2022-04-05,0.0,-1000000.0
2022-04-06,0.0,-1000000.0
2022-04-07,0.0,-1000000.0
2022-04-08,0.0,-1000000.0
2022-04-11,0.0,-1000000.0
2022-04-12,4.239029359770983e-24,-1000000.0
2022-04-13,7.098207380934472e-25,-1000000.0
2022-04-14,-1.6613119984758478e-22,-1000000.0
2022-04-15,0.0,-1000000.0
2022-04-18,0.0,-1000000.0
2022-04-19,0.0,-1000000.0
2022-04-20,0.0,-1000000.0
2022-04-21,0.0,-1000000.0
2022-04-22,0.0,-1000000.0
2022-04-25,0.0,-1000000.0
2022-04-26,0.0,-1000000.0
2022-04-27,0.0,-1000000.0
2022-04-28,0.0,-1000000.0
2022-04-29,0.0,-1000000.0
2022-05-02,0.0,-1000000.0
2022-05-03,7.33562364550609e-24,-1000000.0
2022-05-04,-3.8670982213707946e-24,-1000000.0
2022-05-05,-3.527128498868736e-24,-1000000.0
2022-05-06,-1.2479551687287437e-21,-1000000.0
2022-05-09,0.0,-1000000.0
2022-05-10,0.0,-1000000.0
2022-05-11,0.0,-1000000.0
2022-05-12,0.0,-1000000.0
2022-05-13,0.0,-1000000.0
2022-05-16,0.0,-1000000.0
2022-05-17,0.0,-1000000.0
2022-05-18,0.0,-1000000.0
2022-05-19,0.0,-1000000.0
2022-05-20,0.0,-1000000.0
2022-05-23,0.0,-1000000.0
2022-05-24,0.0,-1000000.0
2022-05-25,0.0,-1000000.0
2022-05-26,4.8152390870801835e-24,-1000000.0
2022-05-27,-1.702152796158206e-24,-1000000.0
2022-05-30,1.187988660368623e-24,-1000000.0
2022-05-31,-7.322551566030117e-22,-1000000.0
2022-06-01,0.0,-1000000.0
2022-06-02,1.059271187182239e-22,-1000000.0
2022-06-03,4.4119676401536855e-23,-1000000.0
2022-06-06,1.7870792369422766e-23,-1000000.0
2022-06-07,7.586115287421416e-21,-1000000.0
2022-06-08,0.0,-1000000.0
2022-06-09,0.0,-1000000.0
2022-06-10,0.0,-1000000.0
2022-06-13,8.377021300040295e-24,-1000000.0
2022-06-14,1.0222842282692409e-23,-1000000.0
2022-06-15,2.268073246644807e-24,-1000000.0
2022-06-16,1.2655849249768552e-24,-1000000.0
2022-06-17,2.7711901284616356e-24,-1000000.0
2022-06-20,-5.811526548386158e-24,-1000000.0
2022-06-21,4.916889245779227e-22,-1000000.0
2022-06-22,0.0,-1000000.0
2022-06-23,8.94860003666994e-24,-1000000.0
2022-06-24,2.7151405123591334e-24,-1000000.0
2022-06-27,2.8682878955978176e-24,-1000000.0
2022-06-28,3.1390845246002512e-24,-1000000.0
2022-06-29,3.32322792581554e-24,-1000000.0
2022-06-30,3.0884863623490744e-24,-1000000.0
2022-07-01,1.7697186210167942e-24,-1000000.0
2022-07-04,2.976956094129788e-24,-1000000.0
2022-07-05,-1.1359481229396864e-24,-1000000.0
2022-07-06,1.6864107965475064e-21,-1000000.0
2022-07-07,5.7774641656463864e-24,-1000000.0
2022-07-08,-8.23786252418827e-22,-1000000.0
2022-07-11,-1.4946071667875945e-21,-1000000.0
2022-07-12,8.950140183559966e-24,-1000000.0
2022-07-13,-2.2693013946368085e-22,-1000000.0
2022-07-14,3.721012541063055e-23,-1000000.0
2022-07-15,-1.844345149854745e-22,-1000000.0
2022-07-18,2.7354445885677105e-23,-1000000.0
2022-07-19,-7.439727012187149e-22,-1000000.0
2022-07-20,-1.9743104912107586e-23,-1000000.0
2022-07-21,0.0,-1000000.0
2022-07-22,7.068917837108627e-24,-1000000.0
2022-07-25,-7.661645253481647e-22,-1000000.0
2022-07-26,1.2038940104844449e-22,-1000000.0
2022-07-27,1.5195868170620017e-22,-1000000.0
2022-07-28,-8.024602499555235e-23,-1000000.0
2022-07-29,3.305610953962018e-23,-1000000.0
2022-08-01,1.7372493270155902e-22,-1000000.0
2022-08-02,-9.255906419325305e-23,-1000000.0
2022-08-03,3.4662419971843784e-23,-1000000.0
2022-08-04,2.7303028619998034e-20,-1000000.0
2022-08-05,-2.1243638299794626e-24,-1000000.0
2022-08-08,-5.593381119111557e-24,-1000000.0
2022-08-09,2.3022807675492058e-23,-1000000.0
2022-08-10,-1.644742318996494e-21,-1000000.0
2022-08-11,0.0,-1000000.0
2022-08-12,0.0,-1000000.0
2022-08-15,0.0,-1000000.0
2022-08-16,0.0,-1000000.0
2022-08-17,0.0,-1000000.0
2022-08-18,0.0,-1000000.0
2022-08-19,0.0,-1000000.0
2022-08-22,0.0,-1000000.0
2022-08-23,0.0,-1000000.0
2022-08-24,4.267624210107791e-23,-1000000.0
2022-08-25,-2.506592185432345e-21,-1000000.0
2022-08-26,0.0,-1000000.0
2022-08-29,0.0,-1000000.0
2022-08-30,0.0,-1000000.0
2022-08-31,0.0,-1000000.0
2022-09-01,0.0,-1000000.0
2022-09-02,0.0,-1000000.0
2022-09-05,0.0,-1000000.0
2022-09-06,0.0,-1000000.0
2022-09-07,0.0,-1000000.0
2022-09-08,0.0,-1000000.0
2022-09-09,0.0,-1000000.0
2022-09-12,0.0,-1000000.0
2022-09-13,0.0,-1000000.0
2022-09-14,0.0,-1000000.0
2022-09-15,0.0,-1000000.0
2022-09-16,0.0,-1000000.0
2022-09-19,0.0,-1000000.0
2022-09-20,0.0,-1000000.0
2022-09-21,0.0,-1000000.0
2022-09-22,0.0,-1000000.0
2022-09-23,0.0,-1000000.0
2022-09-26,0.0,-1000000.0
2022-09-27,0.0,-1000000.0
2022-09-28,0.0,-1000000.0
2022-09-29,0.0,-1000000.0
2022-09-30,0.0,-1000000.0
2022-10-03,0.0,-1000000.0
2022-10-04,0.0,-1000000.0
2022-10-05,0.0,-1000000.0
2022-10-06,0.0,-1000000.0
2022-10-07,0.0,-1000000.0
2022-10-10,0.0,-1000000.0
2022-10-11,0.0,-1000000.0
2022-10-12,0.0,-1000000.0
2022-10-13,0.0,-1000000.0
2022-10-14,0.0,-1000000.0
2022-10-17,0.0,-1000000.0
2022-10-18,0.0,-1000000.0
2022-10-19,0.0,-1000000.0
2022-10-20,0.0,-1000000.0
2022-10-21,0.0,-1000000.0
2022-10-24,0.0,-1000000.0
2022-10-25,0.0,-1000000.0
2022-10-26,0.0,-1000000.0
2022-10-27,0.0,-1000000.0
2022-10-28,0.0,-1000000.0
2022-10-31,0.0,-1000000.0
2022-11-01,0.0,-1000000.0
2022-11-02,0.0,-1000000.0
2022-11-03,0.0,-1000000.0
2022-11-04,0.0,-1000000.0
2022-11-07,0.0,-1000000.0
2022-11-08,2.728782419757207e-23,-1000000.0
2022-11-09,7.738692343035004e-25,-1000000.0
2022-11-10,-1.6587593483798752e-21,-1000000.0
2022-11-11,0.0,-1000000.0
2022-11-14,0.0,-1000000.0
2022-11-15,1.0598328501999386e-23,-1000000.0
2022-11-16,1.523619325568743e-23,-1000000.0
2022-11-17,2.7067279560903014e-22,-1000000.0
2022-11-18,-1.3360336655739212e-22,-1000000.0
2022-11-21,-4.555326479323363e-20,-1000000.0
2022-11-22,-2.3900468179212706e-22,-1000000.0
2022-11-23,-2.4378477542796963e-22,-1000000.0
2022-11-24,7.949724525414619e-22,-1000000.0
2022-11-25,-2.3276102188569975e-22,-1000000.0
2022-11-28,1.2118356089923585e-20,-1000000.0
2022-11-29,0.0,-1000000.0
2022-11-30,4.9508794750579234e-24,-1000000.0
2022-12-01,1.1813455212544179e-24,-1000000.0
2022-12-02,1.3145740608604245e-24,-1000000.0
2022-12-05,2.7070928336657492e-22,-1000000.0
2022-12-06,0.0,-1000000.0
2022-12-07,3.9254438588643407e-25,-1000000.0
2022-12-08,8.215408113498838e-26,-1000000.0
2022-12-09,3.201539190472486e-25,-1000000.0
2022-12-12,-1.083061859683519e-25,-1000000.0
2022-12-13,1.4112873397177878e-23,-1000000.0
2022-12-14,0.0,-1000000.0
2022-12-15,0.0,-1000000.0
2022-12-16,0.0,-1000000.0
2022-12-19,0.0,-1000000.0
2022-12-20,0.0,-1000000.0
2022-12-21,0.0,-1000000.0
2022-12-22,0.0,-1000000.0
2022-12-23,0.0,-1000000.0
2022-12-26,0.0,-1000000.0
2022-12-27,0.0,-1000000.0
2022-12-28,0.0,-1000000.0
2022-12-29,0.0,-1000000.0
2022-12-30,0.0,-1000000.0
2023-01-02,0.0,-1000000.0
2023-01-03,0.0,-1000000.0
2023-01-04,0.0,-1000000.0
2023-01-05,0.0,-1000000.0
2023-01-06,0.0,-1000000.0
2023-01-09,0.0,-1000000.0
2023-01-10,0.0,-1000000.0
2023-01-11,0.0,-1000000.0
2023-01-12,0.0,-1000000.0
2023-01-13,0.0,-1000000.0
2023-01-16,0.0,-1000000.0
2023-01-17,0.0,-1000000.0
2023-01-18,0.0,-1000000.0
2023-01-19,0.0,-1000000.0
2023-01-20,0.0,-1000000.0
2023-01-23,0.0,-1000000.0
2023-01-24,0.0,-1000000.0
2023-01-25,0.0,-1000000.0
2023-01-26,0.0,-1000000.0
2023-01-27,0.0,-1000000.0
2023-01-30,0.0,-1000000.0
2023-01-31,0.0,-1000000.0
2023-02-01,5.77428984779139e-25,-1000000.0
2023-02-02,-5.789826412167694e-26,-1000000.0
2023-02-03,-1.2551974097102514e-23,-1000000.0
2023-02-06,0.0,-1000000.0
2023-02-07,2.5430625558310032e-25,-1000000.0
2023-02-08,-3.4307259837701707e-23,-1000000.0
2023-02-09,0.0,-1000000.0
2023-02-10,0.0,-1000000.0
2023-02-13,0.0,-1000000.0
2023-02-14,0.0,-1000000.0
2023-02-15,0.0,-1000000.0
2023-02-16,0.0,-1000000.0
2023-02-17,0.0,-1000000.0
2023-02-20,0.0,-1000000.0
2023-02-21,0.0,-1000000.0
2023-02-22,0.0,-1000000.0
2023-02-23,0.0,-1000000.0
2023-02-24,0.0,-1000000.0
2023-02-27,0.0,-1000000.0
2023-02-28,0.0,-1000000.0
2023-03-01,0.0,-1000000.0
2023-03-02,0.0,-1000000.0
2023-03-03,0.0,-1000000.0
2023-03-06,0.0,-1000000.0
2023-03-07,0.0,-1000000.0
2023-03-08,0.0,-1000000.0
2023-03-09,0.0,-1000000.0
2023-03-10,0.0,-1000000.0
2023-03-13,0.0,-1000000.0
2023-03-14,0.0,-1000000.0
2023-03-15,0.0,-1000000.0
2023-03-16,1.7477069919853493e-25,-1000000.0
2023-03-17,7.314445723944579e-26,-1000000.0
2023-03-20,3.0695925265550244e-25,-1000000.0
2023-03-21,2.0156610239331383e-26,-1000000.0
2023-03-22,2.1379743161228335e-25,-1000000.0
2023-03-23,5.508608853860021e-25,-1000000.0
2023-03-24,1.304012826760292e-25,-1000000.0
2023-03-27,4.364511994252496e-25,-1000000.0
2023-03-28,6.612433180154035e-25,-1000000.0
2023-03-29,8.52349908699027e-24,-1000000.0
2023-03-30,5.13132561997973e-25,-1000000.0
2023-03-31,4.4068036354213043e-26,-1000000.0
2023-04-03,-5.32696482939645e-26,-1000000.0
2023-04-04,-1.7344464292942956e-25,-1000000.0
2023-04-05,2.4039563001421667e-25,-1000000.0
2023-04-06,1.9266526748789286e-25,-1000000.0
2023-04-07,-1.0217483335713831e-25,-1000000.0
2023-04-10,1.3016700868872743e-25,-1000000.0
2023-04-11,1.8681277820692646e-22,-1000000.0
2023-04-12,0.0,-1000000.0
2023-04-13,0.0,-1000000.0
2023-04-14,0.0,-1000000.0
2023-04-17,0.0,-1000000.0
2023-04-18,0.0,-1000000.0
2023-04-19,0.0,-1000000.0
2023-04-20,0.0,-1000000.0
2023-04-21,0.0,-1000000.0
2023-04-24,0.0,-1000000.0
2023-04-25,0.0,-1000000.0
2023-04-26,0.0,-1000000.0
2023-04-27,0.0,-1000000.0
2023-04-28,0.0,-1000000.0
2023-05-01,0.0,-1000000.0
2023-05-02,0.0,-1000000.0
2023-05-03,0.0,-1000000.0
2023-05-04,0.0,-1000000.0
2023-05-05,0.0,-1000000.0
2023-05-08,0.0,-1000000.0
2023-05-09,0.0,-1000000.0
2023-05-10,0.0,-1000000.0
2023-05-11,0.0,-1000000.0
2023-05-12,0.0,-1000000.0
2023-05-15,0.0,-1000000.0
2023-05-16,0.0,-1000000.0
2023-05-17,0.0,-1000000.0
2023-05-18,0.0,-1000000.0
2023-05-19,0.0,-1000000.0
2023-05-22,0.0,-1000000.0
2023-05-23,0.0,-1000000.0
2023-05-24,0.0,-1000000.0
2023-05-25,0.0,-1000000.0
2023-05-26,0.0,-1000000.0
2023-05-29,0.0,-1000000.0
2023-05-30,0.0,-1000000.0
2023-05-31,0.0,-1000000.0
2023-06-01,0.0,-1000000.0
2023-06-02,0.0,-1000000.0
2023-06-05,0.0,-1000000.0
2023-06-06,0.0,-1000000.0
2023-06-07,0.0,-1000000.0
2023-06-08,0.0,-1000000.0
2023-06-09,0.0,-1000000.0
2023-06-12,0.0,-1000000.0
2023-06-13,0.0,-1000000.0
2023-06-14,0.0,-1000000.0
2023-06-15,0.0,-1000000.0
2023-06-16,0.0,-1000000.0
2023-06-19,0.0,-1000000.0
2023-06-20,0.0,-1000000.0
2023-06-21,0.0,-1000000.0
2023-06-22,0.0,-1000000.0
2023-06-23,0.0,-1000000.0
2023-06-26,0.0,-1000000.0
2023-06-27,0.0,-1000000.0
2023-06-28,0.0,-1000000.0
2023-06-29,0.0,-1000000.0
2023-06-30,0.0,-1000000.0
2023-07-03,0.0,-1000000.0
2023-07-04,6.990195514443844e-25,-1000000.0
2023-07-05,4.251810263670418e-25,-1000000.0
2023-07-06,6.743885260598582e-25,-1000000.0
2023-07-07,0.0,-1000000.0
2023-07-10,0.0,-1000000.0
2023-07-11,0.0,-1000000.0
2023-07-12,0.0,-1000000.0
2023-07-13,0.0,-1000000.0
2023-07-14,0.0,-1000000.0
2023-07-17,0.0,-1000000.0
2023-07-18,0.0,-1000000.0
2023-07-19,0.0,-1000000.0
2023-07-20,0.0,-1000000.0
2023-07-21,0.0,-1000000.0
2023-07-24,0.0,-1000000.0
2023-07-25,0.0,-1000000.0
2023-07-26,0.0,-1000000.0
2023-07-27,0.0,-1000000.0
2023-07-28,0.0,-1000000.0
2023-07-31,0.0,-1000000.0
2023-08-01,0.0,-1000000.0
2023-08-02,0.0,-1000000.0
2023-08-03,0.0,-1000000.0
2023-08-04,0.0,-1000000.0
2023-08-07,0.0,-1000000.0
2023-08-08,0.0,-1000000.0
2023-08-09,0.0,-1000000.0
2023-08-10,0.0,-1000000.0
2023-08-11,0.0,-1000000.0
2023-08-14,0.0,-1000000.0
2023-08-15,0.0,-1000000.0
2023-08-16,0.0,-1000000.0
2023-08-17,1.4823363709948717e-24,-1000000.0
2023-08-18,-1.9681537258357227e-25,-1000000.0
2023-08-21,-2.5202466645642613e-23,-1000000.0
2023-08-22,7.507174252376807e-25,-1000000.0
2023-08-23,6.16390249820886e-26,-1000000.0
2023-08-24,1.9830061917618125e-26,-1000000.0
2023-08-25,1.1532704107665095e-24,-1000000.0
2023-08-28,4.477680132948784e-23,-1000000.0
2023-08-29,0.0,-1000000.0
2023-08-30,0.0,-1000000.0
2023-08-31,0.0,-1000000.0
2023-09-01,0.0,-1000000.0
2023-09-04,0.0,-1000000.0
2023-09-05,0.0,-1000000.0
2023-09-06,0.0,-1000000.0
2023-09-07,0.0,-1000000.0
2023-09-08,0.0,-1000000.0
2023-09-11,0.0,-1000000.0
2023-09-12,0.0,-1000000.0
2023-09-13,0.0,-1000000.0
2023-09-14,0.0,-1000000.0
2023-09-15,0.0,-1000000.0
2023-09-18,0.0,-1000000.0
2023-09-19,0.0,-1000000.0
2023-09-20,0.0,-1000000.0
2023-09-21,0.0,-1000000.0
2023-09-22,0.0,-1000000.0
2023-09-25,0.0,-1000000.0
2023-09-26,0.0,-1000000.0
2023-09-27,0.0,-1000000.0
2023-09-28,0.0,-1000000.0
2023-09-29,0.0,-1000000.0
2023-10-02,0.0,-1000000.0
2023-10-03,0.0,-1000000.0
2023-10-04,0.0,-1000000.0
2023-10-05,0.0,-1000000.0
2023-10-06,0.0,-1000000.0
2023-10-09,0.0,-1000000.0
2023-10-10,0.0,-1000000.0
2023-10-11,0.0,-1000000.0
2023-10-12,0.0,-1000000.0
2023-10-13,0.0,-1000000.0
2023-10-16,0.0,-1000000.0
2023-10-17,0.0,-1000000.0
2023-10-18,3.1137948230014006e-24,-1000000.0
2023-10-19,-6.208536972467795e-22,-1000000.0
2023-10-20,0.0,-1000000.0
2023-10-23,0.0,-1000000.0
2023-10-24,0.0,-1000000.0
2023-10-25,0.0,-1000000.0
2023-10-26,0.0,-1000000.0
2023-10-27,0.0,-1000000.0
2023-10-30,0.0,-1000000.0
2023-10-31,0.0,-1000000.0
2023-11-01,0.0,-1000000.0
2023-11-02,0.0,-1000000.0
2023-11-03,0.0,-1000000.0
2023-11-06,0.0,-1000000.0
2023-11-07,0.0,-1000000.0
2023-11-08,0.0,-1000000.0
2023-11-09,0.0,-1000000.0
2023-11-10,0.0,-1000000.0
2023-11-13,0.0,-1000000.0
2023-11-14,0.0,-1000000.0
2023-11-15,0.0,-1000000.0
2023-11-16,0.0,-1000000.0
2023-11-17,0.0,-1000000.0
2023-11-20,0.0,-1000000.0
2023-11-21,0.0,-1000000.0
2023-11-22,0.0,-1000000.0
2023-11-23,0.0,-1000000.0
2023-11-24,0.0,-1000000.0
2023-11-27,0.0,-1000000.0
2023-11-28,0.0,-1000000.0
2023-11-29,0.0,-1000000.0
2023-11-30,0.0,-1000000.0
2023-12-01,0.0,-1000000.0
2023-12-04,0.0,-1000000.0
2023-12-05,0.0,-1000000.0
2023-12-06,0.0,-1000000.0
2023-12-07,0.0,-1000000.0
2023-12-08,0.0,-1000000.0
2023-12-11,0.0,-1000000.0
2023-12-12,0.0,-1000000.0
2023-12-13,0.0,-1000000.0
2023-12-14,0.0,-1000000.0
2023-12-15,0.0,-1000000.0
2023-12-18,0.0,-1000000.0
2023-12-19,0.0,-1000000.0
2023-12-20,0.0,-1000000.0
2023-12-21,0.0,-1000000.0
2023-12-22,0.0,-1000000.0
2023-12-25,0.0,-1000000.0
2023-12-26,0.0,-1000000.0
2023-12-27,0.0,-1000000.0
2023-12-28,0.0,-1000000.0
2023-12-29,0.0,-1000000.0
2024-01-01,0.0,-1000000.0
2024-01-02,0.0,-1000000.0
2024-01-03,0.0,-1000000.0
2024-01-04,0.0,-1000000.0
2024-01-05,0.0,-1000000.0
2024-01-08,0.0,-1000000.0
2024-01-09,0.0,-1000000.0
2024-01-10,0.0,-1000000.0
2024-01-11,0.0,-1000000.0
2024-01-12,0.0,-1000000.0
2024-01-15,0.0,-1000000.0
2024-01-16,0.0,-1000000.0
2024-01-17,0.0,-1000000.0
2024-01-18,0.0,-1000000.0
2024-01-19,0.0,-1000000.0
2024-01-22,0.0,-1000000.0
2024-01-23,0.0,-1000000.0
2024-01-24,0.0,-1000000.0
2024-01-25,0.0,-1000000.0
2024-01-26,0.0,-1000000.0
2024-01-29,0.0,-1000000.0
2024-01-30,0.0,-1000000.0
2024-01-31,0.0,-1000000.0
2024-02-01,0.0,-1000000.0
2024-02-02,0.0,-1000000.0
2024-02-05,0.0,-1000000.0
2024-02-06,0.0,-1000000.0
2024-02-07,0.0,-1000000.0
2024-02-08,0.0,-1000000.0
2024-02-09,4.69486646907086e-26,-1000000.0
2024-02-12,-3.8966584564107426e-24,-1000000.0
2024-02-13,5.965877083053977e-26,-1000000.0
2024-02-14,9.610020475155544e-26,-1000000.0
2024-02-15,-4.704880797115379e-24,-1000000.0
2024-02-16,0.0,-1000000.0
2024-02-19,0.0,-1000000.0
2024-02-20,0.0,-1000000.0
2024-02-21,0.0,-1000000.0
2024-02-22,0.0,-1000000.0
2024-02-23,0.0,-1000000.0
2024-02-26,0.0,-1000000.0
2024-02-27,0.0,-1000000.0
2024-02-28,0.0,-1000000.0
2024-02-29,0.0,-1000000.0
2024-03-01,0.0,-1000000.0
2024-03-04,0.0,-1000000.0
2024-03-05,0.0,-1000000.0
2024-03-06,0.0,-1000000.0
2024-03-07,0.0,-1000000.0
2024-03-08,0.0,-1000000.0
2024-03-11,0.0,-1000000.0
2024-03-12,0.0,-1000000.0
2024-03-13,0.0,-1000000.0
2024-03-14,0.0,-1000000.0
2024-03-15,0.0,-1000000.0
2024-03-18,0.0,-1000000.0
2024-03-19,9.971695469272003e-26,-1000000.0
2024-03-20,-2.1544764452859703e-24,-1000000.0
2024-03-21,4.195563862389859e-26,-1000000.0
2024-03-22,-3.475995635475096e-25,-1000000.0
2024-03-25,5.386987951438445e-26,-1000000.0
2024-03-26,7.448379140626003e-28,-1000000.0
2024-03-27,-1.4847001051941364e-24,-1000000.0
2024-03-28,5.533074593061098e-26,-1000000.0
2024-03-29,-1.9461406600498532e-26,-1000000.0
2024-04-01,-7.691924973666155e-24,-1000000.0
2024-04-02,0.0,-1000000.0
2024-04-03,0.0,-1000000.0
2024-04-04,0.0,-1000000.0
2024-04-05,0.0,-1000000.0
2024-04-08,0.0,-1000000.0
2024-04-09,0.0,-1000000.0
2024-04-10,0.0,-1000000.0
2024-04-11,0.0,-1000000.0
2024-04-12,0.0,-1000000.0
2024-04-15,0.0,-1000000.0
2024-04-16,0.0,-1000000.0
2024-04-17,1.2802225407111092e-24,-1000000.0
2024-04-18,-3.133614434097006e-25,-1000000.0
2024-04-19,-7.40331138967811e-23,-1000000.0
2024-04-22,0.0,-1000000.0
2024-04-23,7.930178844357862e-26,-1000000.0
2024-04-24,-1.1309205376834825e-23,-1000000.0
2024-04-25,0.0,-1000000.0
2024-04-26,-8.255705055607821e-26,-1000000.0
2024-04-29,-1.6266647999377837e-24,-1000000.0
2024-04-30,-2.4952254008198112e-24,-1000000.0
2024-05-01,-3.9047789984155676e-24,-1000000.0
2024-05-02,7.96194518555118e-24,-1000000.0
2024-05-03,0.0,-1000000.0
2024-05-06,0.0,-1000000.0
2024-05-07,0.0,-1000000.0
2024-05-08,0.0,-1000000.0
2024-05-09,0.0,-1000000.0
2024-05-10,0.0,-1000000.0
2024-05-13,0.0,-1000000.0
2024-05-14,0.0,-1000000.0
2024-05-15,0.0,-1000000.0
2024-05-16,0.0,-1000000.0
2024-05-17,0.0,-1000000.0
2024-05-20,0.0,-1000000.0
2024-05-21,0.0,-1000000.0
2024-05-22,0.0,-1000000.0
2024-05-23,0.0,-1000000.0
2024-05-24,0.0,-1000000.0
2024-05-27,0.0,-1000000.0
2024-05-28,0.0,-1000000.0
2024-05-29,0.0,-1000000.0
2024-05-30,0.0,-1000000.0
2024-05-31,0.0,-1000000.0
2024-06-03,0.0,-1000000.0
2024-06-04,0.0,-1000000.0
2024-06-05,0.0,-1000000.0
2024-06-06,0.0,-1000000.0
2024-06-07,0.0,-1000000.0
2024-06-10,0.0,-1000000.0
2024-06-11,0.0,-1000000.0
2024-06-12,0.0,-1000000.0
2024-06-13,0.0,-1000000.0
2024-06-14,0.0,-1000000.0
2024-06-17,0.0,-1000000.0
2024-06-18,0.0,-1000000.0
2024-06-19,0.0,-1000000.0
2024-06-20,0.0,-1000000.0
2024-06-21,0.0,-1000000.0
2024-06-24,0.0,-1000000.0
2024-06-25,0.0,-1000000.0
2024-06-26,0.0,-1000000.0
2024-06-27,0.0,-1000000.0
2024-06-28,0.0,-1000000.0
2024-07-01,0.0,-1000000.0
2024-07-02,0.0,-1000000.0
2024-07-03,0.0,-1000000.0
2024-07-04,0.0,-1000000.0
2024-07-05,0.0,-1000000.0
2024-07-08,0.0,-1000000.0
2024-07-09,0.0,-1000000.0
2024-07-10,0.0,-1000000.0
2024-07-11,0.0,-1000000.0
2024-07-12,-8.550267183963944e-26,-1000000.0
2024-07-15,1.350266710006153e-24,-1000000.0
2024-07-16,0.0,-1000000.0
2024-07-17,0.0,-1000000.0
2024-07-18,0.0,-1000000.0
2024-07-19,0.0,-1000000.0
2024-07-22,0.0,-1000000.0
2024-07-23,0.0,-1000000.0
2024-07-24,0.0,-1000000.0
2024-07-25,0.0,-1000000.0
2024-07-26,0.0,-1000000.0
2024-07-29,0.0,-1000000.0
2024-07-30,0.0,-1000000.0
2024-07-31,0.0,-1000000.0
2024-08-01,0.0,-1000000.0
2024-08-02,0.0,-1000000.0
2024-08-05,0.0,-1000000.0
2024-08-06,-6.020739107630916e-26,-1000000.0
2024-08-07,-1.677257595704871e-25,-1000000.0
2024-08-08,-3.7872286557853246e-25,-1000000.0
2024-08-09,-2.3271068405542726e-25,-1000000.0
2024-08-12,-2.413590653604809e-25,-1000000.0
2024-08-13,-7.431408539757875e-26,-1000000.0
2024-08-14,-6.026775278204949e-25,-1000000.0
2024-08-15,1.3391380280705848e-25,-1000000.0
2024-08-16,7.263379542040417e-25,-1000000.0
2024-08-19,0.0,-1000000.0
2024-08-20,0.0,-1000000.0
2024-08-21,0.0,-1000000.0
2024-08-22,0.0,-1000000.0
2024-08-23,0.0,-1000000.0
2024-08-26,0.0,-1000000.0
2024-08-27,0.0,-1000000.0
2024-08-28,0.0,-1000000.0
2024-08-29,-7.815670351327338e-26,-1000000.0
2024-08-30,2.6306838181661966e-26,-1000000.0
2024-09-02,0.0,-1000000.0
2024-09-03,-7.91937008199056e-26,-1000000.0
2024-09-04,-1.2339643585047705e-25,-1000000.0
2024-09-05,7.060898200939072e-27,-1000000.0
2024-09-06,9.761574694365725e-26,-1000000.0
2024-09-09,-8.115197065042135e-26,-1000000.0
2024-09-10,-1.0079263498137841e-25,-1000000.0
2024-09-11,-3.286182437570146e-25,-1000000.0
2024-09-12,7.860490801975065e-26,-1000000.0
2024-09-13,1.5808082001396279e-25,-1000000.0
2024-09-16,0.0,-1000000.0
2024-09-17,0.0,-1000000.0
2024-09-18,0.0,-1000000.0
2024-09-19,-8.662951307752338e-26,-1000000.0
2024-09-20,-2.188520637997103e-26,-1000000.0
2024-09-23,-4.673003812894409e-26,-1000000.0
2024-09-24,0.0,-1000000.0
2024-09-25,0.0,-1000000.0
2024-09-26,0.0,-1000000.0
2024-09-27,-8.973440822925214e-26,-1000000.0
2024-09-30,-2.806628453623631e-25,-1000000.0
2024-10-01,-3.2611403549145815e-25,-1000000.0
2024-10-02,1.1137894010747801e-25,-1000000.0
2024-10-03,-2.509247866915185e-25,-1000000.0
2024-10-04,3.2855059039944384e-26,-1000000.0
2024-10-07,0.0,-1000000.0
2024-10-08,-1.0579844976179553e-25,-1000000.0
2024-10-09,-1.410484889864579e-25,-1000000.0
2024-10-10,1.4764237588798936e-25,-1000000.0
2024-10-11,-1.077825410190008e-25,-1000000.0
2024-10-14,1.9659539716556263e-25,-1000000.0
2024-10-15,0.0,-1000000.0
2024-10-16,0.0,-1000000.0
2024-10-17,-1.0600628389606957e-25,-1000000.0
2024-10-18,-1.1218143987080057e-23,-1000000.0
2024-10-21,-2.4396510106461996e-26,-1000000.0
2024-10-22,-2.11208358268378e-23,-1000000.0
2024-10-23,-2.1588663318589552e-23,-1000000.0
2024-10-24,-4.834223644432128e-23,-1000000.0
2024-10-25,7.077486385783401e-24,-1000000.0
2024-10-28,6.887107205365724e-24,-1000000.0
2024-10-29,1.7110843087405806e-23,-1000000.0
2024-10-30,-1.2011723679535662e-22,-1000000.0
2024-10-31,2.5648245540457395e-23,-1000000.0
2024-11-01,9.376613692190666e-23,-1000000.0
2024-11-04,-1.0845385939564214e-22,-1000000.0
2024-11-05,9.339661576321782e-23,-1000000.0
2024-11-06,0.0,-1000000.0
2024-11-07,0.0,-1000000.0
2024-11-08,0.0,-1000000.0
2024-11-11,0.0,-1000000.0
2024-11-12,-1.847705157049933e-24,-1000000.0
2024-11-13,-5.8098950558206686e-24,-1000000.0
2024-11-14,-5.8835017415698745e-24,-1000000.0
2024-11-15,-2.9360871222783972e-24,-1000000.0
2024-11-18,3.1644137729460444e-24,-1000000.0
2024-11-19,0.0,-1000000.0
2024-11-20,0.0,-1000000.0
2024-11-21,0.0,-1000000.0
2024-11-22,0.0,-1000000.0
2024-11-25,0.0,-1000000.0
2024-11-26,0.0,-1000000.0
2024-11-27,0.0,-1000000.0
2024-11-28,0.0,-1000000.0
2024-11-29,0.0,-1000000.0
2024-12-02,0.0,-1000000.0
2024-12-03,0.0,-1000000.0
2024-12-04,0.0,-1000000.0
2024-12-05,0.0,-1000000.0
2024-12-06,0.0,-1000000.0
2024-12-09,0.0,-1000000.0
2024-12-10,0.0,-1000000.0
2024-12-11,0.0,-1000000.0
2024-12-12,0.0,-1000000.0
2024-12-13,0.0,-1000000.0
2024-12-16,0.0,-1000000.0
2024-12-17,-2.1139606631253893e-24,-1000000.0
2024-12-18,3.1609569828650583e-24,-1000000.0
2024-12-19,-2.093020736730596e-24,-1000000.0
2024-12-20,-3.588448657417639e-24,-1000000.0
2024-12-23,1.0241181464988434e-23,-1000000.0
2024-12-24,0.0,-1000000.0
2024-12-25,0.0,-1000000.0
2024-12-26,0.0,-1000000.0
2024-12-27,0.0,-1000000.0
2024-12-30,0.0,-1000000.0
2024-12-31,0.0,-1000000.0
2025-01-01,0.0,-1000000.0
2025-01-02,0.0,-1000000.0
2025-01-03,0.0,-1000000.0
2025-01-06,0.0,-1000000.0
2025-01-07,0.0,-1000000.0
2025-01-08,0.0,-1000000.0
2025-01-09,-2.001826495313792e-24,-1000000.0
2025-01-10,4.474297598693302e-24,-1000000.0
2025-01-13,0.0,-1000000.0
2025-01-14,0.0,-1000000.0
2025-01-15,0.0,-1000000.0
2025-01-16,-1.952377073246202e-24,-1000000.0
2025-01-17,6.518320346066164e-25,-1000000.0
2025-01-20,-1.2208215454907655e-22,-1000000.0
2025-01-21,-5.325803825694032e-23,-1000000.0
2025-01-22,1.3589516069964357e-23,-1000000.0
2025-01-23,-5.5229515254310225e-24,-1000000.0
2025-01-24,3.4435359639013144e-22,-1000000.0
2025-01-27,0.0,-1000000.0
2025-01-28,8.43906078204198e-25,-1000000.0
2025-01-29,-5.048563053666547e-23,-1000000.0
2025-01-30,0.0,-1000000.0
2025-01-31,0.0,-1000000.0
2025-02-03,0.0,-1000000.0
2025-02-04,0.0,-1000000.0
2025-02-05,0.0,-1000000.0
2025-02-06,0.0,-1000000.0
2025-02-07,0.0,-1000000.0
2025-02-10,0.0,-1000000.0
2025-02-11,0.0,-1000000.0
2025-02-12,0.0,-1000000.0
2025-02-13,0.0,-1000000.0
2025-02-14,0.0,-1000000.0
2025-02-17,0.0,-1000000.0
2025-02-18,0.0,-1000000.0
2025-02-19,0.0,-1000000.0
2025-02-20,0.0,-1000000.0
2025-02-21,0.0,-1000000.0
2025-02-24,0.0,-1000000.0
2025-02-25,0.0,-1000000.0
2025-02-26,0.0,-1000000.0
2025-02-27,0.0,-1000000.0
2025-02-28,0.0,-1000000.0
2025-03-03,0.0,-1000000.0
2025-03-04,0.0,-1000000.0
2025-03-05,0.0,-1000000.0
2025-03-06,0.0,-1000000.0
2025-03-07,0.0,-1000000.0
2025-03-10,0.0,-1000000.0
2025-03-11,0.0,-1000000.0
2025-03-12,2.559246311341422e-26,-1000000.0
2025-03-13,-5.286519523641744e-27,-1000000.0
2025-03-14,-3.104654901251521e-25,-1000000.0
2025-03-17,1.3770429788271068e-26,-1000000.0
2025-03-18,-6.819746521224216e-25,-1000000.0
2025-03-19,0.0,-1000000.0
2025-03-20,0.0,-1000000.0
2025-03-21,0.0,-1000000.0
2025-03-24,5.1188882605446885e-27,-1000000.0
2025-03-25,-4.651137231577444e-28,-1000000.0
2025-03-26,1.4999573807082132e-26,-1000000.0
2025-03-27,3.051974593305386e-26,-1000000.0
2025-03-28,-4.159623068890488e-27,-1000000.0
2025-03-31,3.0759842790222133e-27,-1000000.0
2025-04-01,2.7834944649556073e-24,-1000000.0
2025-04-02,0.0,-1000000.0
2025-04-03,5.532452064688445e-26,-1000000.0
2025-04-04,7.031295252238633e-26,-1000000.0
2025-04-07,9.853303620317011e-27,-1000000.0
2025-04-08,-4.474368201163511e-27,-1000000.0
2025-04-09,5.2691184313073205e-27,-1000000.0
2025-04-10,1.4230253542475966e-26,-1000000.0
2025-04-11,4.155956140164086e-26,-1000000.0
2025-04-14,4.8859190045342893e-26,-1000000.0
2025-04-15,-1.0617772393424793e-26,-1000000.0
2025-04-16,4.990886225032377e-27,-1000000.0
2025-04-17,8.541580359431386e-27,-1000000.0
2025-04-18,3.912366421828531e-26,-1000000.0
2025-04-21,2.3921750221055723e-26,-1000000.0
2025-04-22,-2.1204256345544177e-27,-1000000.0
2025-04-23,-8.282006146397449e-27,-1000000.0
2025-04-24,3.261195017624126e-27,-1000000.0
2025-04-25,2.0778521504978552e-23,-1000000.0
2025-04-28,0.0,-1000000.0
2025-04-29,0.0,-1000000.0
2025-04-30,0.0,-1000000.0
2025-05-01,0.0,-1000000.0
2025-05-02,0.0,-1000000.0
2025-05-05,0.0,-1000000.0
2025-05-06,0.0,-1000000.0
2025-05-07,0.0,-1000000.0
2025-05-08,0.0,-1000000.0
2025-05-09,0.0,-1000000.0
2025-05-12,0.0,-1000000.0
2025-05-13,0.0,-1000000.0
2025-05-14,0.0,-1000000.0
2025-05-15,0.0,-1000000.0
2025-05-16,0.0,-1000000.0
2025-05-19,6.053424759985567e-25,-1000000.0
2025-05-20,3.273593592310893e-25,-1000000.0
2025-05-21,2.3045844180069626e-26,-1000000.0
2025-05-22,-6.203848299118215e-24,-1000000.0
2025-05-23,0.0,-1000000.0
2025-05-26,0.0,-1000000.0
2025-05-27,0.0,-1000000.0
2025-05-28,0.0,-1000000.0
2025-05-29,0.0,-1000000.0
2025-05-30,0.0,-1000000.0
2025-06-02,0.0,-1000000.0
2025-06-03,0.0,-1000000.0
2025-06-04,-5.062272047089094e-26,-1000000.0
2025-06-05,5.755537221849096e-26,-1000000.0
2025-06-06,2.4458670512199175e-24,-1000000.0
2025-06-09,0.0,-1000000.0
2025-06-10,0.0,-1000000.0
2025-06-11,0.0,-1000000.0
2025-06-12,0.0,-1000000.0
2025-06-13,0.0,-1000000.0
2025-06-16,2.042279700082921e-26,-1000000.0
2025-06-17,-3.4742807263033944e-24,-1000000.0
2025-06-18,0.0,-1000000.0
2025-06-19,0.0,-1000000.0
2025-06-20,0.0,-1000000.0
2025-06-23,0.0,-1000000.0
2025-06-24,0.0,-1000000.0
2025-06-25,0.0,-1000000.0
2025-06-26,0.0,-1000000.0
2025-06-27,0.0,-1000000.0
2025-06-30,0.0,-1000000.0
2025-07-01,0.0,-1000000.0
2025-07-02,0.0,-1000000.0
2025-07-03,0.0,-1000000.0
2025-07-04,0.0,-1000000.0
2025-07-07,0.0,-1000000.0
2025-07-08,0.0,-1000000.0
2025-07-09,0.0,-1000000.0
2025-07-10,0.0,-1000000.0
2025-07-11,0.0,-1000000.0
2025-07-14,0.0,-1000000.0
2025-07-15,0.0,-1000000.0
2025-07-16,0.0,-1000000.0
2025-07-17,0.0,-1000000.0
2025-07-18,0.0,-1000000.0
2025-07-21,0.0,-1000000.0
2025-07-22,0.0,-1000000.0
2025-07-23,0.0,-1000000.0
2025-07-24,0.0,-1000000.0
2025-07-25,0.0,-1000000.0
2025-07-28,0.0,-1000000.0
2025-07-29,0.0,-1000000.0
2025-07-30,0.0,-1000000.0
2025-07-31,0.0,-1000000.0
2025-08-01,0.0,-1000000.0
2025-08-04,0.0,-1000000.0
2025-08-05,0.0,-1000000.0
2025-08-06,0.0,-1000000.0
2025-08-07,0.0,-1000000.0
2025-08-08,0.0,-1000000.0
2025-08-11,0.0,-1000000.0
2025-08-12,0.0,-1000000.0
2025-08-13,0.0,-1000000.0
2025-08-14,0.0,-1000000.0
2025-08-15,0.0,-1000000.0
2025-08-18,0.0,-1000000.0
2025-08-19,0.0,-1000000.0
2025-08-20,0.0,-1000000.0
2025-08-21,0.0,-1000000.0
2025-08-22,0.0,-1000000.0
2025-08-25,0.0,-1000000.0
2025-08-26,0.0,-1000000.0
2025-08-27,0.0,-1000000.0
2025-08-28,0.0,-1000000.0
2025-08-29,0.0,-1000000.0
2025-09-01,0.0,-1000000.0
2025-09-02,0.0,-1000000.0
2025-09-03,0.0,-1000000.0
2025-09-04,0.0,-1000000.0
2025-09-05,3.001294007771959e-26,-1000000.0
2025-09-08,-2.7625554905085333e-24,-1000000.0
2025-09-09,8.135272629467373e-26,-1000000.0
2025-09-10,-2.661185222774142e-24,-1000000.0
2025-09-11,5.89441759908568e-26,-1000000.0
2025-09-12,5.665018925711827e-27,-1000000.0
2025-09-15,4.317435114556862e-26,-1000000.0
2025-09-16,1.7728771617122828e-26,-1000000.0
2025-09-17,4.7240045905549374e-26,-1000000.0
2025-09-18,9.950362345569785e-25,-1000000.0
2025-09-19,0.0,-1000000.0
2025-09-22,3.910035868577218e-26,-1000000.0
2025-09-23,-6.138919396179441e-24,-1000000.0
2025-09-24,0.0,-1000000.0
2025-09-25,0.0,-1000000.0
2025-09-26,0.0,-1000000.0
2025-09-29,0.0,-1000000.0
2025-09-30,0.0,-1000000.0
2025-10-01,0.0,-1000000.0
2025-10-02,0.0,-1000000.0
2025-10-03,0.0,-1000000.0
2025-10-06,0.0,-1000000.0
2025-10-07,0.0,-1000000.0
2025-10-08,0.0,-1000000.0
2025-10-09,0.0,-1000000.0
2025-10-10,0.0,-1000000.0
2025-10-13,0.0,-1000000.0
2025-10-14,0.0,-1000000.0
2025-10-15,0.0,-1000000.0
2025-10-16,0.0,-1000000.0
2025-10-17,0.0,-1000000.0
2025-10-20,5.694830284719711e-25,-1000000.0
2025-10-21,3.451007238861411e-25,-1000000.0
2025-10-22,5.3812814604066e-25,-1000000.0
2025-10-23,4.361270012686322e-25,-1000000.0
2025-10-24,-4.7007056856713915e-25,-1000000.0
2025-10-27,1.1474037688014066e-25,-1000000.0
2025-10-28,4.9833281028784275e-25,-1000000.0
2025-10-29,-1.1483715826270764e-25,-1000000.0
2025-10-30,-3.704050355557234e-26,-1000000.0
2025-10-31,1.201732779739236e-22,-1000000.0
2025-11-03,1.1285941076992492e-24,-1000000.0
2025-11-04,-7.902803118948252e-23,-1000000.0
2025-11-05,0.0,-1000000.0
2025-11-06,0.0,-1000000.0
2025-11-07,0.0,-1000000.0
2025-11-10,0.0,-1000000.0
2025-11-11,0.0,-1000000.0
2025-11-12,0.0,-1000000.0
2025-11-13,0.0,-1000000.0
2025-11-14,6.246454237479443e-26,-1000000.0
2025-11-17,2.767797207193318e-28,-1000000.0
2025-11-18,-9.659681470315891e-24,-1000000.0
2025-11-19,0.0,-1000000.0
2025-11-20,0.0,-1000000.0
2025-11-21,0.0,-1000000.0
2025-11-24,0.0,-1000000.0
2025-11-25,0.0,-1000000.0
2025-11-26,3.513472341070156e-26,-1000000.0
2025-11-27,3.4792699072347535e-26,-1000000.0
2025-11-28,-4.302401809313197e-25,-1000000.0
2025-12-01,0.0,-1000000.0
2025-12-02,0.0,-1000000.0
2025-12-03,0.0,-1000000.0
2025-12-04,0.0,-1000000.0
2025-12-05,0.0,-1000000.0
2025-12-08,0.0,-1000000.0
2025-12-09,0.0,-1000000.0
2025-12-10,0.0,-1000000.0
2025-12-11,0.0,-1000000.0
2025-12-12,0.0,-1000000.0
2025-12-15,0.0,-1000000.0
2025-12-16,0.0,-1000000.0
2025-12-17,0.0,-1000000.0
2025-12-18,0.0,-1000000.0
2025-12-19,0.0,-1000000.0
2025-12-22,0.0,-1000000.0
2025-12-23,0.0,-1000000.0
2025-12-24,0.0,-1000000.0
2025-12-25,0.0,-1000000.0
2025-12-26,0.0,-1000000.0
2025-12-29,0.0,-1000000.0
2025-12-30,0.0,-1000000.0
2025-12-31,0.0,-1000000.0
2026-01-01,0.0,-1000000.0
2026-01-02,0.0,-1000000.0
2026-01-05,0.0,-1000000.0
2026-01-06,0.0,-1000000.0
2026-01-07,0.0,-1000000.0
2026-01-08,0.0,-1000000.0
2026-01-09,0.0,-1000000.0
2026-01-12,0.0,-1000000.0
2026-01-13,0.0,-1000000.0
2026-01-14,0.0,-1000000.0
2026-01-15,0.0,-1000000.0
2026-01-16,0.0,-1000000.0
2026-01-19,0.0,-1000000.0
2026-01-20,0.0,-1000000.0
2026-01-21,9.356487786314522e-25,-1000000.0
2026-01-22,7.16355376013778e-25,-1000000.0
2026-01-23,2.448518455464908e-25,-1000000.0
2026-01-26,5.807598565113233e-25,-1000000.0
2026-01-27,2.5696295174849776e-23,-1000000.0
2026-01-28,0.0,-1000000.0
2026-01-29,0.0,-1000000.0
2026-01-30,0.0,-1000000.0
2026-02-02,0.0,-1000000.0
2026-02-03,4.088743103268942e-26,-1000000.0
2026-02-04,2.3346577842991776e-26,-1000000.0
2026-02-05,2.9695666618708343e-25,-1000000.0
2026-02-06,0.0,-1000000.0
2026-02-09,0.0,-1000000.0
2026-02-10,0.0,-1000000.0
2026-02-11,0.0,-1000000.0
2026-02-12,0.0,-1000000.0
2026-02-13,0.0,-1000000.0
2026-02-16,0.0,-1000000.0
2026-02-17,0.0,-1000000.0
2026-02-18,0.0,-1000000.0
2026-02-19,-8.426991744035844e-28,-1000000.0
2026-02-20,1.9272773367361494e-26,-1000000.0
2026-02-23,-7.540968954485053e-26,-1000000.0
2026-02-24,-1.221112280249252e-23,-1000000.0
2026-02-25,-2.210484941880493e-23,-1000000.0
2026-02-26,0.0,-1000000.0
2026-02-27,0.0,-1000000.0
