trade_id,date,symbol,action,price,size,pnl,signal,strike,vix
1,2000-01-07,SPY_PUT,BUY_LONG PUT,53.05888320741721,942.3492726852268,-50000.0,Delta:-0.09,4248.13,22.164165945754164
2,2000-01-14,SPY_PUT,BUY_LONG PUT,50.15108799739063,996.4888499049155,-49975.0,Delta:-0.09,4365.38,20.38679916195229
3,2000-01-21,SPY_PUT,BUY_LONG PUT,52.982178540641634,942.7700761999488,-49950.012500000004,Delta:-0.09,4148.73,22.66240954166357
4,2000-01-28,SPY_PUT,BUY_LONG PUT,44.09360332394863,1132.2512502994769,-49925.03749375,Delta:-0.09,3978.19,19.668946911891073
5,2000-02-04,SPY_PUT,BUY_LONG PUT,43.37151480687825,1150.526450302573,-49900.074975003125,Delta:-0.09,3950.67,19.48159197069537
6,2000-02-11,SPY_PUT,BUY_LONG PUT,46.47951554200671,1073.0560410518924,-49875.12493751562,Delta:-0.09,3881.44,21.25005084164651
7,2000-02-18,SPY_PUT,BUY_LONG PUT,29.45342085780912,2031.0111052582818,-59820.224850056235,Delta:-0.09,3932.32,13.291633270960748
8,2000-02-25,SPY_PUT,BUY_LONG PUT,27.9514248866321,2138.8652978381197,-59784.3327151462,Delta:-0.09,3747.14,13.237167286407884
9,2000-03-03,SPY_PUT,BUY_LONG PUT,24.40513905803759,2448.191832606647,-59748.46211551711,Delta:-0.09,3706.79,11.683521086284113
10,2000-03-10,SPY_PUT,BUY_LONG PUT,20.52586984017101,2909.1392230006613,-59712.6130382478,Delta:-0.09,3642.44,10.0
11,2000-03-17,SPY_PUT,BUY_LONG PUT,34.266644870117936,1451.2846164888106,-49730.654558687376,Delta:-0.09,3685.89,16.497591841825084
12,2000-03-24,SPY_PUT,BUY_LONG PUT,38.50405025274323,1290.923653619186,-49705.78923140803,Delta:-0.09,3738.14,18.278573461972325
13,2000-03-31,SPY_PUT,BUY_LONG PUT,44.30082434295335,1121.4449634658945,-49680.93633679233,Delta:-0.09,3646.36,21.55973728389779
14,2000-04-07,SPY_PUT,BUY_LONG PUT,40.150558981830414,1236.7473113162664,-49656.09586862393,Delta:-0.09,3738.86,19.05651979118977
15,2000-04-14,SPY_PUT,BUY_LONG PUT,45.92701458974993,1080.655214888851,-49631.267820689616,Delta:-0.09,3779.09,21.56613731243834
16,2000-04-21,SPY_PUT,BUY_LONG PUT,43.225998804428635,1147.6068467779844,-49606.452186779265,Delta:-0.09,3724.94,20.592839119864855
17,2000-04-28,SPY_PUT,BUY_LONG PUT,47.91653068765641,1034.7503930091168,-49581.64896068588,Delta:-0.09,3741.61,22.725757292599713
18,2000-05-05,SPY_PUT,BUY_LONG PUT,50.53528509650905,980.6387367077285,-49556.858136205534,Delta:-0.09,3778.12,23.7361541340795
19,2000-05-12,SPY_PUT,BUY_LONG PUT,40.02113112999439,1237.6481700692095,-49532.07970713743,Delta:-0.09,3765.77,18.85934171240175
20,2000-05-19,SPY_PUT,BUY_LONG PUT,36.12107122613104,1370.5937278922343,-49507.31366728387,Delta:-0.09,3718.51,17.237839222517344
21,2000-05-26,SPY_PUT,BUY_LONG PUT,38.25665591372921,1293.436627656009,-49482.56001045022,Delta:-0.09,3584.49,18.939612257981747
22,2000-06-02,SPY_PUT,BUY_LONG PUT,47.12766429978571,1049.443452487627,-49457.818730445,Delta:-0.09,3703.91,22.57906640942093
23,2000-06-09,SPY_PUT,BUY_LONG PUT,44.87395395666533,1101.59871066448,-49433.089821079775,Delta:-0.09,3724.83,21.378604925762225
24,2000-06-16,SPY_PUT,BUY_LONG PUT,43.521988713892725,1135.2508177182058,-49408.37327616924,Delta:-0.09,3773.24,20.46844543451079
25,2000-06-23,SPY_PUT,BUY_LONG PUT,46.454872984564176,1063.0460469871514,-49383.669089531155,Delta:-0.09,3798.36,21.703340418883688
26,2000-06-30,SPY_PUT,BUY_LONG PUT,52.84468569357114,934.0386191565749,-49358.97725498639,Delta:-0.09,3812.66,24.596014127658815
27,2000-07-07,SPY_PUT,BUY_LONG PUT,51.698252023844866,954.2740002815641,-49334.297766358904,Delta:-0.09,3681.95,24.916595125527742
28,2000-07-14,SPY_PUT,BUY_LONG PUT,45.484394876763844,1084.0999589216485,-49309.63061747572,Delta:-0.09,3686.84,21.892675062496217
29,2000-07-21,SPY_PUT,BUY_LONG PUT,52.78600993743336,933.6749616154714,-49284.975802166984,Delta:-0.09,3707.03,25.2687731476772
30,2000-07-28,SPY_PUT,BUY_LONG PUT,49.42600921481433,996.648001665917,-49260.3333142659,Delta:-0.09,3668.38,23.909595523284217
31,2000-08-04,SPY_PUT,BUY_LONG PUT,47.991654407544615,1025.9221890852043,-49235.703147608765,Delta:-0.09,3691.59,23.069774462333505
32,2000-08-11,SPY_PUT,BUY_LONG PUT,41.6549708747683,1181.3976642543669,-49211.08529603496,Delta:-0.09,3743.96,19.743627940087265
33,2000-08-18,SPY_PUT,BUY_LONG PUT,52.749993485250606,932.4452289674679,-49186.47975338694,Delta:-0.09,3798.12,24.645872298945427
34,2000-08-25,SPY_PUT,BUY_LONG PUT,47.786994607223086,1028.7712570666529,-49161.88651351025,Delta:-0.09,3900.47,21.741202455354376
35,2000-09-01,SPY_PUT,BUY_LONG PUT,50.991184894620645,963.6431409036991,-49137.30557025349,Delta:-0.09,3850.19,23.501951121412564
36,2000-09-08,SPY_PUT,BUY_LONG PUT,59.412298931731826,826.6425942194519,-49112.73691746837,Delta:-0.09,4080.07,25.84045147248506
37,2000-09-15,SPY_PUT,BUY_LONG PUT,57.96072124689937,846.9214925726209,-49088.18054900963,Delta:-0.09,4033.33,25.50121074206493
38,2000-09-22,SPY_PUT,BUY_LONG PUT,51.11146289015312,959.9341064485063,-49063.63645873513,Delta:-0.09,3977.39,22.803999687541523
39,2000-09-29,SPY_PUT,BUY_LONG PUT,49.4945742549223,990.7975849621286,-49039.10464050576,Delta:-0.09,3960.0,22.179604856649647
40,2000-10-06,SPY_PUT,BUY_LONG PUT,54.434674095697495,900.4294762933026,-49014.5850881855,Delta:-0.09,3896.54,24.790645254901104
41,2000-10-13,SPY_PUT,BUY_LONG PUT,64.46350876335973,759.9660449058084,-48990.07779564141,Delta:-0.09,3979.76,28.744063834267102
42,2000-10-20,SPY_PUT,BUY_LONG PUT,54.15104551743954,904.2407637535649,-48965.58275674359,Delta:-0.09,4202.7,22.864921851899176
43,2000-10-27,SPY_PUT,BUY_LONG PUT,30.267654208257923,1940.33272464224,-58729.31995843826,Delta:-0.09,4360.93,12.316592334480571
44,2000-11-03,SPY_PUT,BUY_LONG PUT,34.94947510370212,1679.3981080490066,-58694.0823664632,Delta:-0.09,4331.16,14.319483856910102
45,2000-11-10,SPY_PUT,BUY_LONG PUT,32.44205066575666,1808.1121480695767,-58658.86591704332,Delta:-0.09,4286.3,13.431262857981235
46,2000-11-17,SPY_PUT,BUY_LONG PUT,30.91705803861715,1896.1594122011486,-58623.67059749309,Delta:-0.09,4292.64,12.781007890396296
47,2000-11-24,SPY_PUT,BUY_LONG PUT,41.78134972720928,1168.5536086008728,-48823.7469959455,Delta:-0.09,4350.06,17.044272261489414
48,2000-12-01,SPY_PUT,BUY_LONG PUT,42.459196304710495,1149.3231000473188,-48799.33512244753,Delta:-0.09,4301.74,17.51534133682933
49,2000-12-08,SPY_PUT,BUY_LONG PUT,49.93067577794283,976.8531007231614,-48774.935454886305,Delta:-0.09,4268.14,20.75964398793119
50,2000-12-15,SPY_PUT,BUY_LONG PUT,41.88849108789688,1163.8172376479963,-48750.54798715886,Delta:-0.09,4308.84,17.251421428078157
51,2000-12-22,SPY_PUT,BUY_LONG PUT,44.22396739181346,1101.8046454643788,-48726.17271316528,Delta:-0.09,4380.56,17.915093417180145
52,2000-12-29,SPY_PUT,BUY_LONG PUT,51.47309788622402,946.1604532616053,-48701.809626808696,Delta:-0.09,4453.53,20.5100383385681
53,2001-01-05,SPY_PUT,BUY_LONG PUT,36.92438946428179,1318.3009774361374,-48677.458721995295,Delta:-0.09,4173.03,15.701929181759454
54,2001-01-12,SPY_PUT,BUY_LONG PUT,44.72801227380911,1087.7550223961903,-48653.119992634296,Delta:-0.09,4109.84,19.31281901203494
55,2001-01-19,SPY_PUT,BUY_LONG PUT,52.13352191829181,932.773993455751,-48628.79343263798,Delta:-0.09,4123.7,22.43471778241497
56,2001-01-26,SPY_PUT,BUY_LONG PUT,51.845667427186044,937.48391038043,-48604.47903592166,Delta:-0.09,4115.24,22.35673587932382
57,2001-02-02,SPY_PUT,BUY_LONG PUT,44.6064677233891,1089.0836974058586,-48580.1767964037,Delta:-0.09,4283.54,18.479325341095638
58,2001-02-09,SPY_PUT,BUY_LONG PUT,43.85338022937601,1107.2324745329308,-48555.8867080055,Delta:-0.09,4193.32,18.55821699042086
59,2001-02-16,SPY_PUT,BUY_LONG PUT,54.76123620570306,886.2401970318781,-48531.60876465149,Delta:-0.09,4193.29,23.174438276752543
60,2001-02-23,SPY_PUT,BUY_LONG PUT,57.22505582496897,847.6591636474035,-48507.34296026917,Delta:-0.09,4297.2,23.631518954990362
61,2001-03-02,SPY_PUT,BUY_LONG PUT,54.379935852052135,891.5620904867145,-48483.08928878904,Delta:-0.09,4298.79,22.44827454208321
62,2001-03-09,SPY_PUT,BUY_LONG PUT,46.89517383239159,1033.3440263456916,-48458.847744144645,Delta:-0.09,4362.8,19.074518859021012
63,2001-03-16,SPY_PUT,BUY_LONG PUT,53.149609879288306,911.2883129391867,-48434.618320272566,Delta:-0.09,4572.32,20.627875607348404
64,2001-03-23,SPY_PUT,BUY_LONG PUT,57.47874805061241,842.231305533744,-48410.40101111244,Delta:-0.09,4609.23,22.129405754869893
65,2001-03-30,SPY_PUT,BUY_LONG PUT,58.760693276892795,823.4449444393194,-48386.19581060688,Delta:-0.09,4667.32,22.341401890083457
66,2001-04-06,SPY_PUT,BUY_LONG PUT,68.53999543966836,705.6026543694732,-48362.00271270158,Delta:-0.09,4784.79,25.419821430979663
67,2001-04-13,SPY_PUT,BUY_LONG PUT,71.44799301685559,676.5455497111255,-48337.82171134523,Delta:-0.09,4758.88,26.642574156368234
68,2001-04-20,SPY_PUT,BUY_LONG PUT,54.06801310843474,893.5718185832967,-48313.65280048956,Delta:-0.09,4681.77,20.493755134241322
69,2001-04-27,SPY_PUT,BUY_LONG PUT,63.13239229966683,764.8925411360366,-48289.49597408931,Delta:-0.09,4613.27,24.28478493005764
70,2001-05-04,SPY_PUT,BUY_LONG PUT,55.03208796391919,877.0401598744825,-48265.35122610227,Delta:-0.09,4425.01,22.069512703883436
71,2001-05-11,SPY_PUT,BUY_LONG PUT,51.8292597722294,930.77189916452,-48241.21855048922,Delta:-0.09,4562.41,20.15910271570532
72,2001-05-18,SPY_PUT,BUY_LONG PUT,43.88818764880793,1098.634975019836,-48217.09794121397,Delta:-0.09,4468.63,17.42867530689542
73,2001-05-25,SPY_PUT,BUY_LONG PUT,47.22433024665243,1020.5118662463105,-48192.98939224336,Delta:-0.09,4639.02,18.064680987113235
74,2001-06-01,SPY_PUT,BUY_LONG PUT,43.27276308024372,1113.145763496181,-48168.892897547245,Delta:-0.09,4597.1,16.704051827211494
75,2001-06-08,SPY_PUT,BUY_LONG PUT,44.76114462279292,1075.5937735019972,-48144.80845109847,Delta:-0.09,4891.3,16.23931406952363
76,2001-06-15,SPY_PUT,BUY_LONG PUT,47.34212611705697,1016.4464504169241,-48120.73604687292,Delta:-0.09,4995.29,16.818127443180774
77,2001-06-22,SPY_PUT,BUY_LONG PUT,54.944711602153916,875.3649673713825,-48096.67567884948,Delta:-0.09,4717.7,20.667429670378198
78,2001-06-29,SPY_PUT,BUY_LONG PUT,52.68330394430529,912.4831539007224,-48072.627341010055,Delta:-0.09,4880.38,19.156231778522585
79,2001-07-06,SPY_PUT,BUY_LONG PUT,61.83415858919001,777.0557912263646,-48048.59102733955,Delta:-0.09,4961.13,22.117637947215325
80,2001-07-13,SPY_PUT,BUY_LONG PUT,64.91301447739156,739.829556807168,-48024.56673182588,Delta:-0.09,4983.7,23.113792529710317
81,2001-07-20,SPY_PUT,BUY_LONG PUT,47.146054391719,1018.1245295659579,-48000.55444845997,Delta:-0.09,4835.92,17.300431330000947
82,2001-07-27,SPY_PUT,BUY_LONG PUT,47.743506060552974,1004.8812525495549,-47976.55417123574,Delta:-0.09,4843.53,17.492166552934332
83,2001-08-03,SPY_PUT,BUY_LONG PUT,57.826211235011456,829.2531167097587,-47952.56589415012,Delta:-0.09,4828.8,21.250874708813296
84,2001-08-10,SPY_PUT,BUY_LONG PUT,59.189732195277294,809.7449985595176,-47928.589611203046,Delta:-0.09,4960.86,21.17290118776263
85,2001-08-17,SPY_PUT,BUY_LONG PUT,67.98951948708934,704.5883788823386,-47904.62531639745,Delta:-0.09,5284.55,22.830988179086503
86,2001-08-24,SPY_PUT,BUY_LONG PUT,52.460157033351244,912.7054837693182,-47880.67300373925,Delta:-0.09,5314.62,17.516544054200452
87,2001-08-31,SPY_PUT,BUY_LONG PUT,67.61195950826158,707.8146087659197,-47856.732667237375,Delta:-0.09,5239.35,22.90008684363239
88,2001-09-07,SPY_PUT,BUY_LONG PUT,71.47802686024863,669.1959249857974,-47832.80430090376,Delta:-0.09,5154.97,24.60578949863458
89,2001-09-14,SPY_PUT,BUY_LONG PUT,72.33719612741125,660.9170725188884,-47808.88789875331,Delta:-0.09,4971.12,25.822496575799793
90,2001-09-21,SPY_PUT,BUY_LONG PUT,73.46941779312208,650.4064533267252,-47784.98345480393,Delta:-0.09,4888.69,26.668873918272933
91,2001-09-28,SPY_PUT,BUY_LONG PUT,69.18514136990622,690.337405075411,-47761.09096307652,Delta:-0.09,4886.57,25.124606031618985
92,2001-10-05,SPY_PUT,BUY_LONG PUT,71.90218203609724,663.9188000390495,-47737.210417594986,Delta:-0.09,4679.78,27.265120595798233
93,2001-10-12,SPY_PUT,BUY_LONG PUT,60.166058660336006,793.0275453432821,-47713.341812386185,Delta:-0.09,4763.94,22.411787367624317
94,2001-10-19,SPY_PUT,BUY_LONG PUT,70.55819197566784,675.8887069828238,-47689.48514147999,Delta:-0.09,4771.24,26.242594131638675
95,2001-10-26,SPY_PUT,BUY_LONG PUT,77.20852044438361,617.3624377797101,-47665.64039890925,Delta:-0.09,4714.5,29.0616581538744
96,2001-11-02,SPY_PUT,BUY_LONG PUT,82.90291990168264,574.6698383508062,-47641.8075787098,Delta:-0.09,5001.26,29.415844528312633
97,2001-11-09,SPY_PUT,BUY_LONG PUT,62.30723091339263,764.2449516190134,-47617.986674920445,Delta:-0.09,4815.19,22.962309579595576
98,2001-11-16,SPY_PUT,BUY_LONG PUT,54.29304689108547,876.6164436683624,-47594.17768158298,Delta:-0.09,4786.49,20.12880673743748
99,2001-11-23,SPY_PUT,BUY_LONG PUT,70.44662158637811,675.2684446962978,-47570.38059274219,Delta:-0.09,4920.11,25.408326047828655
100,2001-11-30,SPY_PUT,BUY_LONG PUT,60.25250080093144,789.1223562576309,-47546.59540244582,Delta:-0.09,4753.9,22.491350810881613
101,2001-12-07,SPY_PUT,BUY_LONG PUT,58.50198737167323,812.3283368618556,-47522.8221047446,Delta:-0.09,4836.34,21.465676868471725
102,2001-12-14,SPY_PUT,BUY_LONG PUT,61.54546333558908,771.7719246777621,-47499.06069369223,Delta:-0.09,4685.38,23.30998745048105
103,2001-12-21,SPY_PUT,BUY_LONG PUT,64.19403258167465,739.5595704778651,-47475.31116334538,Delta:-0.09,4606.23,24.73088332226737
104,2001-12-28,SPY_PUT,BUY_LONG PUT,70.80390741147035,670.1829777840265,-47451.57350776371,Delta:-0.09,4673.76,26.8832404554703
105,2002-01-04,SPY_PUT,BUY_LONG PUT,55.04742786408414,861.5815408871131,-47427.84772100982,Delta:-0.09,4568.52,21.382224861253995
106,2002-01-11,SPY_PUT,BUY_LONG PUT,58.543573633482985,809.7239518367452,-47404.13379714932,Delta:-0.09,4357.25,23.842825499913044
107,2002-01-18,SPY_PUT,BUY_LONG PUT,53.624485255738286,883.5596557112056,-47380.43173025074,Delta:-0.09,4209.82,22.604299325162955
108,2002-01-25,SPY_PUT,BUY_LONG PUT,61.39892741238632,771.2959087430589,-47356.74151438562,Delta:-0.09,4175.36,26.09502657005906
109,2002-02-01,SPY_PUT,BUY_LONG PUT,53.81929170268106,879.4813466723955,-47333.063143628424,Delta:-0.09,4139.89,23.06960151588348
110,2002-02-08,SPY_PUT,BUY_LONG PUT,44.71845408795016,1057.9390002841044,-47309.39661205661,Delta:-0.09,4111.55,19.30064602153389
111,2002-02-15,SPY_PUT,BUY_LONG PUT,48.75436138427754,969.8771673173723,-47285.74191375058,Delta:-0.09,4200.02,20.59932583328592
112,2002-02-22,SPY_PUT,BUY_LONG PUT,47.354210927899864,998.0548322250285,-47262.09904279371,Delta:-0.09,4136.24,20.316275695541634
113,2002-03-01,SPY_PUT,BUY_LONG PUT,50.00888275078964,944.6015466627559,-47238.46799327231,Delta:-0.09,4349.78,20.401926471327062
114,2002-03-08,SPY_PUT,BUY_LONG PUT,50.00005434433646,944.2959488427782,-47214.84875927567,Delta:-0.09,4067.41,21.81443438417801
115,2002-03-15,SPY_PUT,BUY_LONG PUT,52.912946744681825,891.8656819966113,-47191.24133489603,Delta:-0.09,4202.13,22.345183122142203
116,2002-03-22,SPY_PUT,BUY_LONG PUT,44.022835735858415,1071.4358792613762,-47167.64571422859,Delta:-0.09,4129.34,18.918590729117973
117,2002-03-29,SPY_PUT,BUY_LONG PUT,56.78473237187559,830.2242508185358,-47144.06189137147,Delta:-0.09,4285.42,23.514129162712052
118,2002-04-05,SPY_PUT,BUY_LONG PUT,50.071218810033216,941.0693604083756,-47120.48986042578,Delta:-0.09,4234.13,20.98527809097245
119,2002-04-12,SPY_PUT,BUY_LONG PUT,63.50082107900887,741.6743408230377,-47096.92961549557,Delta:-0.09,4312.46,26.130377557581014
120,2002-04-19,SPY_PUT,BUY_LONG PUT,63.56776098808757,740.5228754165063,-47073.38115068782,Delta:-0.09,4223.23,26.71058437419709
121,2002-04-26,SPY_PUT,BUY_LONG PUT,63.062485261266126,746.0829408353679,-47049.84446011248,Delta:-0.09,4354.81,25.69759754880222
122,2002-05-03,SPY_PUT,BUY_LONG PUT,45.44540989477903,1034.7870037208095,-47026.319537882424,Delta:-0.09,4337.03,18.594673225540518
123,2002-05-10,SPY_PUT,BUY_LONG PUT,39.88316840282654,1178.512346445935,-47002.806378113484,Delta:-0.09,4457.45,15.877921680239899
124,2002-05-17,SPY_PUT,BUY_LONG PUT,41.74009431121456,1125.5198568706207,-46979.304974924424,Delta:-0.09,4552.19,16.2713522554216
125,2002-05-24,SPY_PUT,BUY_LONG PUT,58.60066196959167,801.2847251930823,-46955.81532243697,Delta:-0.09,4809.67,21.621114538193485
126,2002-05-31,SPY_PUT,BUY_LONG PUT,49.69805944643028,944.3494964901855,-46932.33741477574,Delta:-0.09,4787.02,18.423196464387157
127,2002-06-07,SPY_PUT,BUY_LONG PUT,64.48136356217985,727.4795174086819,-46908.87124606836,Delta:-0.09,4691.67,24.389185038728797
128,2002-06-14,SPY_PUT,BUY_PUT SPREAD,77.06470871590757,425.87316962812463,-32819.79176731172,Delta:-0.09,4511.68,30.3115821385704
129,2002-06-21,SPY_PUT,BUY_LONG PUT,70.26539358227693,667.0283125886234,-46869.006914561665,Delta:-0.09,4479.74,27.834235138491483
130,2002-06-28,SPY_PUT,BUY_LONG PUT,50.094821098167436,935.1380319195927,-46845.57241110438,Delta:-0.09,4348.64,20.44234660513087
131,2002-07-05,SPY_PUT,BUY_LONG PUT,36.516230889804355,1538.6741232805152,-56186.57954987859,Delta:-0.09,4576.54,14.159222514167102
132,2002-07-12,SPY_PUT,BUY_LONG PUT,45.78205248231677,1022.1048161437935,-46794.05633512389,Delta:-0.09,4586.77,17.712463054604655
133,2002-07-19,SPY_PUT,BUY_LONG PUT,31.82308980068426,1763.6499635915552,-56124.79116834759,Delta:-0.09,4460.51,12.66045087207015
134,2002-07-26,SPY_PUT,BUY_LONG PUT,30.757167157017648,1823.6762835568443,-56091.11629364658,Delta:-0.09,4454.05,12.254119402088612
135,2002-08-02,SPY_PUT,BUY_LONG PUT,42.38201097132632,1102.2259275245387,-46714.551353225324,Delta:-0.09,4303.49,17.476383545188337
136,2002-08-09,SPY_PUT,BUY_LONG PUT,49.936085059436074,935.0191153746805,-46691.19407754872,Delta:-0.09,4416.2,20.065802687166443
137,2002-08-16,SPY_PUT,BUY_LONG PUT,63.21741553273687,738.2119007434461,-46667.84848050994,Delta:-0.09,4333.19,25.88927479698525
138,2002-08-23,SPY_PUT,BUY_PUT SPREAD,80.39528686353879,406.1327655290309,-32651.16018938878,Delta:-0.09,4403.24,32.40029748321557
139,2002-08-30,SPY_PUT,BUY_LONG PUT,65.2752010380323,714.3323687200487,-46628.18897617499,Delta:-0.09,4456.92,25.989905153874805
140,2002-09-06,SPY_PUT,BUY_LONG PUT,63.48525911876351,734.105452645345,-46604.874881686905,Delta:-0.09,4434.93,25.402524765179546
141,2002-09-13,SPY_PUT,BUY_LONG PUT,62.99031620751172,739.5037086461097,-46581.57244424606,Delta:-0.09,4275.04,26.147134606941737
142,2002-09-20,SPY_PUT,BUY_LONG PUT,51.443786983429156,905.0321601133502,-46558.28165802394,Delta:-0.09,4315.16,21.15570229934471
143,2002-09-27,SPY_PUT,BUY_LONG PUT,43.21807830655044,1076.7485353494246,-46535.002517194924,Delta:-0.09,4315.89,17.769935840914684
144,2002-10-04,SPY_PUT,BUY_LONG PUT,45.68456688480986,1018.1060736158911,-46511.73501593633,Delta:-0.09,4369.6,18.553202192063125
145,2002-10-11,SPY_PUT,BUY_LONG PUT,51.3480368163908,905.3603999440302,-46488.47914842836,Delta:-0.09,4278.64,21.296561707700395
146,2002-10-18,SPY_PUT,BUY_LONG PUT,50.58462841527169,918.5643220980173,-46465.234908854145,Delta:-0.09,4224.93,21.246646314406963
147,2002-10-25,SPY_PUT,BUY_LONG PUT,59.44094971102169,781.3132616013422,-46442.002291399716,Delta:-0.09,4176.32,25.25709557872753
148,2002-11-01,SPY_PUT,BUY_LONG PUT,57.066281920338035,813.4187076538918,-46418.78129025402,Delta:-0.09,4406.69,22.980435690318984
149,2002-11-08,SPY_PUT,BUY_LONG PUT,50.864556754055286,912.1395105032524,-46395.57189960889,Delta:-0.09,4244.84,21.26397625561284
150,2002-11-15,SPY_PUT,BUY_LONG PUT,39.90352525437456,1162.1122148493723,-46372.37411365908,Delta:-0.09,4083.5,17.340818514658288
151,2002-11-22,SPY_PUT,BUY_LONG PUT,43.446227773819956,1066.817311917045,-46349.18792660226,Delta:-0.09,3936.12,19.587294387947942
152,2002-11-29,SPY_PUT,BUY_LONG PUT,52.52141118944445,882.0405294431498,-46326.013332638955,Delta:-0.09,4091.97,22.776929065877688
153,2002-12-06,SPY_PUT,BUY_LONG PUT,50.25195347221436,921.413937700446,-46302.850325972635,Delta:-0.09,4254.35,20.960937861716154
154,2002-12-13,SPY_PUT,BUY_LONG PUT,54.72111759013332,845.7374582048791,-46279.69890080965,Delta:-0.09,4373.48,22.203356536107687
155,2002-12-20,SPY_PUT,BUY_LONG PUT,74.43141448570297,621.4655380524088,-46256.55905135925,Delta:-0.09,4504.26,29.324025958011973
156,2002-12-27,SPY_PUT,BUY_LONG PUT,70.52992235366892,655.5151236378545,-46233.43077183356,Delta:-0.09,4401.92,28.43298289431284
157,2003-01-03,SPY_PUT,BUY_LONG PUT,61.6293904082649,749.8096890189352,-46210.31405644765,Delta:-0.09,4427.15,24.70329155350835
158,2003-01-10,SPY_PUT,BUY_LONG PUT,61.278873949989396,753.7215670299929,-46187.20889941942,Delta:-0.09,4465.89,24.349704069706366
159,2003-01-17,SPY_PUT,BUY_LONG PUT,50.68379149249211,910.8260044398629,-46164.115294969706,Delta:-0.09,4393.3,20.472402425280332
160,2003-01-24,SPY_PUT,BUY_LONG PUT,69.21429779963395,666.6401986897893,-46141.033237322226,Delta:-0.09,4491.2,27.347933622135418
161,2003-01-31,SPY_PUT,BUY_LONG PUT,64.13144420169306,719.1162353316544,-46117.96272070357,Delta:-0.09,4475.32,25.429482996257146
162,2003-02-07,SPY_PUT,BUY_LONG PUT,68.64847211767993,671.4629228794124,-46094.903739343215,Delta:-0.09,4468.81,27.260233437398483
163,2003-02-14,SPY_PUT,BUY_LONG PUT,77.19128195185976,596.8531046835858,-46071.85628747354,Delta:-0.09,4584.62,29.87826647478055
164,2003-02-21,SPY_PUT,BUY_PUT SPREAD,82.01680540946472,393.0191390728204,-32234.174251530865,Delta:-0.09,4634.53,31.404222846335333
165,2003-02-28,SPY_PUT,BUY_LONG PUT,68.64984680238446,670.5434231297535,-46032.70327220404,Delta:-0.09,4773.72,25.519572515957837
166,2003-03-07,SPY_PUT,BUY_LONG PUT,60.415499415219884,761.5543588302635,-46009.68692056794,Delta:-0.09,4883.31,21.954562782892157
167,2003-03-14,SPY_PUT,BUY_LONG PUT,51.553415700891975,892.0200815386902,-45986.68207710765,Delta:-0.09,4655.21,19.65210546789852
168,2003-03-21,SPY_PUT,BUY_LONG PUT,54.9818175068501,835.9797987824348,-45963.688736069096,Delta:-0.09,4747.73,20.550560505277236
169,2003-03-28,SPY_PUT,BUY_LONG PUT,56.129476471704926,818.4773808617285,-45940.70689170106,Delta:-0.09,4755.42,20.9456047921611
170,2003-04-04,SPY_PUT,BUY_LONG PUT,47.383108082037054,969.0739674306556,-45917.73653825521,Delta:-0.09,4879.8,17.231090265458818
171,2003-04-11,SPY_PUT,BUY_LONG PUT,58.599728611772086,783.1909593650624,-45894.77766998608,Delta:-0.09,4931.41,21.08701405503635
172,2003-04-18,SPY_PUT,BUY_LONG PUT,57.665282489773055,795.4843590558402,-45871.83028115108,Delta:-0.09,4886.2,20.942788671024605
173,2003-04-25,SPY_PUT,BUY_LONG PUT,65.76951475252682,697.1146820609472,-45848.89436601051,Delta:-0.09,4975.01,23.459656958554447
174,2003-05-02,SPY_PUT,BUY_LONG PUT,68.32046106625084,670.7503023785177,-45825.969918827504,Delta:-0.09,5156.43,23.512181681745993
175,2003-05-09,SPY_PUT,BUY_LONG PUT,53.79559229257601,851.4276910413176,-45803.056933868094,Delta:-0.09,4971.99,19.200270028367353
176,2003-05-16,SPY_PUT,BUY_LONG PUT,49.09734125986915,932.4365481032805,-45780.15540540116,Delta:-0.09,5139.18,16.95334622704552
177,2003-05-23,SPY_PUT,BUY_LONG PUT,45.805924518837685,998.9377096598232,-45757.26532769846,Delta:-0.09,5347.8,15.199790854138623
178,2003-05-30,SPY_PUT,BUY_LONG PUT,60.87465504687116,751.2878169054243,-45734.386695034606,Delta:-0.09,5600.93,19.287104692046057
179,2003-06-06,SPY_PUT,BUY_LONG PUT,58.8026455243618,777.3718188027597,-45711.519501687086,Delta:-0.09,5949.36,17.53950959162744
180,2003-06-13,SPY_PUT,BUY_LONG PUT,67.95731291958967,672.3141598608711,-45688.663741936245,Delta:-0.09,6028.5,20.00404279199064
181,2003-06-20,SPY_PUT,BUY_LONG PUT,56.01783721339922,815.2014015839621,-45665.819410065276,Delta:-0.09,6142.19,16.184293494156236
182,2003-06-27,SPY_PUT,BUY_LONG PUT,56.01792649328462,814.7925022864223,-45642.986500360246,Delta:-0.09,6315.97,15.73903533737883
183,2003-07-04,SPY_PUT,BUY_LONG PUT,57.01596209561222,800.1297063199231,-45620.165007110074,Delta:-0.09,6448.17,15.691018858268517
184,2003-07-11,SPY_PUT,BUY_LONG PUT,75.78132789235809,601.6964362167719,-45597.354924606516,Delta:-0.09,6518.54,20.63017813946301
185,2003-07-18,SPY_PUT,BUY_LONG PUT,91.3387456714366,498.96192368444423,-45574.55624714421,Delta:-0.09,6578.13,24.640168212936032
186,2003-07-25,SPY_PUT,BUY_LONG PUT,105.19703659713417,433.0138038342953,-45551.76896902064,Delta:-0.09,6568.52,28.420181196274573
187,2003-08-01,SPY_PUT,BUY_LONG PUT,76.7291695312324,593.3726816371143,-45528.99308453613,Delta:-0.09,6428.35,21.181252721778034
188,2003-08-08,SPY_PUT,BUY_LONG PUT,77.6606705325471,585.962344594005,-45506.22858799386,Delta:-0.09,6347.72,21.71071684822907
189,2003-08-15,SPY_PUT,BUY_LONG PUT,82.34538975363968,552.349993239172,-45483.47547369986,Delta:-0.09,6507.62,22.454740112098715
190,2003-08-22,SPY_PUT,BUY_LONG PUT,64.68223620531661,702.8318191050162,-45460.73373596301,Delta:-0.09,6277.03,18.28613355928872
191,2003-08-29,SPY_PUT,BUY_LONG PUT,79.29759126470216,573.0060982233252,-45438.00336909503,Delta:-0.09,6299.99,22.336306958905066
192,2003-09-05,SPY_PUT,BUY_LONG PUT,105.06528899434726,432.25773994543454,-45415.28436741048,Delta:-0.09,6532.3,28.54199952636018
193,2003-09-12,SPY_PUT,BUY_LONG PUT,77.5677690599044,585.1989463583874,-45392.576725226776,Delta:-0.09,6761.27,20.35842299587045
194,2003-09-19,SPY_PUT,BUY_LONG PUT,71.64213100234483,633.2849093416725,-45369.880436864165,Delta:-0.09,6857.45,18.539457045809527
195,2003-09-26,SPY_PUT,BUY_LONG PUT,72.5136679212237,625.3606636739067,-45347.195496645734,Delta:-0.09,6797.82,18.929590863036733
196,2003-10-03,SPY_PUT,BUY_LONG PUT,47.224479702373365,1151.7210273455578,-54389.426278676896,Delta:-0.09,6363.2,13.169904377909226
197,2003-10-10,SPY_PUT,BUY_LONG PUT,43.22200249443448,1257.6185619791447,-54356.79262290969,Delta:-0.09,6384.33,12.013799286208243
198,2003-10-17,SPY_PUT,BUY_LONG PUT,56.10718630937668,806.8511676886752,-45270.148789446626,Delta:-0.09,6470.07,15.388651754977007
199,2003-10-24,SPY_PUT,BUY_LONG PUT,36.731432440648454,1478.2166893653473,-54297.01645806228,Delta:-0.09,6190.51,10.529374249695678
200,2003-10-31,SPY_PUT,BUY_LONG PUT,50.979510452395765,1064.4362365711438,-54264.43824818744,Delta:-0.09,6359.33,14.22575198378187
201,2003-11-07,SPY_PUT,BUY_LONG PUT,45.32554299714566,1196.4970742579683,-54231.87958523852,Delta:-0.09,6554.43,12.271529570576021
202,2003-11-14,SPY_PUT,BUY_LONG PUT,63.75493106232746,708.433313240529,-45166.117047906155,Delta:-0.09,6755.79,16.746674308247812
203,2003-11-21,SPY_PUT,BUY_LONG PUT,76.99504437680037,586.3173968503427,-45143.5339893822,Delta:-0.09,7149.51,19.11072801319746
204,2003-11-28,SPY_PUT,BUY_LONG PUT,78.63849920055372,573.7770008468041,-45120.96222238751,Delta:-0.09,7085.44,19.695163079471882
205,2003-12-05,SPY_PUT,BUY_LONG PUT,100.29782604079529,449.6448579347366,-45098.40174127632,Delta:-0.09,7422.95,23.977612260654652
206,2003-12-12,SPY_PUT,BUY_LONG PUT,76.67015389745045,587.9191608340388,-45075.85254040568,Delta:-0.09,7446.9,18.270140318258203
207,2003-12-19,SPY_PUT,BUY_LONG PUT,44.40276894955997,1217.5812188284342,-54063.97753696258,Delta:-0.09,7333.44,10.744673174728103
208,2003-12-26,SPY_PUT,BUY_LONG PUT,48.8951413344177,1105.0492477543394,-54031.53915044039,Delta:-0.09,7354.48,11.7979001016302
209,2004-01-02,SPY_PUT,BUY_LONG PUT,47.79559728153667,1129.7927695907224,-53999.12022695012,Delta:-0.09,7549.04,11.235360496965692
210,2004-01-09,SPY_PUT,BUY_LONG PUT,49.641599017041,1087.12696253576,-53966.720754813956,Delta:-0.09,7816.33,11.27025515103363
211,2004-01-16,SPY_PUT,BUY_LONG PUT,49.34826882664349,1092.9327817319809,-53934.34072236106,Delta:-0.09,7821.77,11.195868269758462
212,2004-01-23,SPY_PUT,BUY_LONG PUT,44.46602532967199,1212.2059419140187,-53901.980117927655,Delta:-0.09,7890.77,10.0
213,2004-01-30,SPY_PUT,BUY_LONG PUT,58.908231210690104,914.4670926748373,-53869.63892985689,Delta:-0.09,7616.6,13.724784638860765
214,2004-02-06,SPY_PUT,BUY_LONG PUT,51.98388363325527,1035.6540024273606,-53837.31714649899,Delta:-0.09,7499.48,12.30065938597244
215,2004-02-13,SPY_PUT,BUY_LONG PUT,42.41527533390571,1268.5291874835646,-53805.01475621109,Delta:-0.09,7526.85,10.0
216,2004-02-20,SPY_PUT,BUY_LONG PUT,49.62716921481939,1083.5341325755096,-53772.731747357364,Delta:-0.09,7522.86,11.706504691289577
217,2004-02-27,SPY_PUT,BUY_LONG PUT,55.08261847249885,975.6338677897094,-53740.468108308945,Delta:-0.09,7661.57,12.758155871196388
218,2004-03-05,SPY_PUT,BUY_LONG PUT,84.35347928711298,530.5869250182111,-44756.85318953663,Delta:-0.09,7784.55,19.229160834025194
219,2004-03-12,SPY_PUT,BUY_LONG PUT,71.9684997278534,621.5840948762842,-44734.47476294186,Delta:-0.09,7924.68,16.115792297677565
220,2004-03-19,SPY_PUT,BUY_LONG PUT,82.2745431231185,543.4500858746992,-44712.107525560394,Delta:-0.09,7862.72,18.56879516684359
221,2004-03-26,SPY_PUT,BUY_LONG PUT,75.302657422488,593.4684512003915,-44689.751471797616,Delta:-0.09,7980.79,16.743858003848874
222,2004-04-02,SPY_PUT,BUY_LONG PUT,94.08767448729026,474.7423808640904,-44667.406596061715,Delta:-0.09,7970.55,20.947651850010402
223,2004-04-09,SPY_PUT,BUY_LONG PUT,86.0418118170194,518.8764851640738,-44645.07289276369,Delta:-0.09,8127.62,18.786111291795347
224,2004-04-16,SPY_PUT,BUY_LONG PUT,117.23535552740383,380.6253681372316,-44622.75035631731,Delta:-0.09,8531.96,24.383772239563555
225,2004-04-23,SPY_PUT,BUY_LONG PUT,125.33496543385907,355.84993243306394,-44600.43898113915,Delta:-0.09,8898.47,24.99469640776249
226,2004-04-30,SPY_PUT,BUY_LONG PUT,103.41839338087075,431.04652184525406,-44578.13876164858,Delta:-0.09,8765.99,20.93572342152765
227,2004-05-07,SPY_PUT,BUY_LONG PUT,104.29357628185672,427.21566639784356,-44555.84969226775,Delta:-0.09,9049.19,20.452139354240643
228,2004-05-14,SPY_PUT,BUY_LONG PUT,96.26940919999672,462.5931761449216,-44533.571767421614,Delta:-0.09,9303.3,18.36293176585102
229,2004-05-21,SPY_PUT,BUY_LONG PUT,105.28632389247844,422.7643566223681,-44511.304981537905,Delta:-0.09,9411.54,19.85190302334233
230,2004-05-28,SPY_PUT,BUY_LONG PUT,91.83316447079561,484.45514847955997,-44489.049329047135,Delta:-0.09,9222.61,17.66999987406201
231,2004-06-04,SPY_PUT,BUY_LONG PUT,74.19496922037561,719.1884615083205,-53360.16576525913,Delta:-0.09,8855.87,14.867371087658126
232,2004-06-11,SPY_PUT,BUY_LONG PUT,68.90251940141724,773.9651630895673,-53328.14966579997,Delta:-0.09,9215.19,13.268501363297332
233,2004-06-18,SPY_PUT,BUY_LONG PUT,80.1798627462648,553.9228819487607,-44413.46064666708,Delta:-0.09,8981.82,15.841339177516964
234,2004-06-25,SPY_PUT,BUY_LONG PUT,71.71974821828721,742.745283174736,-53269.504699612495,Delta:-0.09,9643.03,13.198239092642577
235,2004-07-02,SPY_PUT,BUY_LONG PUT,63.215300385397406,842.1623036231033,-53237.54299679273,Delta:-0.09,9690.72,11.57595944851662
236,2004-07-09,SPY_PUT,BUY_LONG PUT,94.43664147040495,469.4999705849389,-44338.000392495545,Delta:-0.09,9227.6,18.16112084877505
237,2004-07-16,SPY_PUT,BUY_LONG PUT,103.64491270122176,427.5736284331581,-44315.8313922993,Delta:-0.09,9229.09,19.928755476257074
238,2004-07-23,SPY_PUT,BUY_LONG PUT,112.51254479419913,393.67764330299656,-44293.673476603144,Delta:-0.09,9162.73,21.790483910201274
239,2004-07-30,SPY_PUT,BUY_LONG PUT,96.11200845331624,460.6243002545153,-44271.526639864845,Delta:-0.09,8836.63,19.30109154696399
240,2004-08-06,SPY_PUT,BUY_LONG PUT,92.9808730052358,475.89777818125253,-44249.390876544916,Delta:-0.09,9121.57,18.08901074974865
241,2004-08-13,SPY_PUT,BUY_LONG PUT,81.65352558711615,541.6455182197928,-44227.26618110664,Delta:-0.09,9175.76,15.791510896034675
242,2004-08-20,SPY_PUT,BUY_LONG PUT,102.64141490720863,430.6755960835016,-44205.152548016085,Delta:-0.09,9077.85,20.064598057583638
243,2004-08-27,SPY_PUT,BUY_LONG PUT,99.62412832747486,443.49748111730327,-44183.04997174208,Delta:-0.09,8865.57,19.941086782515757
244,2004-09-03,SPY_PUT,BUY_LONG PUT,98.51844296650785,448.2506738537178,-44160.95844675621,Delta:-0.09,9107.81,19.19529265613263
245,2004-09-10,SPY_PUT,BUY_LONG PUT,103.56864922044363,426.1799135140228,-44138.87796753283,Delta:-0.09,9115.22,20.162850940855837
246,2004-09-17,SPY_PUT,BUY_LONG PUT,112.13303785921201,393.4327417753515,-44116.80852854907,Delta:-0.09,9452.15,21.052019469707055
247,2004-09-24,SPY_PUT,BUY_LONG PUT,129.64842858490303,340.1101780065804,-44094.750124284794,Delta:-0.09,9434.45,24.386053326860353
248,2004-10-01,SPY_PUT,BUY_LONG PUT,126.36129771490477,348.7832393796642,-44072.70274922265,Delta:-0.09,10023.13,22.371837857028833
249,2004-10-08,SPY_PUT,BUY_LONG PUT,106.21317527272896,414.7382496073289,-44050.666397848036,Delta:-0.09,9698.34,19.434443403794663
250,2004-10-15,SPY_PUT,BUY_LONG PUT,105.06279748343744,419.0697575094551,-44028.64106464911,Delta:-0.09,9333.14,19.976174387643795
251,2004-10-22,SPY_PUT,BUY_LONG PUT,69.92536129391165,755.2045654934369,-52807.95209294014,Delta:-0.09,9429.47,13.159470068452606
252,2004-10-29,SPY_PUT,BUY_LONG PUT,88.21970061551613,498.53062820681413,-43980.22276807032,Delta:-0.09,9452.64,16.5616456415413
253,2004-11-05,SPY_PUT,BUY_LONG PUT,103.45241694657037,424.9125728922235,-43958.23265668628,Delta:-0.09,9510.11,19.30394884727954
254,2004-11-12,SPY_PUT,BUY_LONG PUT,90.20039547297753,487.09601892511074,-43936.25354035794,Delta:-0.09,9301.87,17.207944077912636
255,2004-11-19,SPY_PUT,BUY_LONG PUT,113.32126441696217,387.5202561454527,-43914.28541358776,Delta:-0.09,9480.85,21.21071050996404
256,2004-11-26,SPY_PUT,BUY_LONG PUT,119.36613106435917,367.7117443574958,-43892.32827088097,Delta:-0.09,9807.24,21.59857568378751
257,2004-12-03,SPY_PUT,BUY_LONG PUT,112.58242305505517,389.6734580431973,-43870.38210674553,Delta:-0.09,9918.88,20.141830304006337
258,2004-12-10,SPY_PUT,BUY_LONG PUT,66.97250266661524,785.6677621972743,-52618.136298830585,Delta:-0.09,9248.41,12.850513055189134
259,2004-12-17,SPY_PUT,BUY_LONG PUT,89.70277253045225,488.52601331431555,-43822.137847542734,Delta:-0.09,9689.1,16.429086963755815
260,2004-12-24,SPY_PUT,BUY_LONG PUT,122.55985512900698,357.3782518958975,-43800.22677861896,Delta:-0.09,9829.91,22.125331565368292
261,2004-12-31,SPY_PUT,BUY_LONG PUT,100.81058299320713,434.2632029831585,-43778.32666522966,Delta:-0.09,9831.45,18.19614777737564
262,2005-01-07,SPY_PUT,BUY_LONG PUT,126.34114910673254,346.33559858579224,-43756.437501897046,Delta:-0.09,9922.06,22.59611742140596
263,2005-01-14,SPY_PUT,BUY_LONG PUT,145.7139820296606,300.13975785963885,-43734.559283146096,Delta:-0.09,10265.35,25.18943525116415
264,2005-01-21,SPY_PUT,BUY_LONG PUT,130.07019808065206,336.0700041096253,-43712.69200350452,Delta:-0.09,9855.51,23.42015987668682
265,2005-01-28,SPY_PUT,BUY_LONG PUT,135.41632991901233,322.64081949077115,-43690.83565750277,Delta:-0.09,9992.47,24.04855744845894
266,2005-02-04,SPY_PUT,BUY_LONG PUT,118.10109383310862,369.7594054580365,-43668.99023967402,Delta:-0.09,9571.67,21.895604449461374
267,2005-02-11,SPY_PUT,BUY_LONG PUT,123.32128554618271,353.93043099772683,-43647.155744554184,Delta:-0.09,10073.56,21.724320385812725
268,2005-02-18,SPY_PUT,BUY_LONG PUT,76.3643436109284,685.5345849201601,-52350.398600018285,Delta:-0.09,9907.23,13.678207435794434
269,2005-02-25,SPY_PUT,BUY_LONG PUT,89.3717572218972,487.8404355319037,-43599.15696738189,Delta:-0.09,10248.73,15.474656205413012
270,2005-03-04,SPY_PUT,BUY_LONG PUT,65.9015209087368,793.499575512,-52292.82886667784,Delta:-0.09,9696.84,12.060240396349291
271,2005-03-11,SPY_PUT,BUY_LONG PUT,74.29023955623826,703.4767081319683,-52261.45316935783,Delta:-0.09,9448.2,13.953188014435916
272,2005-03-18,SPY_PUT,BUY_LONG PUT,101.10097978864331,430.5109637796938,-43525.08024788018,Delta:-0.09,9009.97,19.912360424304698
273,2005-03-25,SPY_PUT,BUY_LONG PUT,103.37876961300215,420.8148140146248,-43503.31770775624,Delta:-0.09,9117.69,20.120429494407368
274,2005-04-01,SPY_PUT,BUY_LONG PUT,110.06526874649538,395.0525587599301,-43481.566048902365,Delta:-0.09,8862.69,22.038168018109914
275,2005-04-08,SPY_PUT,BUY_LONG PUT,120.6457262476585,360.2268113224722,-43459.82526587791,Delta:-0.09,8874.17,24.12544383149395
276,2005-04-15,SPY_PUT,BUY_LONG PUT,132.10755628968826,328.80856003416636,-43438.09535324498,Delta:-0.09,9031.58,25.95702425890695
277,2005-04-22,SPY_PUT,BUY_LONG PUT,142.09760547000818,305.53911279477563,-43416.37630556835,Delta:-0.09,9314.12,27.072964028583918
278,2005-04-29,SPY_PUT,BUY_LONG PUT,145.04065565679426,299.18968527072286,-43394.66811741557,Delta:-0.09,9600.6,26.809114405832926
279,2005-05-06,SPY_PUT,BUY_LONG PUT,144.32656630360205,300.51966103120947,-43372.97078335687,Delta:-0.09,9792.61,26.154050998297482
280,2005-05-13,SPY_PUT,BUY_LONG PUT,71.05432971955278,732.137525790253,-52021.54115755822,Delta:-0.09,9617.08,13.111068739073902
281,2005-05-20,SPY_PUT,BUY_LONG PUT,55.82704516947827,931.2749416529715,-51990.32823286368,Delta:-0.09,9906.85,10.0
282,2005-05-27,SPY_PUT,BUY_LONG PUT,91.10029600785168,475.2924003621034,-43299.27836326997,Delta:-0.09,9769.03,16.54852764135936
283,2005-06-03,SPY_PUT,BUY_LONG PUT,86.49992824403576,600.3837867054743,-51933.154468906,Delta:-0.09,10242.63,14.98632490099211
284,2005-06-10,SPY_PUT,BUY_LONG PUT,125.53942680818159,344.5265224361779,-43251.66214685389,Delta:-0.09,10665.73,20.887218108214704
285,2005-06-17,SPY_PUT,BUY_LONG PUT,110.21409953833796,392.2368961581262,-43230.03631578045,Delta:-0.09,10594.95,18.459892075647023
286,2005-06-24,SPY_PUT,BUY_LONG PUT,125.51856291909924,344.2392925217905,-43208.42129762257,Delta:-0.09,10414.93,21.3866373792038
287,2005-07-01,SPY_PUT,BUY_LONG PUT,129.06898226740662,334.6026003172381,-43186.81708697375,Delta:-0.09,10580.8,21.646821589275365
288,2005-07-08,SPY_PUT,BUY_LONG PUT,130.92330371244782,329.69855216330166,-43165.223678430266,Delta:-0.09,10962.13,21.194003023578503
289,2005-07-15,SPY_PUT,BUY_LONG PUT,135.84586285867292,317.5926020763362,-43143.64106659105,Delta:-0.09,11121.6,21.675545095027555
290,2005-07-22,SPY_PUT,BUY_LONG PUT,123.08702014389328,350.3380713550987,-43122.069246057756,Delta:-0.09,11222.05,19.4639499530488
291,2005-07-29,SPY_PUT,BUY_LONG PUT,168.04487547105595,256.4821336599364,-43100.50821143473,Delta:-0.09,11988.03,24.87530591414372
292,2005-08-05,SPY_PUT,BUY_LONG PUT,142.14272221771793,303.06833361011337,-43078.95795732901,Delta:-0.09,12194.06,20.685564793700067
293,2005-08-12,SPY_PUT,BUY_LONG PUT,108.46566479481156,396.96818859501417,-43057.418478350344,Delta:-0.09,11774.25,16.347451132256456
294,2005-08-19,SPY_PUT,BUY_LONG PUT,120.54854284591347,357.00049750182495,-43035.88976911117,Delta:-0.09,12058.11,17.74082268195482
295,2005-08-26,SPY_PUT,BUY_LONG PUT,131.35367121264193,327.4698866588417,-43014.37182422661,Delta:-0.09,12024.29,19.385354208017663
296,2005-09-02,SPY_PUT,BUY_LONG PUT,144.3605331753626,297.8159174993398,-42992.864638314495,Delta:-0.09,11981.83,21.380414223796656
297,2005-09-09,SPY_PUT,BUY_LONG PUT,158.19967707853635,271.62740784017353,-42971.36820599534,Delta:-0.09,12270.65,22.878570663756538
298,2005-09-16,SPY_PUT,BUY_LONG PUT,133.41911500798926,321.91700956283864,-42949.882521892345,Delta:-0.09,11918.53,19.86489224093988
299,2005-09-23,SPY_PUT,BUY_LONG PUT,120.02410073776161,357.6648966062647,-42928.40758063141,Delta:-0.09,12392.85,17.186532021425855
300,2005-09-30,SPY_PUT,BUY_LONG PUT,141.19088047077523,303.89316387698494,-42906.94337684109,Delta:-0.09,13474.92,18.593937821460347
301,2005-10-07,SPY_PUT,BUY_LONG PUT,124.15662308354206,345.41443573490267,-42885.48990515267,Delta:-0.09,13365.21,16.484848991916856
302,2005-10-14,SPY_PUT,BUY_LONG PUT,122.15230793408783,350.90656807998346,-42864.0471602001,Delta:-0.09,13829.83,15.673850195753932
303,2005-10-21,SPY_PUT,BUY_LONG PUT,141.84603054742632,302.0360525513299,-42842.61513662,Delta:-0.09,13194.65,19.077008663253224
304,2005-10-28,SPY_PUT,BUY_LONG PUT,150.64674392753537,284.24904988089014,-42821.193829051685,Delta:-0.09,13667.77,19.55928898676382
305,2005-11-04,SPY_PUT,BUY_LONG PUT,181.14075864462183,236.2791430950425,-42799.78323213716,Delta:-0.09,13721.73,23.426012432978847
306,2005-11-11,SPY_PUT,BUY_LONG PUT,183.53014877484839,233.0864091054646,-42778.3833405211,Delta:-0.09,14223.25,22.898107370997813
307,2005-11-18,SPY_PUT,BUY_LONG PUT,187.88634011612854,227.56840184562458,-42756.994148850834,Delta:-0.09,13913.53,23.963427337490778
308,2005-11-25,SPY_PUT,BUY_LONG PUT,168.52270725928412,253.58965771909084,-42735.6156517764,Delta:-0.09,13013.53,22.980221175963077
309,2005-12-02,SPY_PUT,BUY_LONG PUT,170.45587447603907,250.5883001993859,-42714.24784395052,Delta:-0.09,13398.6,22.57582416784618
310,2005-12-09,SPY_PUT,BUY_LONG PUT,177.2563730991247,240.85391105319513,-42692.89072002855,Delta:-0.09,13699.13,22.96147780448622
311,2005-12-16,SPY_PUT,BUY_LONG PUT,182.29366664308856,234.08133184470327,-42671.54427466853,Delta:-0.09,13349.92,24.23170232057732
312,2005-12-23,SPY_PUT,BUY_LONG PUT,176.74203480649211,241.31332735434006,-42650.2085025312,Delta:-0.09,13638.58,22.996500556179782
313,2005-12-30,SPY_PUT,BUY_LONG PUT,155.29523058438258,274.5022061390142,-42628.88339827993,Delta:-0.09,13397.11,20.570170524442144
314,2006-01-06,SPY_PUT,BUY_LONG PUT,175.01587425259487,243.44973927957327,-42607.5689565808,Delta:-0.09,13125.53,23.662005270912406
315,2006-01-13,SPY_PUT,BUY_LONG PUT,204.1140639234294,208.63954376058163,-42586.2651721025,Delta:-0.09,12973.12,27.92025264752582
316,2006-01-20,SPY_PUT,BUY_LONG PUT,172.41770620257265,246.87123484584058,-42564.972039516455,Delta:-0.09,12673.45,24.142262732231814
317,2006-01-27,SPY_PUT,BUY_LONG PUT,159.6554838003455,266.47183385632394,-42543.68955349669,Delta:-0.09,12812.17,22.113219174323348
318,2006-02-03,SPY_PUT,BUY_LONG PUT,135.58735690229898,313.6163922670208,-42522.41770871994,Delta:-0.09,12788.27,18.814739376892142
319,2006-02-10,SPY_PUT,BUY_LONG PUT,153.46375490869875,276.9458920456566,-42501.15649986558,Delta:-0.09,12053.29,22.593900518640915
320,2006-02-17,SPY_PUT,BUY_LONG PUT,177.8393634292604,238.8667227686799,-42479.90592161565,Delta:-0.09,12205.1,25.856958160123426
321,2006-02-24,SPY_PUT,BUY_LONG PUT,175.0236410592241,242.5881767268673,-42458.665968654845,Delta:-0.09,12109.9,25.647629298608667
322,2006-03-03,SPY_PUT,BUY_LONG PUT,154.32323495156106,274.9905848525711,-42437.436635670514,Delta:-0.09,12248.46,22.358408410093052
323,2006-03-10,SPY_PUT,BUY_LONG PUT,169.74323655535687,249.88458319822277,-42416.21791735268,Delta:-0.09,12081.04,24.933257865997145
324,2006-03-17,SPY_PUT,BUY_LONG PUT,160.7528973276389,263.72781152420856,-42395.009808394,Delta:-0.09,12606.13,22.629132928056002
325,2006-03-24,SPY_PUT,BUY_LONG PUT,113.72042122265334,372.61392323306706,-42373.8123034898,Delta:-0.09,12740.37,15.839712676469734
326,2006-03-31,SPY_PUT,BUY_LONG PUT,139.51979333790914,303.55997800801185,-42352.62539733806,Delta:-0.09,13194.34,18.764584210259507
327,2006-04-07,SPY_PUT,BUY_LONG PUT,116.02409066201722,364.8505137433275,-42331.44908463939,Delta:-0.09,13158.51,15.647051576528073
328,2006-04-14,SPY_PUT,BUY_LONG PUT,121.31653304148529,348.75941719855024,-42310.28336009707,Delta:-0.09,13181.13,16.332711201418064
329,2006-04-21,SPY_PUT,BUY_LONG PUT,174.2298460267829,242.72034431986052,-42289.12821841703,Delta:-0.09,13313.09,23.223875656239215
330,2006-04-28,SPY_PUT,BUY_LONG PUT,147.86101690123317,285.8629308801629,-42267.98365430781,Delta:-0.09,14151.12,18.541883353122056
331,2006-05-05,SPY_PUT,BUY_LONG PUT,145.5008172520896,290.3547241888357,-42246.849662480665,Delta:-0.09,14350.94,17.99186134217362
332,2006-05-12,SPY_PUT,BUY_LONG PUT,166.41486340409793,253.73770932416377,-42225.72623764942,Delta:-0.09,14595.35,20.233380390304287
333,2006-05-19,SPY_PUT,BUY_LONG PUT,162.37733339012323,259.9169015365647,-42204.6133745306,Delta:-0.09,14569.05,19.778121701882394
334,2006-05-26,SPY_PUT,BUY_LONG PUT,168.7138916418251,250.02986213724327,-42183.51106784333,Delta:-0.09,14559.22,20.563814382382382
335,2006-06-02,SPY_PUT,BUY_LONG PUT,210.45460525555083,200.33973246207856,-42162.41931230941,Delta:-0.09,14520.62,25.719595807677443
336,2006-06-09,SPY_PUT,BUY_LONG PUT,212.14317055571797,198.64574472165302,-42141.33810265325,Delta:-0.09,15064.85,24.989367878628947
337,2006-06-16,SPY_PUT,BUY_LONG PUT,185.7592393566897,226.74655419278372,-42120.267433601926,Delta:-0.09,14832.46,22.224308511416613
338,2006-06-23,SPY_PUT,BUY_LONG PUT,179.23081800289833,234.88821715473253,-42099.20729988513,Delta:-0.09,15017.27,21.17934575878042
339,2006-06-30,SPY_PUT,BUY_LONG PUT,187.42454610100543,224.50718740734598,-42078.15769623518,Delta:-0.09,14989.69,22.188330209451156
340,2006-07-07,SPY_PUT,BUY_LONG PUT,225.6675808776628,186.36756974049698,-42057.11861738707,Delta:-0.09,15177.51,26.385142514004016
341,2006-07-14,SPY_PUT,BUY_LONG PUT,240.5356259743841,174.76034948168146,-42036.09005807838,Delta:-0.09,15748.48,27.10389807478575
342,2006-07-21,SPY_PUT,BUY_LONG PUT,208.01242051978167,201.98347727535705,-42015.072013049336,Delta:-0.09,15997.5,23.074283274325825
343,2006-07-28,SPY_PUT,BUY_LONG PUT,201.31947240924853,208.5941512486977,-41994.06447704281,Delta:-0.09,15846.45,22.544711318032086
344,2006-08-04,SPY_PUT,BUY_LONG PUT,183.98854335416172,228.12870127467576,-41973.06744480429,Delta:-0.09,15997.25,20.409694142466588
345,2006-08-11,SPY_PUT,BUY_LONG PUT,204.7605737276929,204.88358743745826,-41952.08091108189,Delta:-0.09,16142.96,22.508888658437762
346,2006-08-18,SPY_PUT,BUY_LONG PUT,256.5184426843977,163.4623399075264,-41931.10487062635,Delta:-0.09,16865.11,26.991092737427692
347,2006-08-25,SPY_PUT,BUY_LONG PUT,282.0747888675941,148.578111097563,-41910.13931819103,Delta:-0.09,16862.66,29.68446596036465
348,2006-09-01,SPY_PUT,BUY_LONG PUT,220.5546291482801,189.92657016674815,-41889.184248531936,Delta:-0.09,16662.8,23.488702199281274
349,2006-09-08,SPY_PUT,BUY_LONG PUT,224.04399284850365,186.8750825411265,-41868.23965640767,Delta:-0.09,16685.74,23.827512136310578
350,2006-09-15,SPY_PUT,BUY_LONG PUT,248.3784972354531,168.4819982500734,-41847.305536579464,Delta:-0.09,17295.01,25.48496767228176
351,2006-09-22,SPY_PUT,BUY_LONG PUT,204.5314648516026,204.4985201380053,-41826.38188381118,Delta:-0.09,16501.18,21.995616323984358
352,2006-09-29,SPY_PUT,BUY_LONG PUT,238.38014654019568,175.3731143286298,-41805.46869286927,Delta:-0.09,17563.57,24.08508274981645
353,2006-10-06,SPY_PUT,BUY_LONG PUT,239.77731384256708,174.264050626398,-41784.56595852283,Delta:-0.09,17710.21,24.025666282214637
354,2006-10-13,SPY_PUT,BUY_LONG PUT,237.0078332197686,176.21220829784838,-41763.67367554357,Delta:-0.09,18120.77,23.210093296709033
355,2006-10-20,SPY_PUT,BUY_LONG PUT,173.12262421341038,241.11690790482095,-41742.791838705794,Delta:-0.09,18262.99,16.821814222613273
356,2006-10-27,SPY_PUT,BUY_LONG PUT,137.7371434265782,363.4916717873704,-50066.304531343725,Delta:-0.09,17615.69,13.875297295903128
357,2006-11-03,SPY_PUT,BUY_LONG PUT,147.5298951772489,282.63347737368275,-41696.88729052077,Delta:-0.09,17183.86,15.23527681350198
358,2006-11-10,SPY_PUT,BUY_LONG PUT,166.03459245654588,251.00816781769643,-41676.038846875505,Delta:-0.09,17024.59,17.306642834671873
359,2006-11-17,SPY_PUT,BUY_LONG PUT,134.3852160894795,371.96235157042474,-49986.240992942476,Delta:-0.09,16831.13,14.168675599431378
360,2006-11-24,SPY_PUT,BUY_LONG PUT,157.14811041444375,264.91064765058286,-41630.207706955596,Delta:-0.09,16693.06,16.705678050330278
361,2006-12-01,SPY_PUT,BUY_LONG PUT,180.33498693124355,230.73388758980286,-41609.39260310212,Delta:-0.09,16277.38,19.660132552564264
362,2006-12-08,SPY_PUT,BUY_LONG PUT,199.5154552810409,208.4479513039136,-41588.58790680057,Delta:-0.09,16004.07,22.122642696406285
363,2006-12-15,SPY_PUT,BUY_LONG PUT,152.87948836898235,271.89908899041575,-41567.79361284716,Delta:-0.09,16390.38,16.552030038587187
364,2006-12-22,SPY_PUT,BUY_LONG PUT,106.64646820926744,467.49238391484243,-49856.41165924889,Delta:-0.09,15458.65,12.242380936640409
365,2006-12-29,SPY_PUT,BUY_LONG PUT,119.25248060203114,417.82357533118414,-49826.497812253336,Delta:-0.09,15333.52,13.801188193322318
366,2007-01-05,SPY_PUT,BUY_LONG PUT,182.9393007080056,226.83572146993038,-41497.16826130499,Delta:-0.09,15475.13,20.97798051198984
367,2007-01-12,SPY_PUT,BUY_LONG PUT,207.82376019398896,199.57496504951598,-41476.41967717434,Delta:-0.09,15785.08,23.363577646102
368,2007-01-19,SPY_PUT,BUY_LONG PUT,166.77075902960863,248.578837852358,-41455.68146733575,Delta:-0.09,15628.33,18.936441209694028
369,2007-01-26,SPY_PUT,BUY_LONG PUT,174.58044276022844,237.34017952692162,-41434.95362660208,Delta:-0.09,15216.92,20.359152203508778
370,2007-02-02,SPY_PUT,BUY_LONG PUT,173.93717241502537,238.09882370038605,-41414.236149788776,Delta:-0.09,15373.27,20.077844993694953
371,2007-02-09,SPY_PUT,BUY_LONG PUT,144.3502877959432,286.75750955362633,-41393.529031713886,Delta:-0.09,15735.08,16.27944897129578
372,2007-02-16,SPY_PUT,BUY_LONG PUT,138.9554860268133,297.74162539516135,-41372.83226719803,Delta:-0.09,15944.95,15.464769201216853
373,2007-02-23,SPY_PUT,BUY_LONG PUT,175.3044186775164,235.88764141270352,-41352.14585106443,Delta:-0.09,16158.59,19.25219893065845
374,2007-03-02,SPY_PUT,BUY_LONG PUT,140.1965001401252,294.8109955443142,-41331.4697781389,Delta:-0.09,15980.86,15.567829193172003
375,2007-03-09,SPY_PUT,BUY_LONG PUT,170.1394664826839,242.80553417307368,-41310.80404324983,Delta:-0.09,16085.64,18.769708549485493
376,2007-03-16,SPY_PUT,BUY_LONG PUT,170.65881587013027,241.94559437614765,-41290.14864122821,Delta:-0.09,15745.38,19.233861355405168
377,2007-03-23,SPY_PUT,BUY_LONG PUT,176.86164178166246,233.34343813145887,-41269.503566907595,Delta:-0.09,15899.28,19.74000246008531
378,2007-03-30,SPY_PUT,BUY_LONG PUT,246.59046486576432,167.27682004078568,-41248.868815124144,Delta:-0.09,15802.21,27.691691306870695
379,2007-04-06,SPY_PUT,BUY_LONG PUT,254.93683175674656,161.71945064436744,-41228.244380716584,Delta:-0.09,15802.53,28.628396598428424
380,2007-04-13,SPY_PUT,BUY_LONG PUT,244.04604321334773,168.85186793420806,-41207.630258526224,Delta:-0.09,16054.56,26.97517169566696
381,2007-04-20,SPY_PUT,BUY_LONG PUT,200.57586912447482,205.34387622589244,-41187.02644339696,Delta:-0.09,16421.25,21.675212933053924
382,2007-04-27,SPY_PUT,BUY_LONG PUT,190.9153991454576,215.6265713213146,-41166.43293017526,Delta:-0.09,15799.3,21.443424934333198
383,2007-05-04,SPY_PUT,BUY_LONG PUT,224.03703527717545,183.65646404312173,-41145.849713710166,Delta:-0.09,16454.27,24.16195318136665
384,2007-05-11,SPY_PUT,BUY_LONG PUT,210.35176015508924,195.50716741581937,-41125.27678885331,Delta:-0.09,15966.4,23.37921761092004
385,2007-05-18,SPY_PUT,BUY_LONG PUT,194.73406425312123,211.08127285337065,-41104.714150458894,Delta:-0.09,15984.14,21.619394492077777
386,2007-05-25,SPY_PUT,BUY_LONG PUT,200.39738254050081,205.01346510890903,-41084.16179338366,Delta:-0.09,15870.8,22.407028661486454
387,2007-06-01,SPY_PUT,BUY_LONG PUT,234.79246041588954,174.89326377751098,-41063.61971248697,Delta:-0.09,16144.24,25.808181344083067
388,2007-06-08,SPY_PUT,BUY_LONG PUT,174.07294327928182,235.78097278898417,-41043.08790263073,Delta:-0.09,16238.59,19.02278008927513
389,2007-06-15,SPY_PUT,BUY_LONG PUT,195.63903527315233,209.6849757074475,-41022.56635867941,Delta:-0.09,16345.57,21.23959630082884
390,2007-06-22,SPY_PUT,BUY_LONG PUT,151.91449237284607,269.9021958673179,-41002.05507550007,Delta:-0.09,16569.97,16.26928691786878
391,2007-06-29,SPY_PUT,BUY_LONG PUT,107.22300820735221,458.6502997794339,-49177.86485755479,Delta:-0.09,16064.25,11.84454453850866
392,2007-07-06,SPY_PUT,BUY_LONG PUT,139.4416979830337,352.4652872817161,-49148.35813864026,Delta:-0.09,16801.47,14.72774914606509
393,2007-07-13,SPY_PUT,BUY_LONG PUT,146.63934380561477,279.1364846171451,-40932.39093646423,Delta:-0.09,17217.0,15.114155137545895
394,2007-07-20,SPY_PUT,BUY_LONG PUT,153.28150626170506,266.90711579481126,-40911.924740996,Delta:-0.09,17375.4,15.65474042843953
395,2007-07-27,SPY_PUT,BUY_LONG PUT,152.45686646550718,268.21664203545106,-40891.4687786255,Delta:-0.09,17079.46,15.840313698993679
396,2007-08-03,SPY_PUT,BUY_LONG PUT,169.0979139647402,241.70033849594674,-40871.023044236186,Delta:-0.09,17368.95,17.276494060489675
397,2007-08-10,SPY_PUT,BUY_LONG PUT,167.52122112310735,243.8532101117741,-40850.58753271407,Delta:-0.09,17145.48,17.338485963018012
398,2007-08-17,SPY_PUT,BUY_LONG PUT,156.3016914104826,261.22661802628056,-40830.16223894771,Delta:-0.09,17483.75,15.864264593362691
399,2007-08-24,SPY_PUT,BUY_LONG PUT,156.74848066775346,260.3517876790731,-40809.74715782824,Delta:-0.09,18318.52,15.184620438727071
400,2007-08-31,SPY_PUT,BUY_LONG PUT,199.20821975550353,204.75732544727202,-40789.342284249324,Delta:-0.09,18173.38,19.451920530710233
401,2007-09-07,SPY_PUT,BUY_LONG PUT,196.7432275053125,207.21906481892165,-40768.9476131072,Delta:-0.09,17377.8,20.090739361888865
402,2007-09-14,SPY_PUT,BUY_LONG PUT,204.2180787035153,199.53455344401507,-40748.56313930065,Delta:-0.09,17603.97,20.58612356717469
403,2007-09-21,SPY_PUT,BUY_LONG PUT,178.79702138849618,227.7900858831167,-40728.188857730995,Delta:-0.09,16947.6,18.72160615384983
404,2007-09-28,SPY_PUT,BUY_LONG PUT,161.1098007863967,252.6713121399334,-40707.82476330213,Delta:-0.09,16351.73,17.48434155310124
405,2007-10-05,SPY_PUT,BUY_LONG PUT,191.83444330697338,212.0967963287615,-40687.47085092048,Delta:-0.09,15859.51,21.464849393978266
406,2007-10-12,SPY_PUT,BUY_LONG PUT,218.7390964459886,185.91613376960532,-40667.127115495015,Delta:-0.09,16445.72,23.602854902429183
407,2007-10-19,SPY_PUT,BUY_LONG PUT,144.53735685636,281.2199865556675,-40646.79355193727,Delta:-0.09,16836.89,15.23383017737498
408,2007-10-26,SPY_PUT,BUY_LONG PUT,168.72551345451427,240.7843919000048,-40626.470155161296,Delta:-0.09,17026.21,17.585457691949262
409,2007-11-02,SPY_PUT,BUY_LONG PUT,172.2076993388408,235.79756930719964,-40606.15692008371,Delta:-0.09,16579.65,18.43181357311627
410,2007-11-09,SPY_PUT,BUY_LONG PUT,200.28121679539672,202.6443342566935,-40585.85384162367,Delta:-0.09,16784.35,21.17515435339368
411,2007-11-16,SPY_PUT,BUY_LONG PUT,158.05683066874008,256.65174192769496,-40565.56091470286,Delta:-0.09,16334.02,17.1716139346983
412,2007-11-23,SPY_PUT,BUY_LONG PUT,155.45506880114635,260.816700587035,-40545.27813424551,Delta:-0.09,16357.24,16.86497548175114
413,2007-11-30,SPY_PUT,BUY_LONG PUT,143.38437448455917,282.6319509420635,-40525.00549517839,Delta:-0.09,16624.28,15.305582784390905
414,2007-12-07,SPY_PUT,BUY_LONG PUT,138.72167304752884,350.382824277672,-48605.69159091696,Delta:-0.09,16480.56,14.936994122920595
415,2007-12-14,SPY_PUT,BUY_LONG PUT,176.29491976879993,229.61773487133368,-40480.440146635345,Delta:-0.09,16871.4,18.542983455983208
416,2007-12-21,SPY_PUT,BUY_LONG PUT,198.97944535526756,203.33859034696985,-40460.199926562025,Delta:-0.09,17074.52,20.680006364970385
417,2007-12-28,SPY_PUT,BUY_LONG PUT,203.04579627854866,199.16674251714676,-40439.96982659874,Delta:-0.09,16351.53,22.03569048578173
418,2008-01-04,SPY_PUT,BUY_LONG PUT,210.75521692225917,191.78528736773805,-40419.74984168544,Delta:-0.09,16196.45,23.091352553216954
419,2008-01-11,SPY_PUT,BUY_LONG PUT,184.8953783385783,218.49945807074434,-40399.5399667646,Delta:-0.09,16437.88,19.960484253820283
420,2008-01-18,SPY_PUT,BUY_LONG PUT,155.9842944956157,258.8679862120104,-40379.34019678122,Delta:-0.09,16216.55,17.06920282187962
421,2008-01-25,SPY_PUT,BUY_LONG PUT,126.22428731022133,383.68987192607875,-48430.98063201939,Delta:-0.09,15950.99,14.04255382564033
422,2008-02-01,SPY_PUT,BUY_LONG PUT,141.5099654262309,285.0324704332813,-40334.93503636681,Delta:-0.09,16287.23,15.418095936313087
423,2008-02-08,SPY_PUT,BUY_LONG PUT,147.77042909621386,272.82026461870487,-40314.76756884863,Delta:-0.09,16123.1,16.264094124043712
424,2008-02-15,SPY_PUT,BUY_LONG PUT,148.0681556007265,272.1355582608911,-40294.6101850642,Delta:-0.09,15292.75,17.18173530550486
425,2008-02-22,SPY_PUT,BUY_LONG PUT,142.07458250682205,283.4740892378677,-40274.462879971674,Delta:-0.09,15857.29,15.899314198096542
426,2008-02-29,SPY_PUT,BUY_LONG PUT,135.99842479061329,355.1893402633887,-48305.19077823802,Delta:-0.09,16241.99,14.858866982935254
427,2008-03-07,SPY_PUT,BUY_LONG PUT,147.12857181188622,273.4354895021992,-40230.17305314257,Delta:-0.09,16527.48,15.797245747404762
428,2008-03-14,SPY_PUT,BUY_LONG PUT,170.24075828447474,236.19524708310112,-40210.057966616005,Delta:-0.09,16223.68,18.62108823831479
429,2008-03-21,SPY_PUT,BUY_LONG PUT,159.77282924445183,251.54435286454253,-40189.95293763269,Delta:-0.09,16319.96,17.372997789759424
430,2008-03-28,SPY_PUT,BUY_LONG PUT,141.86131875513024,283.16286859353045,-40169.85796116388,Delta:-0.09,15818.14,15.914742582913634
431,2008-04-04,SPY_PUT,BUY_LONG PUT,132.48355902663215,363.6657106179851,-48179.72763861995,Delta:-0.09,15924.86,14.763088251710695
432,2008-04-11,SPY_PUT,BUY_LONG PUT,110.08098197961374,437.41270232267726,-48150.819802036785,Delta:-0.09,16042.51,12.176733303429621
433,2008-04-18,SPY_PUT,BUY_LONG PUT,113.70550155929344,423.21548781930886,-48121.92931015556,Delta:-0.09,16518.65,12.215125959725365
434,2008-04-25,SPY_PUT,BUY_LONG PUT,128.77265253202927,373.4725907009441,-48093.056152569465,Delta:-0.09,15979.0,14.300950290772057
435,2008-05-02,SPY_PUT,BUY_LONG PUT,132.8564523424304,361.7754310870428,-48064.20031887792,Delta:-0.09,15977.37,14.755987753876605
436,2008-05-09,SPY_PUT,BUY_LONG PUT,113.02974527466937,424.9798288225604,-48035.361798686594,Delta:-0.09,16519.44,12.141950436537979
437,2008-05-16,SPY_PUT,BUY_LONG PUT,178.91535754987393,223.59986885709918,-40005.45048467282,Delta:-0.09,16227.95,19.564778301071126
438,2008-05-23,SPY_PUT,BUY_LONG PUT,165.01089774399372,242.32004253116625,-39985.447759430484,Delta:-0.09,16244.6,18.02579909643456
439,2008-05-30,SPY_PUT,BUY_LONG PUT,177.82322835373034,224.74822555830843,-39965.455035550774,Delta:-0.09,16205.31,19.47251088312006
440,2008-06-06,SPY_PUT,BUY_LONG PUT,122.82546181496237,390.26571576708943,-47934.5667696396,Delta:-0.09,16149.56,13.496425799709021
441,2008-06-13,SPY_PUT,BUY_LONG PUT,98.70037015323209,485.36602198354643,-47905.80602957781,Delta:-0.09,16181.92,10.823799190324921
442,2008-06-20,SPY_PUT,BUY_LONG PUT,116.52887423503336,410.86007961764255,-47877.06254596006,Delta:-0.09,16591.24,12.463661158735562
443,2008-06-27,SPY_PUT,BUY_LONG PUT,130.53681498397347,366.55051154961166,-47848.33630843249,Delta:-0.09,16471.75,14.063204962868783
444,2008-07-04,SPY_PUT,BUY_LONG PUT,131.4037878570926,363.9136138042944,-47819.627306647424,Delta:-0.09,16811.03,13.870895335788502
445,2008-07-11,SPY_PUT,BUY_LONG PUT,134.43117476181177,355.5048567785003,-47790.93553026344,Delta:-0.09,16608.72,14.363318845543477
446,2008-07-18,SPY_PUT,BUY_LONG PUT,98.54940649092958,484.6529539814254,-47762.26096894528,Delta:-0.09,16882.97,10.358483260432862
447,2008-07-25,SPY_PUT,BUY_LONG PUT,101.85787126163729,468.62950325903586,-47733.603612363906,Delta:-0.09,16462.96,10.979374043948834
448,2008-08-01,SPY_PUT,BUY_LONG PUT,105.46842566769988,452.31511846494095,-47704.96345019649,Delta:-0.09,16493.36,11.347609097697198
449,2008-08-08,SPY_PUT,BUY_LONG PUT,104.88681443847607,454.55037153494726,-47676.340472126365,Delta:-0.09,17057.57,10.911754770148983
450,2008-08-15,SPY_PUT,BUY_LONG PUT,141.19229171287384,337.4669685561779,-47647.73466784309,Delta:-0.09,16791.75,14.921275686685695
451,2008-08-22,SPY_PUT,BUY_LONG PUT,139.36574084246578,341.6847335592284,-47619.14602704239,Delta:-0.09,16542.01,14.950603911940352
452,2008-08-29,SPY_PUT,BUY_LONG PUT,136.70162057227176,348.1346771179341,-47590.57453942616,Delta:-0.09,16248.44,14.92976222239098
453,2008-09-05,SPY_PUT,BUY_LONG PUT,144.6259868171404,274.0518332921162,-39635.01682891876,Delta:-0.09,16597.11,15.463391015270608
454,2008-09-12,SPY_PUT,BUY_LONG PUT,206.19095690175652,192.12869427333658,-39615.199320504296,Delta:-0.09,16444.7,22.2502364432099
455,2008-09-19,SPY_PUT,BUY_LONG PUT,190.2054592191863,208.17168909550415,-39595.39172084405,Delta:-0.09,16096.2,20.969626150813827
456,2008-09-26,SPY_PUT,BUY_LONG PUT,178.69697266946736,221.46762440226618,-39575.59402498362,Delta:-0.09,16030.08,19.782105193521762
457,2008-10-03,SPY_PUT,BUY_LONG PUT,188.15318923868654,210.23192000105618,-39555.80622797113,Delta:-0.09,15542.98,21.4816851462838
458,2008-10-10,SPY_PUT,BUY_LONG PUT,190.72362500829604,207.29486618732952,-39536.02832485714,Delta:-0.09,15901.83,21.283760742724184
459,2008-10-17,SPY_PUT,BUY_LONG PUT,208.53216688706254,189.49719316970433,-39516.26031069471,Delta:-0.09,16141.71,22.925272463297745
460,2008-10-24,SPY_PUT,BUY_LONG PUT,183.48810280727847,215.25374984133654,-39496.50218053936,Delta:-0.09,16449.34,19.79477191463339
461,2008-10-31,SPY_PUT,BUY_LONG PUT,215.31536604510393,183.34387672628793,-39476.7539294491,Delta:-0.09,16848.72,22.677707620206487
462,2008-11-07,SPY_PUT,BUY_LONG PUT,293.5301393312442,134.4223650844854,-39457.01555248437,Delta:-0.09,17898.94,29.10155697700841
463,2008-11-14,SPY_PUT,BUY_LONG PUT,305.9240005062719,128.91204017809517,-39437.28704470813,Delta:-0.09,18544.27,29.27484686389967
464,2008-11-21,SPY_PUT,BUY_LONG PUT,250.40873771957686,157.41291122727512,-39417.568401185774,Delta:-0.09,18338.06,24.23186954639769
465,2008-11-28,SPY_PUT,BUY_LONG PUT,235.48498002180963,167.30519124122614,-39397.85961698518,Delta:-0.09,19108.25,21.86921641142782
466,2008-12-05,SPY_PUT,BUY_LONG PUT,237.2904286559925,165.94921636837051,-39378.160687176685,Delta:-0.09,19296.72,21.821652902764928
467,2008-12-12,SPY_PUT,BUY_LONG PUT,250.21836185572826,157.2964962080862,-39358.4716068331,Delta:-0.09,19005.61,23.362984638411604
468,2008-12-19,SPY_PUT,BUY_LONG PUT,242.12927216246655,162.470204530387,-39338.79237102968,Delta:-0.09,19132.77,22.457442225377644
469,2008-12-26,SPY_PUT,BUY_LONG PUT,222.57069882761448,176.65902646645156,-39319.12297484417,Delta:-0.09,18908.13,20.888646563658376
470,2009-01-02,SPY_PUT,BUY_LONG PUT,226.71497853220512,173.34303921068104,-39299.463413356745,Delta:-0.09,18940.0,21.241791625197145
471,2009-01-09,SPY_PUT,BUY_LONG PUT,190.304096741914,206.40550757517553,-39279.81368165007,Delta:-0.09,19467.65,17.34704577598906
472,2009-01-16,SPY_PUT,BUY_LONG PUT,183.772331672878,213.6348459935411,-39260.17377480925,Delta:-0.09,19178.07,17.004588648020782
473,2009-01-23,SPY_PUT,BUY_LONG PUT,194.12472659594383,202.1408832147288,-39240.54368792184,Delta:-0.09,18425.14,18.69653382162506
474,2009-01-30,SPY_PUT,BUY_LONG PUT,171.51425729260762,228.6744206294524,-39220.92341607788,Delta:-0.09,18313.42,16.619644626055365
475,2009-02-06,SPY_PUT,BUY_LONG PUT,212.00205438599542,184.9100616873995,-39201.31295436984,Delta:-0.09,18569.76,20.259317360970474
476,2009-02-13,SPY_PUT,BUY_LONG PUT,238.1867756915544,164.49994834571308,-39181.71229789265,Delta:-0.09,18501.43,22.84563334009243
477,2009-02-20,SPY_PUT,BUY_LONG PUT,282.58818525647365,138.58371823365732,-39162.1214417437,Delta:-0.09,18169.28,27.59987517695567
478,2009-02-27,SPY_PUT,BUY_LONG PUT,265.16946812648706,147.6133004963892,-39142.54038102283,Delta:-0.09,18190.15,25.868910719759974
479,2009-03-06,SPY_PUT,BUY_LONG PUT,264.06506695432597,148.1565493007798,-39122.96911083232,Delta:-0.09,17146.81,27.328676784150463
480,2009-03-13,SPY_PUT,BUY_LONG PUT,256.43704927278566,152.48735600868866,-39103.4076262769,Delta:-0.09,16537.42,27.51717803366353
481,2009-03-20,SPY_PUT,BUY_LONG PUT,235.87843836034438,165.69490706376703,-39083.855922463765,Delta:-0.09,16615.7,25.191872708478748
482,2009-03-27,SPY_PUT,BUY_LONG PUT,201.7534958673492,193.62397576588666,-39064.31399450253,Delta:-0.09,16739.2,21.38835337449403
483,2009-04-03,SPY_PUT,BUY_LONG PUT,188.19198889990605,207.47313456723222,-39044.78183750528,Delta:-0.09,17026.4,19.614138981883176
484,2009-04-10,SPY_PUT,BUY_LONG PUT,283.20175000495556,137.80020584584543,-39025.25944658653,Delta:-0.09,17090.09,29.40645327938178
485,2009-04-17,SPY_PUT,BUY_PUT SPREAD,299.07837305463016,91.29387221461468,-27304.022771804266,Delta:-0.09,17192.16,30.870624694681695
486,2009-04-24,SPY_PUT,BUY_LONG PUT,274.25063405591885,142.1768629257826,-38992.09480547733,Delta:-0.09,17588.17,27.670560819324194
487,2009-05-01,SPY_PUT,BUY_LONG PUT,216.4654486773203,180.04073627551566,-38972.59875807459,Delta:-0.09,17515.65,21.930743774699533
488,2009-05-08,SPY_PUT,BUY_LONG PUT,264.3883050091106,147.33296337503762,-38953.11245869556,Delta:-0.09,17175.35,27.316664371754126
489,2009-05-15,SPY_PUT,BUY_LONG PUT,266.3231918738714,146.18943107630253,-38933.635902466216,Delta:-0.09,17615.53,26.828977037098582
490,2009-05-22,SPY_PUT,BUY_LONG PUT,246.13059773401147,158.1037442836293,-38914.16908451498,Delta:-0.09,17391.28,25.114522791291375
491,2009-05-29,SPY_PUT,BUY_LONG PUT,239.10917055952405,162.66507850350408,-38894.71199997272,Delta:-0.09,17026.69,24.92050673507599
492,2009-06-05,SPY_PUT,BUY_LONG PUT,222.0406180084598,175.08177104106053,-38875.26464397274,Delta:-0.09,17482.52,22.538201446055954
493,2009-06-12,SPY_PUT,BUY_LONG PUT,191.71046495470466,202.67973905770455,-38855.827011650756,Delta:-0.09,17696.91,19.22379929170912
494,2009-06-19,SPY_PUT,BUY_LONG PUT,234.17411964607743,165.84411273475013,-38836.39909814493,Delta:-0.09,17850.33,23.28003824863136
495,2009-06-26,SPY_PUT,BUY_LONG PUT,202.97901484278387,191.23642376854232,-38816.98089859586,Delta:-0.09,18208.81,19.781561424794262
496,2009-07-03,SPY_PUT,BUY_LONG PUT,168.0571669654238,230.85937427547378,-38797.57240814656,Delta:-0.09,18513.21,16.108911525767653
497,2009-07-10,SPY_PUT,BUY_LONG PUT,165.2367662862348,234.6824771114692,-38778.173621942486,Delta:-0.09,18934.06,15.486520441992448
498,2009-07-17,SPY_PUT,BUY_LONG PUT,209.297957550741,185.18472415448707,-38758.78453513151,Delta:-0.09,18622.22,19.94455830864772
499,2009-07-24,SPY_PUT,BUY_LONG PUT,210.43924854012232,184.08830772591307,-38739.40514286394,Delta:-0.09,18416.39,20.277445991215895
500,2009-07-31,SPY_PUT,BUY_LONG PUT,212.1600900748225,182.50386030019652,-38720.035440292515,Delta:-0.09,18743.74,20.08622980046576
501,2009-08-07,SPY_PUT,BUY_LONG PUT,151.42311971444164,306.6956393096797,-46440.81050708684,Delta:-0.09,18652.51,14.406077635050016
502,2009-08-14,SPY_PUT,BUY_LONG PUT,145.1464710479789,319.766272549889,-46412.94602078259,Delta:-0.09,18827.51,13.680583214185193
503,2009-08-21,SPY_PUT,BUY_LONG PUT,169.61230721172046,227.89766367636187,-38654.24854430844,Delta:-0.09,19119.14,15.742722536554659
504,2009-08-28,SPY_PUT,BUY_LONG PUT,214.70758079177614,179.9420461893449,-38634.921420036284,Delta:-0.09,18486.66,20.61008935474087
505,2009-09-04,SPY_PUT,BUY_LONG PUT,236.26981926867393,163.43858085155847,-38615.60395932627,Delta:-0.09,19446.83,21.56008060083729
506,2009-09-11,SPY_PUT,BUY_LONG PUT,229.954022661888,167.843535462289,-38596.2961573466,Delta:-0.09,20043.55,20.35903840200956
507,2009-09-18,SPY_PUT,BUY_LONG PUT,192.70697812413664,200.18474880768284,-38576.998009267925,Delta:-0.09,19768.86,17.298431579562774
508,2009-09-25,SPY_PUT,BUY_LONG PUT,155.26938461732252,297.9933972582639,-46269.251412315956,Delta:-0.09,19885.86,13.855826748027845
509,2009-10-02,SPY_PUT,BUY_LONG PUT,112.08285799091901,412.5652279960158,-46241.48986146856,Delta:-0.09,19889.79,10.0
510,2009-10-09,SPY_PUT,BUY_LONG PUT,124.55378681774387,371.0344434182076,-46213.744967551684,Delta:-0.09,20295.74,10.890377534104877
511,2009-10-16,SPY_PUT,BUY_LONG PUT,146.90832831691597,314.38664675931113,-46186.01672057116,Delta:-0.09,19816.75,13.155424556146254
512,2009-10-23,SPY_PUT,BUY_LONG PUT,225.76834843663738,170.3748755090785,-38465.25425878235,Delta:-0.09,19636.3,20.4030153390408
513,2009-10-30,SPY_PUT,BUY_LONG PUT,227.03929664849431,169.33641972638625,-38446.021631652955,Delta:-0.09,19076.49,21.11997977638997
514,2009-11-06,SPY_PUT,BUY_LONG PUT,247.06549454535104,155.53284238072166,-38426.79862083713,Delta:-0.09,19066.05,22.99547001633502
515,2009-11-13,SPY_PUT,BUY_LONG PUT,207.94498110029235,184.70070793871503,-38407.585221526715,Delta:-0.09,19283.23,19.136368013004976
516,2009-11-20,SPY_PUT,BUY_LONG PUT,252.6501638257289,151.94283212654156,-38388.38142891595,Delta:-0.09,20103.54,22.301700873849626
517,2009-11-27,SPY_PUT,BUY_LONG PUT,230.49365314171357,166.46526581194453,-38369.18723820149,Delta:-0.09,20868.36,19.600249760990636
518,2009-12-04,SPY_PUT,BUY_LONG PUT,133.22145923142352,345.4398671129698,-46020.003173498866,Delta:-0.09,20147.83,11.73375172587664
519,2009-12-11,SPY_PUT,BUY_LONG PUT,206.66595686150515,185.4538271568357,-38326.99264299564,Delta:-0.09,20569.75,17.829157082600016
520,2009-12-18,SPY_PUT,BUY_LONG PUT,148.39496732431454,309.7773179567719,-45969.39497600897,Delta:-0.09,20117.94,13.089604572241997
521,2009-12-25,SPY_PUT,BUY_LONG PUT,187.19034385410708,204.52360768686168,-38284.84444918614,Delta:-0.09,19262.06,17.24533242734647
522,2010-01-01,SPY_PUT,BUY_LONG PUT,126.31737329762055,363.5196112268971,-45918.84243235386,Delta:-0.09,19091.87,11.741010171777749
523,2010-01-08,SPY_PUT,BUY_LONG PUT,170.08020100163048,224.8512312457742,-38242.74260574537,Delta:-0.09,19089.11,15.810985169811813
524,2010-01-15,SPY_PUT,BUY_LONG PUT,203.01613856997065,188.278732438153,-38223.6212344425,Delta:-0.09,19555.75,18.422434026416088
525,2010-01-22,SPY_PUT,BUY_LONG PUT,225.91596612222122,169.10938203967632,-38204.50942382528,Delta:-0.09,20389.92,19.661756283006245
526,2010-01-29,SPY_PUT,BUY_LONG PUT,251.68099995093323,151.72145365187617,-38185.407169113365,Delta:-0.09,20488.27,21.798975581309467
527,2010-02-05,SPY_PUT,BUY_LONG PUT,211.01432973162838,180.8707233962233,-38166.31446552881,Delta:-0.09,21252.45,17.61950955121255
528,2010-02-12,SPY_PUT,BUY_LONG PUT,248.38909590930626,153.5785263384696,-38147.231308296046,Delta:-0.09,21678.02,20.333107784836102
529,2010-02-19,SPY_PUT,BUY_LONG PUT,276.1370659064093,138.07692772966817,-38128.15769264189,Delta:-0.09,21441.36,22.854054329273623
530,2010-02-26,SPY_PUT,BUY_LONG PUT,262.5045575415662,145.17497894397965,-38109.09361379557,Delta:-0.09,21043.81,22.136214179769947
531,2010-03-05,SPY_PUT,BUY_LONG PUT,263.83397485814675,144.3712436484657,-38090.03906698868,Delta:-0.09,21446.2,21.83088490573356
532,2010-03-12,SPY_PUT,BUY_LONG PUT,294.1881616394621,129.41035368415848,-38070.99404745518,Delta:-0.09,21825.58,23.91940607923449
533,2010-03-19,SPY_PUT,BUY_LONG PUT,324.5876039268704,117.23170598654333,-38051.958550431445,Delta:-0.09,21339.92,26.991687061850886
534,2010-03-26,SPY_PUT,BUY_LONG PUT,214.70897218213113,177.13713676992523,-38032.932571156234,Delta:-0.09,21214.76,17.959866546703964
535,2010-04-02,SPY_PUT,BUY_LONG PUT,171.80124535383982,265.52019010044523,-45616.699325844784,Delta:-0.09,20881.77,14.599901638191803
536,2010-04-09,SPY_PUT,BUY_LONG PUT,184.79484764352262,205.5853192860347,-37991.10775520773,Delta:-0.09,20080.03,16.33113486841058
537,2010-04-16,SPY_PUT,BUY_LONG PUT,215.43636153109674,176.25674668595403,-37972.11220133013,Delta:-0.09,20370.77,18.767332839735367
538,2010-04-23,SPY_PUT,BUY_LONG PUT,218.59519246870042,173.62287668180895,-37953.126145229464,Delta:-0.09,20543.2,18.88266792031688
539,2010-04-30,SPY_PUT,BUY_LONG PUT,211.15893057434624,179.64738445576063,-37934.149582156846,Delta:-0.09,20293.93,18.464361058198126
540,2010-05-07,SPY_PUT,BUY_LONG PUT,254.8857320657727,148.7536481547027,-37915.18250736577,Delta:-0.09,21097.29,21.439257264781787
541,2010-05-14,SPY_PUT,BUY_LONG PUT,262.41354651015286,144.41413341687323,-37896.224916112085,Delta:-0.09,22360.63,20.82539402573722
542,2010-05-21,SPY_PUT,BUY_LONG PUT,241.34297444835158,156.94377219901185,-37877.27680365403,Delta:-0.09,23044.16,18.5850954226876
543,2010-05-28,SPY_PUT,BUY_LONG PUT,161.70242611317917,280.9482015223764,-45430.00579830264,Delta:-0.09,23117.69,12.412610113274388
544,2010-06-04,SPY_PUT,BUY_LONG PUT,161.10955835649477,281.81287477902987,-45402.74779482366,Delta:-0.09,22848.85,12.51260947288081
545,2010-06-11,SPY_PUT,BUY_LONG PUT,205.0358986573595,184.4209820624911,-37812.92178845564,Delta:-0.09,23948.5,15.192962205367206
546,2010-06-18,SPY_PUT,BUY_LONG PUT,282.3944688306347,133.83412034967395,-37794.015327561414,Delta:-0.09,24299.41,20.62298051679439
547,2010-06-25,SPY_PUT,BUY_LONG PUT,352.49611986512326,107.16463583869137,-37775.118319897636,Delta:-0.09,25699.83,24.339693906728936
548,2010-07-02,SPY_PUT,BUY_LONG PUT,321.64415731511946,117.38509748133667,-37756.230760737686,Delta:-0.09,26313.88,21.691106620033285
549,2010-07-09,SPY_PUT,BUY_LONG PUT,335.4083409856996,112.51167020609745,-37737.352645357314,Delta:-0.09,26010.48,22.883182465692727
550,2010-07-16,SPY_PUT,BUY_LONG PUT,310.8276496201545,121.34854803016506,-37718.483969034634,Delta:-0.09,25718.39,21.4470151142535
551,2010-07-23,SPY_PUT,BUY_LONG PUT,284.9736740845436,132.2916049988032,-37699.62472705012,Delta:-0.09,26572.08,19.031373464339254
552,2010-07-30,SPY_PUT,BUY_LONG PUT,242.26985627852793,155.53224612213629,-37680.77491468659,Delta:-0.09,26117.02,16.461397748108787
553,2010-08-06,SPY_PUT,BUY_LONG PUT,215.01022570021905,210.1961489761324,-45194.3214326751,Delta:-0.09,26250.71,14.534797517953885
554,2010-08-13,SPY_PUT,BUY_LONG PUT,184.22838730600125,245.16962613798103,-45167.204839815495,Delta:-0.09,26444.18,12.362816825236845
555,2010-08-20,SPY_PUT,BUY_LONG PUT,157.05340363952814,287.41882360294466,-45140.104516911604,Delta:-0.09,25482.91,10.936773287532608
556,2010-08-27,SPY_PUT,BUY_LONG PUT,217.60639484251774,172.762311231899,-37594.18371183455,Delta:-0.09,25396.96,15.204802261461252
557,2010-09-03,SPY_PUT,BUY_LONG PUT,241.88679675102523,155.34285924111472,-37575.386619978635,Delta:-0.09,24668.75,17.40026793013888
558,2010-09-10,SPY_PUT,BUY_LONG PUT,271.8454841603089,138.15421301801464,-37556.598926668645,Delta:-0.09,23908.27,20.177383343844056
559,2010-09-17,SPY_PUT,BUY_LONG PUT,289.4293099338314,129.69598910278683,-37537.82062720531,Delta:-0.09,23552.27,21.807238212290475
560,2010-09-24,SPY_PUT,BUY_LONG PUT,198.35043462481056,189.1553794064571,-37519.05171689171,Delta:-0.09,22983.72,15.314536407468516
561,2010-10-01,SPY_PUT,BUY_LONG PUT,215.72672536655628,173.83238969262572,-37500.29219103326,Delta:-0.09,23601.53,16.220141706864233
562,2010-10-08,SPY_PUT,BUY_LONG PUT,188.26993217036073,238.9008692754293,-44977.85045392529,Delta:-0.09,22975.38,14.541501112428529
563,2010-10-15,SPY_PUT,BUY_LONG PUT,238.67100951783698,156.9484840047626,-37459.05311971078,Delta:-0.09,23698.16,17.87211963829801
564,2010-10-22,SPY_PUT,BUY_LONG PUT,229.55135518529178,163.10216754298588,-37440.32359315092,Delta:-0.09,23759.21,17.145053736022525
565,2010-10-29,SPY_PUT,BUY_LONG PUT,223.9839869213965,167.0726731214354,-37421.60343135434,Delta:-0.09,23516.15,16.902137799970628
566,2010-11-05,SPY_PUT,BUY_LONG PUT,268.5250313778357,139.29015271954245,-37402.89262963866,Delta:-0.09,24541.73,19.41648522724096
567,2010-11-12,SPY_PUT,BUY_LONG PUT,187.8453959999594,238.81889242576014,-44861.02941998862,Delta:-0.09,24104.07,13.829327192612062
568,2010-11-19,SPY_PUT,BUY_LONG PUT,153.34061670789046,292.3824995939878,-44834.112802336625,Delta:-0.09,25709.5,10.58411217461087
569,2010-11-26,SPY_PUT,BUY_LONG PUT,161.55540817293965,277.3488850753334,-44807.21233465522,Delta:-0.09,25521.46,11.233288361539831
570,2010-12-03,SPY_PUT,BUY_LONG PUT,137.75910711834507,325.0625598842251,-44780.32800725442,Delta:-0.09,24446.19,10.0
571,2010-12-10,SPY_PUT,BUY_LONG PUT,187.804920755785,238.29758895745832,-44753.459810450084,Delta:-0.09,24653.01,13.518483098525117
572,2010-12-17,SPY_PUT,BUY_LONG PUT,192.85532947161738,231.9179244727393,-44726.60773456381,Delta:-0.09,24651.69,13.882764448600167
573,2010-12-24,SPY_PUT,BUY_LONG PUT,281.39180144082064,132.3770259742383,-37249.80980826922,Delta:-0.09,24658.69,20.25034334027148
574,2010-12-31,SPY_PUT,BUY_LONG PUT,349.2405339282739,106.6061389970602,-37231.18490336509,Delta:-0.09,24603.73,25.189215866763753
575,2011-01-07,SPY_PUT,BUY_LONG PUT,329.99660259652273,112.76652249784564,-37212.56931091341,Delta:-0.09,23791.27,24.614037820945292
576,2011-01-14,SPY_PUT,BUY_LONG PUT,243.60494587036658,152.68147735411978,-37193.96302625795,Delta:-0.09,23136.45,18.684450812242513
577,2011-01-21,SPY_PUT,BUY_LONG PUT,224.70737162620327,165.4390141974754,-37175.36604474482,Delta:-0.09,21228.44,18.78408924495265
578,2011-01-28,SPY_PUT,BUY_LONG PUT,221.89720195388531,167.45041413115416,-37156.77836172245,Delta:-0.09,21341.76,18.450685179855157
579,2011-02-04,SPY_PUT,BUY_LONG PUT,265.95855948196,139.63904769555154,-37138.19997254159,Delta:-0.09,21235.97,22.224538927332798
580,2011-02-11,SPY_PUT,BUY_LONG PUT,219.24733527363603,169.30482108814425,-37119.630872555324,Delta:-0.09,22186.79,17.536011630765618
581,2011-02-18,SPY_PUT,BUY_LONG PUT,288.3565190892936,128.66388862750208,-37101.07105711905,Delta:-0.09,21623.27,23.664609979858778
582,2011-02-25,SPY_PUT,BUY_LONG PUT,284.28216053977184,130.44265757366279,-37082.520521590486,Delta:-0.09,21647.88,23.303717585307112
583,2011-03-04,SPY_PUT,BUY_LONG PUT,275.65154881097715,134.45953567540306,-37063.97926132969,Delta:-0.09,21809.26,22.429029833927405
584,2011-03-11,SPY_PUT,BUY_LONG PUT,262.1787040937838,141.29846052808134,-37045.44727169902,Delta:-0.09,22831.98,20.377211855073483
585,2011-03-18,SPY_PUT,BUY_LONG PUT,250.71225411018023,147.68693568440813,-37026.92454806317,Delta:-0.09,22816.2,19.499489132683014
586,2011-03-25,SPY_PUT,BUY_LONG PUT,242.34051065264904,152.71244162241598,-37008.41108578914,Delta:-0.09,23651.87,18.182410704655798
587,2011-04-01,SPY_PUT,BUY_LONG PUT,211.71197916589085,174.71806284169736,-36989.90688024624,Delta:-0.09,24063.85,15.612454779905562
588,2011-04-08,SPY_PUT,BUY_LONG PUT,195.47094799689353,226.968226055119,-44365.69431216734,Delta:-0.09,23688.68,14.643078232401969
589,2011-04-15,SPY_PUT,BUY_LONG PUT,223.27530718302992,165.48730598928663,-36949.22907965004,Delta:-0.09,24086.38,16.449782390953793
590,2011-04-22,SPY_PUT,BUY_LONG PUT,199.4089578697412,185.20108053136855,-36930.754465110214,Delta:-0.09,22470.3,15.748046181856473
591,2011-04-29,SPY_PUT,BUY_LONG PUT,249.82013085690994,147.7554629455382,-36912.28908787766,Delta:-0.09,23323.48,19.007502252803256
592,2011-05-06,SPY_PUT,BUY_LONG PUT,233.86397735750302,157.75765622481856,-36893.83294333371,Delta:-0.09,24049.84,17.256076011009206
593,2011-05-13,SPY_PUT,BUY_LONG PUT,147.39294340465264,300.2210432201575,-44250.463232234455,Delta:-0.09,23560.74,11.101424571221438
594,2011-05-20,SPY_PUT,BUY_LONG PUT,151.1088753208102,292.66257763090334,-44223.91295429511,Delta:-0.09,23017.5,11.649915205709883
595,2011-05-27,SPY_PUT,BUY_LONG PUT,210.4935096956334,174.97522318871208,-36831.148838768786,Delta:-0.09,22916.29,16.29991510971998
596,2011-06-03,SPY_PUT,BUY_LONG PUT,220.80108794258027,166.72351394356636,-36812.7332643494,Delta:-0.09,23290.49,16.82338882175771
597,2011-06-10,SPY_PUT,BUY_LONG PUT,200.97104178555063,183.08272958538575,-36794.32689771723,Delta:-0.09,23567.71,15.13237173082746
598,2011-06-17,SPY_PUT,BUY_LONG PUT,181.91317443827725,242.59439052390144,-44131.115681122035,Delta:-0.09,23674.13,13.635816183483309
599,2011-06-24,SPY_PUT,BUY_LONG PUT,135.19683998592274,326.22535420432706,-44104.63701171337,Delta:-0.09,23991.5,10.0
600,2011-07-01,SPY_PUT,BUY_LONG PUT,207.73926331707003,176.8168966781143,-36731.81185792195,Delta:-0.09,23806.73,15.484946770635512
601,2011-07-08,SPY_PUT,BUY_LONG PUT,170.69863602366084,258.09307073950424,-44056.135142391584,Delta:-0.09,23620.57,12.824212061209762
602,2011-07-15,SPY_PUT,BUY_LONG PUT,286.97270084796406,127.85682323093381,-36691.41788442179,Delta:-0.09,23143.07,22.0044476493319
603,2011-07-22,SPY_PUT,BUY_LONG PUT,274.72835917349977,133.48848399126993,-36673.07217547958,Delta:-0.09,22607.17,21.564942822256683
604,2011-07-29,SPY_PUT,BUY_LONG PUT,222.42539221284693,164.79564349521564,-36654.73563939184,Delta:-0.09,21774.0,18.127468309667933
605,2011-08-05,SPY_PUT,BUY_LONG PUT,251.62756628148978,145.59775311178691,-36636.408271572145,Delta:-0.09,21693.97,20.5830667132444
606,2011-08-12,SPY_PUT,BUY_LONG PUT,253.79764610562535,144.28065283236182,-36618.09006743636,Delta:-0.09,21657.32,20.79571295624193
607,2011-08-19,SPY_PUT,BUY_LONG PUT,275.0754671112973,133.05359946037694,-36599.78102240265,Delta:-0.09,20758.32,23.515307339028258
608,2011-08-26,SPY_PUT,BUY_LONG PUT,236.42492511343127,154.72768412357743,-36581.48113189144,Delta:-0.09,20557.22,20.408908501782026
609,2011-09-02,SPY_PUT,BUY_LONG PUT,243.43883364831288,150.1945677415913,-36563.1903913255,Delta:-0.09,20856.09,20.71323124004327
610,2011-09-09,SPY_PUT,BUY_LONG PUT,246.78527169536983,148.08383233356258,-36544.908796129836,Delta:-0.09,20976.31,20.877629069908444
611,2011-09-16,SPY_PUT,BUY_LONG PUT,249.85994567802345,146.18844265979718,-36526.63634173177,Delta:-0.09,20642.91,21.479132894674958
612,2011-09-23,SPY_PUT,BUY_LONG PUT,245.92244544863885,148.454822645238,-36508.373023560904,Delta:-0.09,19979.42,21.842698522736097
613,2011-09-30,SPY_PUT,BUY_LONG PUT,212.77013456596728,171.50019156347213,-36490.11883704913,Delta:-0.09,19489.41,19.373265289228303
614,2011-10-07,SPY_PUT,BUY_LONG PUT,211.60768956205362,172.35608901128936,-36471.8737776306,Delta:-0.09,20227.16,18.564677149751567
615,2011-10-14,SPY_PUT,BUY_LONG PUT,212.37738645366977,171.64557135509418,-36453.63784074179,Delta:-0.09,20623.65,18.274002700873293
616,2011-10-21,SPY_PUT,BUY_LONG PUT,241.85661622697896,150.64880833207104,-36435.41102182142,Delta:-0.09,21434.88,20.022940295970468
617,2011-10-28,SPY_PUT,BUY_LONG PUT,204.43883047563872,178.132467455345,-36417.193316310506,Delta:-0.09,20965.31,17.30426344987249
618,2011-11-04,SPY_PUT,BUY_LONG PUT,207.41336463474886,175.49006441195485,-36398.984719652355,Delta:-0.09,20902.05,17.60916357898131
619,2011-11-11,SPY_PUT,BUY_LONG PUT,250.99154901996894,144.94824773720993,-36380.78522729253,Delta:-0.09,20525.82,21.69949405224104
620,2011-11-18,SPY_PUT,BUY_LONG PUT,242.96003738060517,149.6649211397496,-36362.59483467889,Delta:-0.09,21390.44,20.15607562376171
621,2011-11-25,SPY_PUT,BUY_LONG PUT,233.78771507708362,155.4590390914176,-36344.41353726154,Delta:-0.09,21968.6,18.884707476413272
622,2011-12-02,SPY_PUT,BUY_LONG PUT,250.83636065223357,144.82047672847804,-36326.241330492914,Delta:-0.09,21526.22,20.678247498580262
623,2011-12-09,SPY_PUT,BUY_LONG PUT,287.31722081065203,126.36930744139225,-36308.07820982767,Delta:-0.09,20894.3,24.401968323072104
624,2011-12-16,SPY_PUT,BUY_LONG PUT,267.2883524083879,135.77069050609302,-36289.924170722756,Delta:-0.09,21424.66,22.138952515114973
625,2011-12-23,SPY_PUT,BUY_LONG PUT,272.4856510176622,133.11445602060823,-36271.779208637396,Delta:-0.09,21164.37,22.84700166944445
626,2011-12-30,SPY_PUT,BUY_LONG PUT,296.70880303830205,122.18593768636217,-36253.64331903308,Delta:-0.09,21137.24,24.90995917372988
627,2012-01-06,SPY_PUT,BUY_LONG PUT,233.69408719483806,155.0553415036251,-36235.51649737356,Delta:-0.09,21076.86,19.675817447067807
628,2012-01-13,SPY_PUT,BUY_LONG PUT,251.17587506092397,144.19139071513203,-36217.398739124874,Delta:-0.09,21245.1,20.98022125153694
629,2012-01-20,SPY_PUT,BUY_LONG PUT,261.8176809883353,138.26144171435115,-36199.29003975531,Delta:-0.09,20874.43,22.25744253811986
630,2012-01-27,SPY_PUT,BUY_LONG PUT,210.95361169714909,171.51254298825734,-36181.19039473543,Delta:-0.09,20410.31,18.341221705666307
631,2012-02-03,SPY_PUT,BUY_LONG PUT,210.72841979427062,171.60997949324195,-36163.09979953806,Delta:-0.09,19508.87,19.168224709608783
632,2012-02-10,SPY_PUT,BUY_LONG PUT,204.71336108462606,176.56404085269438,-36145.01824963829,Delta:-0.09,19268.27,18.853604896539355
633,2012-02-17,SPY_PUT,BUY_LONG PUT,194.28607869857146,185.94716606825577,-36126.945740513474,Delta:-0.09,18726.8,18.410642801835877
634,2012-02-24,SPY_PUT,BUY_LONG PUT,218.07036585434403,165.58362767989058,-36108.882267643225,Delta:-0.09,18192.34,21.27154939117622
635,2012-03-02,SPY_PUT,BUY_LONG PUT,182.56030621211312,197.6926341511292,-36090.8278265094,Delta:-0.09,17804.13,18.19602374810341
636,2012-03-09,SPY_PUT,BUY_LONG PUT,127.23665397536536,340.2112327120482,-43287.338895115376,Delta:-0.09,17560.89,12.857502399812564
637,2012-03-16,SPY_PUT,BUY_LONG PUT,180.93521658111467,199.2488771636481,-36051.138743148585,Delta:-0.09,17428.47,18.422760535037693
638,2012-03-23,SPY_PUT,BUY_LONG PUT,242.183294175941,148.78447044163056,-36033.11317377701,Delta:-0.09,18248.92,23.550380918390335
639,2012-03-30,SPY_PUT,BUY_LONG PUT,202.2575115642228,178.0655578062635,-36015.096617190124,Delta:-0.09,18362.03,19.546760537472533
640,2012-04-06,SPY_PUT,BUY_LONG PUT,182.42935583644925,197.32070479464653,-35997.08906888153,Delta:-0.09,17733.58,18.25531611845528
641,2012-04-13,SPY_PUT,BUY_LONG PUT,230.67456053701687,155.97337842797555,-35979.090524347084,Delta:-0.09,18000.03,22.741414670897655
642,2012-04-20,SPY_PUT,BUY_LONG PUT,183.6799293688665,195.78133061488572,-35961.10097908491,Delta:-0.09,18177.04,17.932031872325236
643,2012-04-27,SPY_PUT,BUY_LONG PUT,206.70029187398123,173.89003229133698,-35943.12042859537,Delta:-0.09,19074.22,19.230264296723263
644,2012-05-04,SPY_PUT,BUY_LONG PUT,210.51917797540128,170.65024295591186,-35925.148868381075,Delta:-0.09,18998.89,19.66320925800103
645,2012-05-11,SPY_PUT,BUY_LONG PUT,174.8463307336704,205.36425410403072,-35907.186293946885,Delta:-0.09,19493.14,15.91716247339259
646,2012-05-18,SPY_PUT,BUY_LONG PUT,173.57759330750417,206.7618983356899,-35889.232700799905,Delta:-0.09,19549.02,15.756492207054633
647,2012-05-25,SPY_PUT,BUY_LONG PUT,195.92249715476592,183.08917355271123,-35871.28808444951,Delta:-0.09,18903.03,18.392632835867218
648,2012-06-01,SPY_PUT,BUY_LONG PUT,113.81175641705165,378.0279321130198,-43024.02292848875,Delta:-0.09,19165.23,10.538142931486695
649,2012-06-08,SPY_PUT,BUY_LONG PUT,141.36565029317023,304.1630581796928,-42998.20851473165,Delta:-0.09,19673.57,12.751214861163279
650,2012-06-15,SPY_PUT,BUY_LONG PUT,174.77152463356433,204.89803129982204,-35810.34132468568,Delta:-0.09,19423.63,15.96729083464648
651,2012-06-22,SPY_PUT,BUY_LONG PUT,251.29741437645768,142.4305786943126,-35792.43615402334,Delta:-0.09,20147.5,22.133897643416503
652,2012-06-29,SPY_PUT,BUY_LONG PUT,269.6667215660322,132.66204939264765,-35774.539935946326,Delta:-0.09,20454.74,23.395074195759964
653,2012-07-06,SPY_PUT,BUY_LONG PUT,303.58426781271856,117.78163909348775,-35756.65266597835,Delta:-0.09,20658.19,26.078219653235283
654,2012-07-13,SPY_PUT,BUY_LONG PUT,305.37346301415596,117.0330060342822,-35738.774339645366,Delta:-0.09,21070.33,25.718816355754498
655,2012-07-20,SPY_PUT,BUY_LONG PUT,305.6290042922864,116.87668529755793,-35720.90495247554,Delta:-0.09,20989.82,25.83906936137905
656,2012-07-27,SPY_PUT,BUY_LONG PUT,307.4390260750879,116.13048920887263,-35703.044499999305,Delta:-0.09,21857.86,24.959870505894127
657,2012-08-03,SPY_PUT,BUY_LONG PUT,257.9518472669449,138.3405211315273,-35685.1929777493,Delta:-0.09,20937.28,21.86297613182322
658,2012-08-10,SPY_PUT,BUY_LONG PUT,275.57002703280773,129.43116769740013,-35667.350381260425,Delta:-0.09,20969.77,23.32004165714419
659,2012-08-17,SPY_PUT,BUY_LONG PUT,280.34523872611516,127.16291123066937,-35649.51670606979,Delta:-0.09,20824.83,23.88925867560877
660,2012-08-24,SPY_PUT,BUY_LONG PUT,234.45659146155072,151.97564600592648,-35631.691947716754,Delta:-0.09,20755.69,20.045468080217354
661,2012-08-31,SPY_PUT,BUY_LONG PUT,204.97867676747842,173.7442970331114,-35613.8761017429,Delta:-0.09,20699.89,17.572422041388343
662,2012-09-07,SPY_PUT,BUY_LONG PUT,282.5279981498738,125.99129784230882,-35596.069163692024,Delta:-0.09,21665.46,23.141128472256455
663,2012-09-14,SPY_PUT,BUY_LONG PUT,278.56898187844035,127.71799246707063,-35578.27112911018,Delta:-0.09,21681.26,22.80022622617626
664,2012-09-21,SPY_PUT,BUY_LONG PUT,280.9257879659033,126.58318857456297,-35560.481993545625,Delta:-0.09,22450.52,22.205269800129273
665,2012-09-28,SPY_PUT,BUY_LONG PUT,241.24052326827805,147.33304865626835,-35542.70175254885,Delta:-0.09,22232.91,19.255063987758952
666,2012-10-05,SPY_PUT,BUY_LONG PUT,232.92704665179886,152.5152656693345,-35524.93040167257,Delta:-0.09,22155.51,18.6564507956412
667,2012-10-12,SPY_PUT,BUY_LONG PUT,238.92446055856817,148.6125273798317,-35507.167936471735,Delta:-0.09,22971.74,18.456849544737768
668,2012-10-19,SPY_PUT,BUY_LONG PUT,190.95936080123948,223.01759413266618,-42587.29722300419,Delta:-0.09,22841.33,14.835783395035897
669,2012-10-26,SPY_PUT,BUY_LONG PUT,128.38474182803927,331.51715880441867,-42561.744844670386,Delta:-0.09,22782.66,10.0
670,2012-11-02,SPY_PUT,BUY_LONG PUT,181.77846582060283,234.00025743281702,-42536.20779776359,Delta:-0.09,23777.0,13.566764912604363
671,2012-11-09,SPY_PUT,BUY_LONG PUT,232.15809060071757,152.59244954981244,-35425.57172757078,Delta:-0.09,23531.38,17.50762665417044
672,2012-11-16,SPY_PUT,BUY_LONG PUT,221.75976952704437,159.6676395237184,-35407.858941706996,Delta:-0.09,22793.76,17.26464564099025
673,2012-11-23,SPY_PUT,BUY_LONG PUT,159.31118597665395,266.5737861050562,-42468.18601468337,Delta:-0.09,21054.17,13.427623170239325
674,2012-11-30,SPY_PUT,BUY_LONG PUT,252.22612218239706,140.22703363631703,-35368.9209192288,Delta:-0.09,21622.59,20.700139998337182
675,2012-12-07,SPY_PUT,BUY_LONG PUT,231.3443695937216,152.807853162157,-35351.236458769185,Delta:-0.09,21722.99,18.898623838425088
676,2012-12-14,SPY_PUT,BUY_LONG PUT,240.62935165430997,146.83811678676787,-35333.5608405398,Delta:-0.09,21104.43,20.233258663537352
677,2012-12-21,SPY_PUT,BUY_LONG PUT,206.5591292830501,170.9723224662019,-35315.89406011953,Delta:-0.09,22621.39,16.203768789065798
678,2012-12-28,SPY_PUT,BUY_LONG PUT,189.45867598683986,223.57320463196746,-42357.88333570737,Delta:-0.09,22562.29,14.901233258355738
679,2013-01-04,SPY_PUT,BUY_LONG PUT,280.1823764431603,125.90748076040448,-35277.05717142161,Delta:-0.09,22434.43,22.162391786443962
680,2013-01-11,SPY_PUT,BUY_LONG PUT,302.2587771109432,116.65308441942791,-35259.4186428359,Delta:-0.09,23134.07,23.185576450989693
681,2013-01-18,SPY_PUT,BUY_LONG PUT,319.5658477590935,110.28021041873569,-35241.78893351449,Delta:-0.09,23604.37,24.02475075541323
682,2013-01-25,SPY_PUT,BUY_LONG PUT,376.67507249466706,93.51340349060776,-35224.16803904773,Delta:-0.09,23656.47,28.25582150737513
683,2013-02-01,SPY_PUT,BUY_LONG PUT,340.833744892137,103.29539396449714,-35206.555955028205,Delta:-0.09,23547.34,25.685714325992326
684,2013-02-08,SPY_PUT,BUY_LONG PUT,365.08283245499246,96.38621580867895,-35188.952677050685,Delta:-0.09,23311.19,27.79187806274101
685,2013-02-15,SPY_PUT,BUY_LONG PUT,271.1787498023721,129.69806161561007,-35171.358200712166,Delta:-0.09,22886.22,21.026766188735216
686,2013-02-22,SPY_PUT,BUY_LONG PUT,283.6519969768021,123.93275173905013,-35153.77252161181,Delta:-0.09,24106.8,20.88032599708042
687,2013-03-01,SPY_PUT,BUY_LONG PUT,321.91237509621266,109.14832219435353,-35136.195635351,Delta:-0.09,25472.73,22.426070396599226
688,2013-03-08,SPY_PUT,BUY_LONG PUT,317.56536097153355,110.5870849077943,-35118.62753753333,Delta:-0.09,25251.84,22.316756217437
689,2013-03-15,SPY_PUT,BUY_LONG PUT,400.387003967027,87.66785104407442,-35101.06822376456,Delta:-0.09,25877.55,27.456661007918672
690,2013-03-22,SPY_PUT,BUY_LONG PUT,382.62103763927627,91.69259982700787,-35083.517689652675,Delta:-0.09,25029.88,27.1269539198745
691,2013-03-29,SPY_PUT,BUY_LONG PUT,336.3991829354901,104.23918282088191,-35065.97593080785,Delta:-0.09,23496.8,25.406046693662777
692,2013-04-05,SPY_PUT,BUY_LONG PUT,284.09779129637485,123.36753053556623,-35048.44294284245,Delta:-0.09,23979.89,21.023817292059118
693,2013-04-12,SPY_PUT,BUY_LONG PUT,243.0818262291378,144.11163213966316,-35030.918721371025,Delta:-0.09,25472.46,16.93450548034237
694,2013-04-19,SPY_PUT,BUY_LONG PUT,225.03700715940965,155.58953482352288,-35013.40326201034,Delta:-0.09,24806.86,16.098045895592804
695,2013-04-26,SPY_PUT,BUY_LONG PUT,175.9227179386328,238.71320523313176,-41995.0758724552,Delta:-0.09,24272.61,12.861643526519288
696,2013-05-03,SPY_PUT,BUY_LONG PUT,233.0561496883665,150.07069785204192,-34974.8990224431,Delta:-0.09,24334.1,16.99558895969619
697,2013-05-10,SPY_PUT,BUY_LONG PUT,242.63943585568032,144.07143442966222,-34957.41157293188,Delta:-0.09,23121.93,18.622078499514537
698,2013-05-17,SPY_PUT,BUY_LONG PUT,261.9243752253315,133.3970266688118,-34939.93286714542,Delta:-0.09,22912.32,20.286066767152388
699,2013-05-24,SPY_PUT,BUY_LONG PUT,223.34463528759903,156.36132408437962,-34922.46290071184,Delta:-0.09,22916.51,17.29489894038108
700,2013-05-31,SPY_PUT,BUY_LONG PUT,207.79109716185687,167.98121837757355,-34905.00166926148,Delta:-0.09,23542.57,15.662602898402884
701,2013-06-07,SPY_PUT,BUY_LONG PUT,205.54376005428614,169.7329520449208,-34887.549168426856,Delta:-0.09,23608.01,15.450263287192257
702,2013-06-14,SPY_PUT,BUY_LONG PUT,189.59768946829362,220.69955910305939,-41844.12647261117,Delta:-0.09,23309.47,14.434161890576586
703,2013-06-21,SPY_PUT,BUY_LONG PUT,193.45263494890102,216.17188107969562,-41819.0199967276,Delta:-0.09,23541.82,14.582284371140942
704,2013-06-28,SPY_PUT,BUY_LONG PUT,173.21861496830834,241.27850573320936,-41793.92858472957,Delta:-0.09,23330.98,13.175058693252819
705,2013-07-05,SPY_PUT,BUY_LONG PUT,211.2768505813342,164.74770785602934,-34807.37685631561,Delta:-0.09,22825.45,16.42568259101896
706,2013-07-12,SPY_PUT,BUY_LONG PUT,256.7663575881305,135.49272379247117,-34789.97316788745,Delta:-0.09,22256.49,20.472574459023644
707,2013-07-19,SPY_PUT,BUY_LONG PUT,255.0024612201413,136.3617355492293,-34772.57818130351,Delta:-0.09,23404.67,19.334496347226928
708,2013-07-26,SPY_PUT,BUY_LONG PUT,230.68915869028712,150.6581067334578,-34755.19189221286,Delta:-0.09,23782.61,17.213082043888832
709,2013-08-02,SPY_PUT,BUY_LONG PUT,200.11516546104755,208.30693695543113,-41685.3771555201,Delta:-0.09,24667.32,14.396237013790387
710,2013-08-09,SPY_PUT,BUY_LONG PUT,253.96297744636047,136.7009158451907,-34716.97160768899,Delta:-0.09,25086.03,17.965088171684577
711,2013-08-16,SPY_PUT,BUY_LONG PUT,180.7520293735184,230.36828903433982,-41639.53574626217,Delta:-0.09,24787.46,12.940234629400026
712,2013-08-23,SPY_PUT,BUY_LONG PUT,188.29612826603955,221.00588263832017,-41614.55202481442,Delta:-0.09,24610.32,13.577353936866109
713,2013-08-30,SPY_PUT,BUY_LONG PUT,222.93753296828982,155.46052572013207,-34657.98607799961,Delta:-0.09,24469.68,16.167612957027277
714,2013-09-06,SPY_PUT,BUY_LONG PUT,248.48442182363752,139.4077617853521,-34640.65708496061,Delta:-0.09,25235.09,17.473713291962213
715,2013-09-13,SPY_PUT,BUY_LONG PUT,223.291685454028,155.058781906801,-34623.33675641813,Delta:-0.09,25339.06,15.637706563111168
716,2013-09-20,SPY_PUT,BUY_LONG PUT,227.0550466230241,152.41249028697322,-34606.02508803992,Delta:-0.09,24448.48,16.480491602943122
717,2013-09-27,SPY_PUT,BUY_LONG PUT,266.5857300124344,129.74708763999698,-34588.7220754959,Delta:-0.09,25745.66,18.37484684684543
718,2013-10-04,SPY_PUT,BUY_LONG PUT,205.60320339218376,201.77561717371037,-41485.71325734978,Delta:-0.09,25140.96,14.51238823601116
719,2013-10-11,SPY_PUT,BUY_LONG PUT,238.73010926972208,144.72696788654093,-34550.684857829474,Delta:-0.09,26326.33,16.09191641112927
720,2013-10-18,SPY_PUT,BUY_LONG PUT,246.5151366944292,140.08636539916353,-34533.409515400555,Delta:-0.09,26763.42,16.3453005012268
721,2013-10-25,SPY_PUT,BUY_LONG PUT,225.93033248586045,183.32806806878668,-41419.37137277143,Delta:-0.09,27208.0,14.735635671771849
722,2013-11-01,SPY_PUT,BUY_LONG PUT,209.852328484811,197.25547030536703,-41394.519749947765,Delta:-0.09,26508.58,14.048123705272298
723,2013-11-08,SPY_PUT,BUY_LONG PUT,181.42351344566202,228.02823213148935,-41369.6830380978,Delta:-0.09,26873.16,11.980245934964413
724,2013-11-15,SPY_PUT,BUY_LONG PUT,231.32610862854236,178.72976584180336,-41344.861228274945,Delta:-0.09,27406.42,14.97832784895065
725,2013-11-22,SPY_PUT,BUY_LONG PUT,178.81399112006147,231.07841871162285,-41320.05431153798,Delta:-0.09,27088.75,11.713954811599859
726,2013-11-29,SPY_PUT,BUY_LONG PUT,147.05776112870635,280.8098121581563,-41295.26227895105,Delta:-0.09,26096.3,10.0
727,2013-12-06,SPY_PUT,BUY_LONG PUT,290.97982490441285,118.19400518902263,-34392.07093465307,Delta:-0.09,26403.5,19.5565560869262
728,2013-12-13,SPY_PUT,BUY_LONG PUT,237.40094980867218,144.7967033278063,-34374.87489918574,Delta:-0.09,26631.07,15.819212249235964
729,2013-12-20,SPY_PUT,BUY_LONG PUT,247.5706025887084,138.77935062756595,-34357.687461736146,Delta:-0.09,25865.05,16.985433009735676
730,2013-12-27,SPY_PUT,BUY_LONG PUT,236.60124795991698,145.1408600508437,-34340.50861800528,Delta:-0.09,25800.71,16.273325339087584
731,2014-01-03,SPY_PUT,BUY_LONG PUT,287.3546329960706,119.44591951007668,-34323.338363696275,Delta:-0.09,26052.92,19.572786520990498
732,2014-01-10,SPY_PUT,BUY_LONG PUT,256.9468843797516,133.51466306869872,-34306.176694514426,Delta:-0.09,26285.68,17.346627331812062
733,2014-01-17,SPY_PUT,BUY_LONG PUT,293.2521680115383,116.92675228514605,-34289.02360616717,Delta:-0.09,26562.71,19.591140390607457
734,2014-01-24,SPY_PUT,BUY_LONG PUT,326.8515477029166,104.85457185448189,-34271.879094364085,Delta:-0.09,26672.53,21.745893793135036
735,2014-01-31,SPY_PUT,BUY_LONG PUT,299.32154419030957,114.44128837260585,-34254.743154816904,Delta:-0.09,27188.79,19.5361496968348
736,2014-02-07,SPY_PUT,BUY_LONG PUT,332.12981601668656,103.08504124640038,-34237.615783239504,Delta:-0.09,27578.89,21.370859291483427
737,2014-02-14,SPY_PUT,BUY_LONG PUT,350.0717652904399,97.75280490546436,-34220.49697534788,Delta:-0.09,27771.93,22.36876157156464
738,2014-02-21,SPY_PUT,BUY_LONG PUT,352.8046345051191,96.9471015448464,-34203.386726860204,Delta:-0.09,28826.73,21.71849976415715
739,2014-02-28,SPY_PUT,BUY_LONG PUT,338.68488005889657,100.93832658709728,-34186.28503349677,Delta:-0.09,30464.14,19.728672317158242
740,2014-03-07,SPY_PUT,BUY_LONG PUT,270.49763346648723,126.3197442916385,-34169.19189098002,Delta:-0.09,30551.82,15.711486540956018
741,2014-03-14,SPY_PUT,BUY_LONG PUT,376.69554648036666,90.6623601317637,-34152.10729503453,Delta:-0.09,30812.31,21.694872666237735
742,2014-03-21,SPY_PUT,BUY_LONG PUT,379.11909072341336,90.03775350972832,-34135.03124138702,Delta:-0.09,31440.58,21.398137598798453
743,2014-03-28,SPY_PUT,BUY_LONG PUT,332.0479405459519,102.75011394339536,-34117.96372576633,Delta:-0.09,30144.77,19.546983156593285
744,2014-04-04,SPY_PUT,BUY_LONG PUT,259.06868071580834,157.95458401076857,-40921.08569268413,Delta:-0.09,32081.27,14.330268433834089
745,2014-04-11,SPY_PUT,BUY_LONG PUT,259.7388250621129,157.4525218995993,-40896.53304126852,Delta:-0.09,31598.2,14.586983654004676
746,2014-04-18,SPY_PUT,BUY_LONG PUT,314.8188112535127,108.18920190607392,-34059.99593453646,Delta:-0.09,31115.39,17.9546254948904
747,2014-04-25,SPY_PUT,BUY_LONG PUT,253.8960989421373,160.89872705445967,-40851.55912388303,Delta:-0.09,30756.38,14.64912766523684
748,2014-05-02,SPY_PUT,BUY_LONG PUT,310.5917503531664,109.54102972252495,-34022.54015700725,Delta:-0.09,29892.35,18.43829563234339
749,2014-05-09,SPY_PUT,BUY_LONG PUT,420.9662777393511,80.77969824457978,-34005.52888692874,Delta:-0.09,29672.39,25.17594303465499
750,2014-05-16,SPY_PUT,BUY_LONG PUT,401.9219426742867,84.56499263596868,-33988.52612248528,Delta:-0.09,28919.4,24.662859694676097
751,2014-05-23,SPY_PUT,BUY_LONG PUT,367.8885243546538,92.34191775624572,-33971.53185942404,Delta:-0.09,28898.19,22.59105353017403
752,2014-05-30,SPY_PUT,BUY_LONG PUT,384.35701163667466,88.341164764781,-33954.546093494326,Delta:-0.09,29077.34,23.456925679471325
753,2014-06-06,SPY_PUT,BUY_LONG PUT,371.13338825555996,91.44304957299717,-33937.568820447574,Delta:-0.09,29298.12,22.479218890253264
754,2014-06-13,SPY_PUT,BUY_LONG PUT,282.7554000311545,119.96446409971274,-33920.60003603735,Delta:-0.09,29488.9,17.01544584682757
755,2014-06-20,SPY_PUT,BUY_LONG PUT,263.1951397770583,128.81559957656398,-33903.63973601933,Delta:-0.09,28540.14,16.364875248674835
756,2014-06-27,SPY_PUT,BUY_LONG PUT,261.6292779107088,129.52177289468528,-33886.68791615133,Delta:-0.09,26985.92,17.204423513843107
757,2014-07-04,SPY_PUT,BUY_LONG PUT,280.09054696338075,120.9242687387854,-33869.744572193245,Delta:-0.09,26300.44,18.89845989772951
758,2014-07-11,SPY_PUT,BUY_LONG PUT,292.86435657144176,115.59211266342358,-33852.80969990715,Delta:-0.09,26442.28,19.654341828707846
759,2014-07-18,SPY_PUT,BUY_LONG PUT,301.12529028653836,112.36480092010993,-33835.883295057196,Delta:-0.09,26531.76,20.14058937030089
760,2014-07-25,SPY_PUT,BUY_LONG PUT,306.68702737017037,110.27191349893737,-33818.965353409665,Delta:-0.09,25839.32,21.062276221087583
761,2014-08-01,SPY_PUT,BUY_LONG PUT,257.970041765385,131.0309353730104,-33802.05587073296,Delta:-0.09,24376.61,18.779621667386643
762,2014-08-08,SPY_PUT,BUY_LONG PUT,300.9734546689823,112.25293898412174,-33785.1548427976,Delta:-0.09,24414.36,21.876297805136133
763,2014-08-15,SPY_PUT,BUY_LONG PUT,265.02748687257554,127.41418885963283,-33768.2622653762,Delta:-0.09,23688.92,19.853477918319545
764,2014-08-22,SPY_PUT,BUY_LONG PUT,269.9810502005645,125.01387823023197,-33751.37813424351,Delta:-0.09,22633.5,21.167643870984918
765,2014-08-29,SPY_PUT,BUY_LONG PUT,229.6241878663194,146.91179861598746,-33734.50244517639,Delta:-0.09,22476.58,18.12919017454066
766,2014-09-05,SPY_PUT,BUY_LONG PUT,229.61964142494537,146.84125009826272,-33717.63519395381,Delta:-0.09,23085.96,17.650298715911156
767,2014-09-12,SPY_PUT,BUY_LONG PUT,260.23555434195896,129.50104554919037,-33700.77637635683,Delta:-0.09,22537.27,20.490670672038714
768,2014-09-19,SPY_PUT,BUY_LONG PUT,246.65143450505485,136.56488986476313,-33683.92598816865,Delta:-0.09,22543.99,19.415282543716103
769,2014-09-26,SPY_PUT,BUY_LONG PUT,213.09781690616583,157.988873438339,-33667.08402517457,Delta:-0.09,22537.27,16.779096993315225
770,2014-10-03,SPY_PUT,BUY_LONG PUT,230.4816181784072,145.99971463717588,-33650.25048316198,Delta:-0.09,22525.48,18.15737819828055
771,2014-10-10,SPY_PUT,BUY_LONG PUT,205.85078842509944,163.3874012105531,-33633.4253579204,Delta:-0.09,22491.92,16.24115972907105
772,2014-10-17,SPY_PUT,BUY_LONG PUT,207.95172891285245,161.6558266718203,-33616.60864524144,Delta:-0.09,22013.47,16.76351140865254
773,2014-10-24,SPY_PUT,BUY_LONG PUT,211.44172483707544,158.90808858473343,-33599.80034091882,Delta:-0.09,21555.37,17.40709072001316
774,2014-10-31,SPY_PUT,BUY_LONG PUT,253.23525714469315,132.61581668922094,-33583.00044074835,Delta:-0.09,22202.24,20.240365562374006
775,2014-11-07,SPY_PUT,BUY_LONG PUT,186.28405816341504,180.18830635030776,-33566.20894052798,Delta:-0.09,21044.51,15.708252067699048
776,2014-11-14,SPY_PUT,BUY_LONG PUT,214.7526292209595,156.22358598244975,-33549.425836057715,Delta:-0.09,21232.03,17.948903386374102
777,2014-11-21,SPY_PUT,BUY_LONG PUT,191.45992592774428,175.14187870204594,-33532.65112313969,Delta:-0.09,20669.51,16.437612837441495
778,2014-11-28,SPY_PUT,BUY_LONG PUT,178.3376737331574,187.93496682998776,-33515.88479757812,Delta:-0.09,20485.31,15.448687527808843
779,2014-12-05,SPY_PUT,BUY_LONG PUT,159.88114473594226,251.4302252001466,-40198.952226215195,Delta:-0.09,20061.47,14.142475915097528
780,2014-12-12,SPY_PUT,BUY_LONG PUT,138.91830480995011,289.1975460673914,-40174.83285487947,Delta:-0.09,21047.39,11.712570719328056
781,2014-12-19,SPY_PUT,BUY_LONG PUT,149.0897903122147,269.30568398470047,-40150.72795516655,Delta:-0.09,21491.08,12.310641723027647
782,2014-12-26,SPY_PUT,BUY_LONG PUT,181.0851826133171,184.6582040346469,-33438.8645986612,Delta:-0.09,21369.97,15.037306173546744
783,2015-01-02,SPY_PUT,BUY_LONG PUT,215.44403512438043,155.13144816038445,-33422.14516636187,Delta:-0.09,20751.36,18.423784248229023
784,2015-01-09,SPY_PUT,BUY_LONG PUT,261.8110716316083,127.59366472011978,-33405.43409377869,Delta:-0.09,21088.39,22.03107132640557
785,2015-01-16,SPY_PUT,BUY_LONG PUT,249.80630290474292,133.65848254622992,-33388.731376731805,Delta:-0.09,21073.82,21.035415298536325
786,2015-01-23,SPY_PUT,BUY_LONG PUT,248.8303075223388,134.11564428520208,-33372.03701104344,Delta:-0.09,21114.98,20.91238063058829
787,2015-01-30,SPY_PUT,BUY_LONG PUT,201.87160695381104,165.2305219929702,-33355.35099253791,Delta:-0.09,22150.92,16.172400013502454
788,2015-02-06,SPY_PUT,BUY_LONG PUT,162.82030753905448,245.70895722484704,-40006.40798044998,Delta:-0.09,21956.76,13.159250982049839
789,2015-02-13,SPY_PUT,BUY_LONG PUT,121.32592038020215,329.5454426421643,-39982.4041356617,Delta:-0.09,21511.63,10.00855066006568
790,2015-02-20,SPY_PUT,BUY_LONG PUT,160.27423469046096,249.31277800422725,-39958.41469318031,Delta:-0.09,21616.07,13.157638138785924
791,2015-02-27,SPY_PUT,BUY_LONG PUT,184.9164483031485,215.95936981710057,-39934.43964436441,Delta:-0.09,22124.74,14.831608259496633
792,2015-03-06,SPY_PUT,BUY_LONG PUT,207.2043997033416,160.51170984511896,-33258.73248381482,Delta:-0.09,22242.61,16.531195392736684
793,2015-03-13,SPY_PUT,BUY_LONG PUT,152.51701999569923,261.54801439349103,-39890.5237410875,Delta:-0.09,22633.57,11.957933060065319
794,2015-03-20,SPY_PUT,BUY_LONG PUT,159.11835637267666,250.54676490919695,-39866.58942684284,Delta:-0.09,23231.76,12.154276344890249
795,2015-03-27,SPY_PUT,BUY_LONG PUT,210.90993794837948,157.4237083561005,-33202.22456098894,Delta:-0.09,23057.84,16.2318995631559
796,2015-04-03,SPY_PUT,BUY_LONG PUT,270.1505657692902,122.84121395121979,-33185.62344870845,Delta:-0.09,23546.3,20.35982914618634
797,2015-04-10,SPY_PUT,BUY_LONG PUT,284.0605808457022,116.76745340107946,-33169.0306369841,Delta:-0.09,25109.95,20.07502305192876
798,2015-04-17,SPY_PUT,BUY_LONG PUT,187.7573301779747,211.8848585474058,-39782.93534599873,Delta:-0.09,24856.63,13.404346770624779
799,2015-04-24,SPY_PUT,BUY_LONG PUT,192.09257873160215,206.97866542956746,-39759.065584791126,Delta:-0.09,23306.34,14.626064291282134
800,2015-05-01,SPY_PUT,BUY_LONG PUT,164.0065122500696,242.27824615192006,-39735.21014544025,Delta:-0.09,23227.52,12.529944927454554
801,2015-05-08,SPY_PUT,BUY_LONG PUT,178.81740287620093,222.0777641359998,-39711.369019353,Delta:-0.09,22761.87,13.940960789481176
802,2015-05-15,SPY_PUT,BUY_LONG PUT,308.7590224713757,107.11574213085201,-33072.95183161782,Delta:-0.09,22085.63,24.80851938700415
803,2015-05-22,SPY_PUT,BUY_LONG PUT,268.22095739187347,123.24322333771354,-33056.41535570201,Delta:-0.09,21519.24,22.118555427947484
804,2015-05-29,SPY_PUT,BUY_LONG PUT,300.76724264784565,109.85201332815696,-33039.88714802416,Delta:-0.09,21291.6,25.067628928785474
805,2015-06-05,SPY_PUT,BUY_LONG PUT,264.2791625147708,124.9563790433324,-33023.36720445014,Delta:-0.09,21058.51,22.270308383106663
806,2015-06-12,SPY_PUT,BUY_LONG PUT,264.33574159166744,124.8671682539066,-33006.855520847916,Delta:-0.09,21344.68,21.97643457852509
807,2015-06-19,SPY_PUT,BUY_LONG PUT,277.529257862056,118.87161860781224,-32990.352093087495,Delta:-0.09,20036.57,24.579688781992097
808,2015-06-26,SPY_PUT,BUY_LONG PUT,255.1484891048044,129.23398854028352,-32973.85691704095,Delta:-0.09,20187.23,22.428856351925717
809,2015-07-03,SPY_PUT,BUY_LONG PUT,236.39122800327132,139.41875198569699,-32957.36998858243,Delta:-0.09,20350.23,20.613554749610557
810,2015-07-10,SPY_PUT,BUY_LONG PUT,261.44160955176727,125.99712555344259,-32940.891303588134,Delta:-0.09,21216.16,21.867489115168876
811,2015-07-17,SPY_PUT,BUY_LONG PUT,193.95790538157357,169.7503424424186,-32924.42085793634,Delta:-0.09,21003.86,16.386992021203774
812,2015-07-24,SPY_PUT,BUY_LONG PUT,241.73206793125448,136.13402197372497,-32907.958647507374,Delta:-0.09,21754.32,19.71876319475808
813,2015-07-31,SPY_PUT,BUY_LONG PUT,224.14963787680713,146.73904887707567,-32891.50466818362,Delta:-0.09,21621.18,18.397109284719942
814,2015-08-07,SPY_PUT,BUY_LONG PUT,208.73129632188548,157.49942387725486,-32875.05891584953,Delta:-0.09,21569.81,17.172445733801514
815,2015-08-14,SPY_PUT,BUY_LONG PUT,211.09168935580897,155.66042171848,-32858.6213863916,Delta:-0.09,21013.41,17.826476474457
816,2015-08-21,SPY_PUT,BUY_LONG PUT,248.24938165050636,132.29516165294913,-32842.192075698404,Delta:-0.09,20302.5,21.698492979762644
817,2015-08-28,SPY_PUT,BUY_LONG PUT,213.58968327333807,153.68612601785773,-32825.770979660556,Delta:-0.09,20571.53,18.42487859849964
818,2015-09-04,SPY_PUT,BUY_LONG PUT,279.2242707952872,117.50181315085192,-32809.35809417072,Delta:-0.09,20957.89,23.64267183341793
819,2015-09-11,SPY_PUT,BUY_LONG PUT,300.2277165310462,109.22693545428393,-32792.95341512364,Delta:-0.09,21402.16,24.893397049099104
820,2015-09-18,SPY_PUT,BUY_LONG PUT,295.0853760525011,111.07482646847443,-32776.55693841608,Delta:-0.09,21146.13,24.763259091613683
821,2015-09-25,SPY_PUT,BUY_LONG PUT,256.8796445748489,127.53119739855953,-32760.168659946867,Delta:-0.09,21140.77,21.56253290002697
822,2015-10-02,SPY_PUT,BUY_LONG PUT,225.845746599002,144.9829765169533,-32743.788575616894,Delta:-0.09,21504.17,18.637176775800288
823,2015-10-09,SPY_PUT,BUY_LONG PUT,277.3818940015014,117.98685274371925,-32727.416681329087,Delta:-0.09,22055.6,22.317738279196618
824,2015-10-16,SPY_PUT,BUY_LONG PUT,260.8508315762459,125.4013750898359,-32711.052972988426,Delta:-0.09,21042.97,21.997638613358788
825,2015-10-23,SPY_PUT,BUY_LONG PUT,202.52899548774994,161.43218094655234,-32694.69744650193,Delta:-0.09,21248.88,16.91383771538544
826,2015-10-30,SPY_PUT,BUY_LONG PUT,148.39437662597183,264.25543210558027,-39214.02011733441,Delta:-0.09,21460.75,12.270536156510227
827,2015-11-06,SPY_PUT,BUY_LONG PUT,131.6482264983321,297.6909962836494,-39190.49170526401,Delta:-0.09,22001.57,10.618235689173103
828,2015-11-13,SPY_PUT,BUY_LONG PUT,132.0669743234517,296.56905226218856,-39166.977410240856,Delta:-0.09,22233.18,10.541045174065953
829,2015-11-20,SPY_PUT,BUY_LONG PUT,146.4435104615222,267.2940378199934,-39143.47722379471,Delta:-0.09,22640.97,11.477994879446287
830,2015-11-27,SPY_PUT,BUY_LONG PUT,188.37685997023962,173.05730979750177,-32599.992614550367,Delta:-0.09,21965.21,15.218893624341423
831,2015-12-04,SPY_PUT,BUY_LONG PUT,257.5703652540218,126.50404321983356,-32583.69261824309,Delta:-0.09,22358.82,20.442688922786218
832,2015-12-11,SPY_PUT,BUY_LONG PUT,239.92875193219984,135.7377992827513,-32567.40077193397,Delta:-0.09,22185.01,19.191708563960873
833,2015-12-18,SPY_PUT,BUY_LONG PUT,212.2602389668318,153.35475560561534,-32551.117071548,Delta:-0.09,21668.84,17.382968010641424
834,2015-12-25,SPY_PUT,BUY_LONG PUT,204.71005267071735,158.9313328219673,-32534.84151301223,Delta:-0.09,21827.46,16.642819569061125
835,2016-01-01,SPY_PUT,BUY_LONG PUT,179.231808664419,181.43305217178948,-32518.57409225572,Delta:-0.09,20993.61,15.150219962407128
836,2016-01-08,SPY_PUT,BUY_LONG PUT,161.1895614739644,241.96838436433924,-39002.77776625151,Delta:-0.09,21592.26,13.247374889174141
837,2016-01-15,SPY_PUT,BUY_LONG PUT,119.79064075727209,325.39583938426716,-38979.376099591755,Delta:-0.09,21065.66,10.091107446561853
838,2016-01-22,SPY_PUT,BUY_LONG PUT,178.07654510000205,218.75979485145317,-38955.988473932,Delta:-0.09,21473.02,14.716501202650564
839,2016-01-29,SPY_PUT,BUY_LONG PUT,138.9911849110093,280.1085184342783,-38932.614880847636,Delta:-0.09,20766.86,11.87701404761663
840,2016-02-05,SPY_PUT,BUY_LONG PUT,174.95389022563438,185.3309999839514,-32424.379426599276,Delta:-0.09,19956.41,15.557222939725596
841,2016-02-12,SPY_PUT,BUY_LONG PUT,221.30964371777142,146.43811581123413,-32408.167236885976,Delta:-0.09,19341.54,20.3048746476439
842,2016-02-19,SPY_PUT,BUY_LONG PUT,248.73648721521513,130.2260215858115,-32391.963153267538,Delta:-0.09,18240.01,24.19944313449206
843,2016-02-26,SPY_PUT,BUY_LONG PUT,215.58030131171472,150.1796174079825,-32375.767171690906,Delta:-0.09,17865.88,21.41290371348322
844,2016-03-04,SPY_PUT,BUY_LONG PUT,228.85190528379337,141.39964990886477,-32359.579288105062,Delta:-0.09,17981.41,22.585081499621097
845,2016-03-11,SPY_PUT,BUY_LONG PUT,251.27797313485536,128.7156175885859,-32343.399498461007,Delta:-0.09,17625.86,25.298519140651866
846,2016-03-18,SPY_PUT,BUY_LONG PUT,263.20999066158856,122.819151801404,-32327.227798711778,Delta:-0.09,18310.78,25.508595455871564
847,2016-03-25,SPY_PUT,BUY_LONG PUT,270.9977950753339,119.22998921755197,-32311.06418481242,Delta:-0.09,17919.21,26.83724351044555
848,2016-04-01,SPY_PUT,BUY_LONG PUT,269.89333312491124,119.65804519437084,-32294.908652720012,Delta:-0.09,18215.51,26.293093410239152
849,2016-04-08,SPY_PUT,BUY_LONG PUT,214.58720023612278,150.42258421227106,-32278.76119839365,Delta:-0.09,18056.1,21.08971615526864
850,2016-04-15,SPY_PUT,BUY_LONG PUT,232.77242981959682,138.60155965549106,-32262.621817794454,Delta:-0.09,18347.96,22.513074101064362
851,2016-04-22,SPY_PUT,BUY_LONG PUT,224.60064337724836,143.5725651627945,-32246.49050688556,Delta:-0.09,18507.41,21.535561905155983
852,2016-04-29,SPY_PUT,BUY_LONG PUT,210.22626057457316,153.31275537862263,-32230.367261632113,Delta:-0.09,18669.74,19.982027956208945
853,2016-05-06,SPY_PUT,BUY_LONG PUT,246.03228806140493,130.93505869425252,-32214.252078001296,Delta:-0.09,18941.01,23.050476681037665
854,2016-05-13,SPY_PUT,BUY_LONG PUT,202.84150898543544,158.73548324999993,-32198.1449519623,Delta:-0.09,18643.44,19.30730456942341
855,2016-05-20,SPY_PUT,BUY_LONG PUT,178.64392510325118,180.14632101755487,-32182.045879486315,Delta:-0.09,17550.86,18.062624725519626
856,2016-05-27,SPY_PUT,BUY_LONG PUT,175.31715035064332,183.47295054826645,-32165.954856546574,Delta:-0.09,17281.86,18.002172064767322
857,2016-06-03,SPY_PUT,BUY_LONG PUT,170.29709179935188,188.78696952146458,-32149.8718791183,Delta:-0.09,17705.47,17.068315627627996
858,2016-06-10,SPY_PUT,BUY_LONG PUT,158.36012428237015,202.9159618862216,-32133.79694317874,Delta:-0.09,18163.72,15.471485918475004
859,2016-06-17,SPY_PUT,BUY_LONG PUT,176.56485213171126,181.90330440595525,-32117.73004470715,Delta:-0.09,18093.17,17.317311390821402
860,2016-06-24,SPY_PUT,BUY_LONG PUT,198.3452845900757,161.8474129396622,-32101.6711796848,Delta:-0.09,17214.23,20.446787970459063
861,2016-07-01,SPY_PUT,BUY_LONG PUT,199.77437509889336,160.60928899520655,-32085.620344094958,Delta:-0.09,16549.06,21.42187059980107
862,2016-07-08,SPY_PUT,BUY_LONG PUT,168.87586070852194,189.9003054632816,-32069.57753392291,Delta:-0.09,16142.25,18.564980040672417
863,2016-07-15,SPY_PUT,BUY_LONG PUT,167.7770369208918,191.04844937909738,-32053.542745155948,Delta:-0.09,15921.17,18.700294144461125
864,2016-07-22,SPY_PUT,BUY_LONG PUT,215.90285246572194,148.3885720262535,-32037.515973783367,Delta:-0.09,16095.52,23.803687942865743
865,2016-07-29,SPY_PUT,BUY_LONG PUT,268.8700962200727,119.09653645374745,-32021.497215796473,Delta:-0.09,15968.03,29.880107876528374
866,2016-08-05,SPY_PUT,BUY_LONG PUT,197.21645989664364,162.28608141512058,-32005.486467188573,Delta:-0.09,16498.27,21.212682292086964
867,2016-08-12,SPY_PUT,BUY_LONG PUT,201.3862066930543,158.8464485689043,-31989.48372395498,Delta:-0.09,16705.1,21.392992623296184
868,2016-08-19,SPY_PUT,BUY_LONG PUT,211.71580811107597,151.02079182163962,-31973.488982093004,Delta:-0.09,15902.94,23.62472096902647
869,2016-08-26,SPY_PUT,BUY_LONG PUT,221.2622509241619,144.4326906380224,-31957.50223760196,Delta:-0.09,16592.25,23.66425951389796
870,2016-09-02,SPY_PUT,BUY_LONG PUT,211.56904236243432,150.9744673881202,-31941.52348648316,Delta:-0.09,16001.7,23.4626391425047
871,2016-09-09,SPY_PUT,BUY_LONG PUT,224.20252265327187,142.39604598076994,-31925.552724739915,Delta:-0.09,15357.71,25.906281468124913
872,2016-09-16,SPY_PUT,BUY_LONG PUT,206.33877127701487,154.64660253083574,-31909.589948377543,Delta:-0.09,15725.81,23.284060429638803
873,2016-09-23,SPY_PUT,BUY_LONG PUT,200.09428549665935,159.39303351037395,-31893.635153403357,Delta:-0.09,15809.36,22.460078507646465
874,2016-09-30,SPY_PUT,BUY_LONG PUT,182.5010843412854,174.67122702796613,-31877.688335826657,Delta:-0.09,16046.14,20.183004088771767
875,2016-10-07,SPY_PUT,BUY_LONG PUT,162.18180582218054,196.4569905368585,-31861.749491658746,Delta:-0.09,15634.2,18.40845197574968
876,2016-10-14,SPY_PUT,BUY_LONG PUT,192.48447681501318,165.44616554984992,-31845.81861691292,Delta:-0.09,15618.93,21.86932750863901
877,2016-10-21,SPY_PUT,BUY_LONG PUT,175.49404336830744,181.37308307840058,-31829.89570760446,Delta:-0.09,15495.76,20.097425348144082
878,2016-10-28,SPY_PUT,BUY_LONG PUT,122.2677131252224,312.23923254867333,-38176.77691170079,Delta:-0.09,15181.24,14.292082919494593
879,2016-11-04,SPY_PUT,BUY_LONG PUT,95.54526574061894,399.3276961428084,-38153.87084555376,Delta:-0.09,15559.22,10.897133841768479
880,2016-11-11,SPY_PUT,BUY_LONG PUT,98.31196512209864,387.85694575110597,-38130.97852304643,Delta:-0.09,15352.2,11.363880583473684
881,2016-11-18,SPY_PUT,BUY_LONG PUT,141.98712147428964,223.6593686587334,-31756.749946610507,Delta:-0.09,15535.06,16.219108739154716
882,2016-11-25,SPY_PUT,BUY_LONG PUT,151.948411558076,208.89242109323115,-31740.871571637203,Delta:-0.09,15883.25,16.97648740435506
883,2016-12-02,SPY_PUT,BUY_LONG PUT,165.7077013462828,191.45157936597647,-31725.001135851388,Delta:-0.09,15138.47,19.424578222207874
884,2016-12-09,SPY_PUT,BUY_LONG PUT,183.00413925245172,173.27006244127153,-31709.13863528346,Delta:-0.09,14504.6,22.38958721339809
885,2016-12-16,SPY_PUT,BUY_LONG PUT,163.71643774995437,193.58645045997926,-31693.28406596582,Delta:-0.09,14797.79,19.63298702175996
886,2016-12-23,SPY_PUT,BUY_LONG PUT,163.92198429948303,193.24703491911512,-31677.43742393284,Delta:-0.09,14460.1,20.11671093533896
887,2016-12-30,SPY_PUT,BUY_LONG PUT,128.66647383088085,246.07497013430913,-31661.59870522087,Delta:-0.09,13648.07,16.729588352933867
888,2017-01-06,SPY_PUT,BUY_LONG PUT,157.73815537149386,200.6221502422059,-31645.76790586826,Delta:-0.09,13952.71,20.061771173858695
889,2017-01-13,SPY_PUT,BUY_LONG PUT,124.7598002985701,253.52673654670673,-31629.945021915326,Delta:-0.09,13661.92,16.20518054998908
890,2017-01-20,SPY_PUT,BUY_LONG PUT,102.4747087406297,370.2079910791081,-37936.95605928524,Delta:-0.09,13747.61,13.227579820457542
891,2017-01-27,SPY_PUT,BUY_LONG PUT,130.44503494477095,242.21053399810722,-31595.16157137473,Delta:-0.09,14048.58,16.47729884594971
892,2017-02-03,SPY_PUT,BUY_LONG PUT,111.87613855492407,338.7249263175337,-37895.23678870685,Delta:-0.09,13550.58,14.65110469439712
893,2017-02-10,SPY_PUT,BUY_LONG PUT,95.0715719811996,398.3577725434361,-37872.49964663362,Delta:-0.09,14310.54,11.789234016584743
894,2017-02-17,SPY_PUT,BUY_LONG PUT,117.80615077734122,321.28862455054133,-37849.776146845645,Delta:-0.09,14429.44,14.488037492655167
895,2017-02-24,SPY_PUT,BUY_LONG PUT,174.1943485393564,180.96198584293302,-31522.555234297954,Delta:-0.09,15207.28,20.327005304493348
896,2017-03-03,SPY_PUT,BUY_LONG PUT,210.75386103837866,149.49569038236203,-31506.793956680805,Delta:-0.09,15308.38,24.430768950696763
897,2017-03-10,SPY_PUT,BUY_LONG PUT,196.97905732775806,159.86999322117674,-31491.040559702466,Delta:-0.09,15098.38,23.15157416303169
898,2017-03-17,SPY_PUT,BUY_LONG PUT,199.61468826546366,157.6802554607817,-31475.295039422614,Delta:-0.09,14956.61,23.683731255752015
899,2017-03-24,SPY_PUT,BUY_LONG PUT,180.40575660809458,174.38222584129755,-31459.557391902905,Delta:-0.09,14836.83,21.577453098891645
900,2017-03-31,SPY_PUT,BUY_LONG PUT,184.1351387692069,170.76494917473806,-31443.827613206955,Delta:-0.09,14601.66,22.378218828162364
901,2017-04-07,SPY_PUT,BUY_LONG PUT,195.97374713056715,160.3689583914596,-31428.10569940035,Delta:-0.09,13982.18,24.872187543904513
902,2017-04-14,SPY_PUT,BUY_LONG PUT,226.44120430923013,138.72206581119224,-31412.391646550648,Delta:-0.09,14323.02,28.055091258575423
903,2017-04-21,SPY_PUT,BUY_LONG PUT,186.09636933223965,168.71197199271828,-31396.68545072737,Delta:-0.09,14025.63,23.545415129117185
904,2017-04-28,SPY_PUT,BUY_LONG PUT,186.31500166814806,168.42973902818488,-31380.98710800201,Delta:-0.09,13783.31,23.987512146934513
905,2017-05-05,SPY_PUT,BUY_LONG PUT,167.00473377368877,187.81082371564216,-31365.296614448012,Delta:-0.09,14534.38,20.390275081901965
906,2017-05-12,SPY_PUT,BUY_LONG PUT,182.00520318238193,172.245701869997,-31349.613966140787,Delta:-0.09,14534.3,22.221867752755948
907,2017-05-19,SPY_PUT,BUY_LONG PUT,167.4493150363271,187.12491688819395,-31333.939159157715,Delta:-0.09,14809.19,20.06517545699356
908,2017-05-26,SPY_PUT,BUY_LONG PUT,153.57227033147106,203.93181739112563,-31318.272189578136,Delta:-0.09,14792.58,18.422980864908464
909,2017-06-02,SPY_PUT,BUY_LONG PUT,151.20963051055656,207.01467854785867,-31302.61305348335,Delta:-0.09,14605.57,18.371806136869274
910,2017-06-09,SPY_PUT,BUY_LONG PUT,141.76373276520823,220.69792560255635,-31286.961746956607,Delta:-0.09,14726.88,17.082264074405213
911,2017-06-16,SPY_PUT,BUY_LONG PUT,138.44510724350073,225.87521429039992,-31271.318266083126,Delta:-0.09,15110.53,16.25881320933283
912,2017-06-23,SPY_PUT,BUY_LONG PUT,176.6912889881567,176.89430410485653,-31255.682606950082,Delta:-0.09,14976.08,20.936687947699763
913,2017-06-30,SPY_PUT,BUY_LONG PUT,203.58048663888337,153.45309013363874,-31240.054765646608,Delta:-0.09,15129.07,23.87892441848413
914,2017-07-07,SPY_PUT,BUY_LONG PUT,183.43590984163524,170.21985916073146,-31224.434738263786,Delta:-0.09,15238.81,21.361136302181116
915,2017-07-14,SPY_PUT,BUY_LONG PUT,212.08433134359723,147.1528911314685,-31208.822520894653,Delta:-0.09,14996.24,25.096733460789935
916,2017-07-21,SPY_PUT,BUY_LONG PUT,187.9235888659249,165.98883779241348,-31193.218109634206,Delta:-0.09,15135.55,22.033013474232188
917,2017-07-28,SPY_PUT,BUY_LONG PUT,182.96247511451946,170.40445851568614,-31177.621500579393,Delta:-0.09,15117.05,21.477608076555065
918,2017-08-04,SPY_PUT,BUY_LONG PUT,176.5900786567823,176.4653650242443,-31162.032689829102,Delta:-0.09,15424.42,20.316480601621894
919,2017-08-11,SPY_PUT,BUY_LONG PUT,193.86171665240929,160.66324084671777,-31146.45167348419,Delta:-0.09,15064.44,22.836527582845193
920,2017-08-18,SPY_PUT,BUY_LONG PUT,201.61792653382395,154.40530999819032,-31130.878447647447,Delta:-0.09,15614.22,22.913934085743836
921,2017-08-25,SPY_PUT,BUY_LONG PUT,217.30840499553761,143.18504159589486,-31115.31300842362,Delta:-0.09,16120.57,23.921429533436193
922,2017-09-01,SPY_PUT,BUY_LONG PUT,232.93718708587173,133.51133728791254,-31099.755351919408,Delta:-0.09,16086.02,25.696928289881175
923,2017-09-08,SPY_PUT,BUY_LONG PUT,191.72282058139527,162.1309627095057,-31084.20547424345,Delta:-0.09,15916.41,21.375665836638163
924,2017-09-15,SPY_PUT,BUY_LONG PUT,136.1868704885605,228.13258914056664,-31068.66337150633,Delta:-0.09,15531.46,15.560150032451382
925,2017-09-22,SPY_PUT,BUY_LONG PUT,145.5682747492523,213.32346689765293,-31053.129039820575,Delta:-0.09,15831.91,16.31639896311678
926,2017-09-29,SPY_PUT,BUY_LONG PUT,177.82179208878483,174.5433004060822,-31037.602475300664,Delta:-0.09,16112.91,19.58402740213022
927,2017-10-06,SPY_PUT,BUY_LONG PUT,165.2024508187508,187.78222429701358,-31022.08367406302,Delta:-0.09,15833.83,18.51490410243636
928,2017-10-13,SPY_PUT,BUY_LONG PUT,166.3599335748502,186.38245379122623,-31006.572632225983,Delta:-0.09,14319.42,20.616470035783756
929,2017-10-20,SPY_PUT,BUY_LONG PUT,205.53707189661742,150.78092268190912,-30991.06934590987,Delta:-0.09,14813.46,24.622077050187077
930,2017-10-27,SPY_PUT,BUY_LONG PUT,169.37631055191184,182.88020154827535,-30975.573811236914,Delta:-0.09,14536.33,20.67706211870061
931,2017-11-03,SPY_PUT,BUY_LONG PUT,115.35946222375237,322.05510075226397,-37152.10322919756,Delta:-0.09,14859.75,13.77630587690261
932,2017-11-10,SPY_PUT,BUY_LONG PUT,89.68568880597202,413.99929533448176,-37129.81196726004,Delta:-0.09,14935.86,10.65574726166445
933,2017-11-17,SPY_PUT,BUY_LONG PUT,119.07491424332034,311.63183543641543,-37107.534080079684,Delta:-0.09,15109.57,13.984894657023938
934,2017-11-24,SPY_PUT,BUY_LONG PUT,129.58620846814418,238.48518808458056,-30904.39129969303,Delta:-0.09,15132.91,15.195925268963567
935,2017-12-01,SPY_PUT,BUY_LONG PUT,127.09535413167788,243.0375155337348,-30888.939104043187,Delta:-0.09,15015.74,15.020135990887878
936,2017-12-08,SPY_PUT,BUY_LONG PUT,93.37749918779461,396.7571833004494,-37048.193561389395,Delta:-0.09,15386.39,10.769521192406735
937,2017-12-15,SPY_PUT,BUY_LONG PUT,133.78529935391484,230.63050041161034,-30854.97053771047,Delta:-0.09,15204.7,15.614264091476649
938,2017-12-22,SPY_PUT,BUY_LONG PUT,150.0989460602335,205.46142302735396,-30839.543052441615,Delta:-0.09,14680.45,18.14384623117462
939,2017-12-29,SPY_PUT,BUY_LONG PUT,164.68093458808298,187.1748138788251,-30824.1232809154,Delta:-0.09,14952.65,19.544112766198502
940,2018-01-05,SPY_PUT,BUY_LONG PUT,195.04295707097455,157.95859374744765,-30808.71121927494,Delta:-0.09,15192.31,22.782289894305112
941,2018-01-12,SPY_PUT,BUY_LONG PUT,172.6470555609305,178.3598727682775,-30793.306863665304,Delta:-0.09,15095.43,20.295730261428012
942,2018-01-19,SPY_PUT,BUY_LONG PUT,199.59690238079222,154.2003400008442,-30777.91021023347,Delta:-0.09,15423.93,22.964115674970408
943,2018-01-26,SPY_PUT,BUY_LONG PUT,158.38414728605198,194.2272745236886,-30762.521255128348,Delta:-0.09,15594.29,18.02341159389063
944,2018-02-02,SPY_PUT,BUY_LONG PUT,182.45184204984125,168.52194885542147,-30747.139994500783,Delta:-0.09,16450.19,19.68195217317846
945,2018-02-09,SPY_PUT,BUY_LONG PUT,189.8945649216455,161.83594531620275,-30731.766424503534,Delta:-0.09,16698.85,20.17980434408069
946,2018-02-16,SPY_PUT,BUY_LONG PUT,176.31120104489395,174.21695478933296,-30716.40054129128,Delta:-0.09,16351.25,19.13462243335566
947,2018-02-23,SPY_PUT,BUY_LONG PUT,174.82513359006472,175.61000361086164,-30701.042341020635,Delta:-0.09,16071.65,19.3034207634237
948,2018-03-02,SPY_PUT,BUY_LONG PUT,194.82557316546172,157.5034084144043,-30685.691819850123,Delta:-0.09,15998.68,21.609898610420213
949,2018-03-09,SPY_PUT,BUY_LONG PUT,242.11757064600522,126.67543661580284,-30670.3489739402,Delta:-0.09,16608.77,25.869000696305815
950,2018-03-16,SPY_PUT,BUY_LONG PUT,172.43421254487367,177.7780252945782,-30655.013799453227,Delta:-0.09,16230.54,18.853036603218968
951,2018-03-23,SPY_PUT,BUY_LONG PUT,221.39518627422012,138.39364264498133,-30639.686292553495,Delta:-0.09,16182.59,24.277897128708272
952,2018-03-30,SPY_PUT,BUY_LONG PUT,218.9431780255833,139.8735814724896,-30624.36644940722,Delta:-0.09,16225.07,23.946153262302662
953,2018-04-06,SPY_PUT,BUY_LONG PUT,194.09319575772088,157.70287127628438,-30609.05426618252,Delta:-0.09,16136.51,21.34477925619735
954,2018-04-13,SPY_PUT,BUY_LONG PUT,248.12428117323316,123.3001042638377,-30593.749739049428,Delta:-0.09,16277.15,27.050902619628904
955,2018-04-20,SPY_PUT,BUY_LONG PUT,205.7903774809975,148.59029483535247,-30578.4528641799,Delta:-0.09,15790.09,23.127637430225498
956,2018-04-27,SPY_PUT,BUY_LONG PUT,221.41294687542947,138.03693085275245,-30563.16363774781,Delta:-0.09,15373.56,25.55756275901691
957,2018-05-04,SPY_PUT,BUY_LONG PUT,214.29278440454064,142.55207958034103,-30547.882055928938,Delta:-0.09,15510.69,24.51699811248092
958,2018-05-11,SPY_PUT,BUY_LONG PUT,175.83844934341298,173.64011243792706,-30532.60811490097,Delta:-0.09,15069.9,20.705918752913387
959,2018-05-18,SPY_PUT,BUY_LONG PUT,162.93335420704608,187.29953703686652,-30517.341810843518,Delta:-0.09,14964.9,19.320888812478586
960,2018-05-25,SPY_PUT,BUY_LONG PUT,127.96446997827282,238.3636891171203,-30502.083139938095,Delta:-0.09,14271.25,15.911763420301904
961,2018-06-01,SPY_PUT,BUY_LONG PUT,183.561497639294,166.08511311166149,-30486.832098368126,Delta:-0.09,13960.74,23.332647267402916
962,2018-06-08,SPY_PUT,BUY_LONG PUT,161.63495288782659,188.5210354437755,-30471.58868231894,Delta:-0.09,13862.02,20.69187015971647
963,2018-06-15,SPY_PUT,BUY_LONG PUT,117.71745438399415,258.7241887564881,-30456.352887977784,Delta:-0.09,13711.24,15.235442240993155
964,2018-06-22,SPY_PUT,BUY_LONG PUT,80.40580217663593,454.31235887172255,-36529.34965384055,Delta:-0.09,13815.23,10.328092232121609
965,2018-06-29,SPY_PUT,BUY_LONG PUT,87.07640743050845,419.2574443678455,-36507.43204404825,Delta:-0.09,13620.78,11.344603625419666
966,2018-07-06,SPY_PUT,BUY_LONG PUT,128.3795279703317,236.83376003463187,-30404.60632068485,Delta:-0.09,13798.45,16.510352955930344
967,2018-07-13,SPY_PUT,BUY_LONG PUT,100.81341634177886,361.73047342625085,-36467.2848210294,Delta:-0.09,13644.01,13.11194407306764
968,2018-07-20,SPY_PUT,BUY_LONG PUT,122.52903196201993,247.86917752298962,-30371.170375113987,Delta:-0.09,13586.21,16.00410793829347
969,2018-07-27,SPY_PUT,BUY_LONG PUT,108.78551922038525,334.85322319522146,-36427.181747911716,Delta:-0.09,13760.62,14.028908752027736
970,2018-08-03,SPY_PUT,BUY_LONG PUT,90.85877694803833,400.68033779150454,-36405.325438862965,Delta:-0.09,13405.98,12.027052481027784
971,2018-08-10,SPY_PUT,BUY_LONG PUT,123.10789270963281,246.284522210497,-30319.56853633304,Delta:-0.09,13710.05,15.934479361357296
972,2018-08-17,SPY_PUT,BUY_LONG PUT,87.88115739351079,413.80076891389564,-36365.29050247785,Delta:-0.09,14424.92,10.811182424260275
973,2018-08-24,SPY_PUT,BUY_LONG PUT,114.8253357905405,316.5109083109721,-36343.471328176354,Delta:-0.09,13859.53,14.702123402607503
974,2018-08-31,SPY_PUT,BUY_LONG PUT,107.05448662702148,339.28204589803283,-36321.665245379445,Delta:-0.09,13559.81,14.01013559566914
975,2018-09-07,SPY_PUT,BUY_LONG PUT,153.76537953077872,196.72759649041697,-30249.893538526856,Delta:-0.09,14040.1,19.43476544814827
976,2018-09-14,SPY_PUT,BUY_LONG PUT,170.30307512040173,177.53507134490707,-30234.76859175759,Delta:-0.09,13780.95,21.929787686208083
977,2018-09-21,SPY_PUT,BUY_LONG PUT,134.90910670809689,224.00008379603338,-30219.65120746171,Delta:-0.09,14235.86,16.816994432440342
978,2018-09-28,SPY_PUT,BUY_LONG PUT,158.84739581467812,190.1481684792403,-30204.541381857984,Delta:-0.09,14461.48,19.492080153780638
979,2018-10-05,SPY_PUT,BUY_LONG PUT,171.71330319792477,175.8130473814792,-30189.439111167056,Delta:-0.09,13830.83,22.031629700530203
980,2018-10-12,SPY_PUT,BUY_LONG PUT,175.0482406517043,172.3773074169294,-30174.34439161147,Delta:-0.09,13590.57,22.856575291976025
981,2018-10-19,SPY_PUT,BUY_LONG PUT,135.53937221036662,222.5128885251614,-30159.257219415667,Delta:-0.09,13255.15,18.145615088190215
982,2018-10-26,SPY_PUT,BUY_LONG PUT,130.728806601993,230.58557921805738,-30144.177590805957,Delta:-0.09,13066.56,17.7541875622691
983,2018-11-02,SPY_PUT,BUY_LONG PUT,124.27940795636792,242.43039130495612,-30129.105502010552,Delta:-0.09,13161.54,16.75650261438362
984,2018-11-09,SPY_PUT,BUY_LONG PUT,157.59457464174028,191.0855181259748,-30114.04094925955,Delta:-0.09,13746.8,20.34372427921504
985,2018-11-16,SPY_PUT,BUY_LONG PUT,147.98571012931475,203.3911510948148,-30098.98392878492,Delta:-0.09,14509.76,18.098825604647537
986,2018-11-23,SPY_PUT,BUY_LONG PUT,147.63706888187494,203.76951848651788,-30083.93443682053,Delta:-0.09,14155.19,18.50847747987313
987,2018-11-30,SPY_PUT,BUY_LONG PUT,136.07735007302503,220.9691212642357,-30068.89246960212,Delta:-0.09,14358.04,16.818285201756755
988,2018-12-07,SPY_PUT,BUY_LONG PUT,156.39548470331601,192.16576540160236,-30053.858023367316,Delta:-0.09,14608.73,18.99776776466678
989,2018-12-14,SPY_PUT,BUY_LONG PUT,152.80083665189395,196.58813232017278,-30038.83109435563,Delta:-0.09,14886.17,18.215186938384335
990,2018-12-21,SPY_PUT,BUY_LONG PUT,137.11459805868284,218.96874660974277,-30023.81167880845,Delta:-0.09,14725.89,16.52316405792771
991,2018-12-28,SPY_PUT,BUY_LONG PUT,133.33481201051487,225.06350232527822,-30008.799772969047,Delta:-0.09,15387.62,15.376699973796347
992,2019-01-04,SPY_PUT,BUY_LONG PUT,152.66116003982745,196.47299526125406,-29993.795373082565,Delta:-0.09,15389.46,17.603380063864325
993,2019-01-11,SPY_PUT,BUY_LONG PUT,120.48196384588894,298.58874326194626,-35974.558170475226,Delta:-0.09,15072.33,14.185108336813062
994,2019-01-18,SPY_PUT,BUY_LONG PUT,118.32420247469936,303.85139036335846,-35952.97343557294,Delta:-0.09,15288.32,13.734247549050416
995,2019-01-25,SPY_PUT,BUY_LONG PUT,145.14836801519107,206.29122544773782,-29942.834709592997,Delta:-0.09,14741.47,17.4727902399337
996,2019-02-01,SPY_PUT,BUY_LONG PUT,151.68310943198742,197.30518054587637,-29927.8632922382,Delta:-0.09,14456.45,18.619440142968042
997,2019-02-08,SPY_PUT,BUY_LONG PUT,133.5831488981854,223.92719147076807,-29912.899360592084,Delta:-0.09,14539.41,16.30406549059991
998,2019-02-15,SPY_PUT,BUY_LONG PUT,115.03899391665601,311.87278566680493,-35877.53149309414,Delta:-0.09,15282.2,13.358268270072498
999,2019-02-22,SPY_PUT,BUY_LONG PUT,84.54316787148143,424.114755537726,-35856.00497419828,Delta:-0.09,15002.7,10.0
1000,2019-03-01,SPY_PUT,BUY_LONG PUT,88.50740159813782,404.87564569930515,-35834.491371213764,Delta:-0.09,15706.18,10.0
1001,2019-03-08,SPY_PUT,BUY_LONG PUT,99.93059272315094,358.3786476240347,-35812.99067639104,Delta:-0.09,15299.39,11.590846823721527
1002,2019-03-15,SPY_PUT,BUY_LONG PUT,140.31308109145172,212.5692926820879,-29826.252401654336,Delta:-0.09,15202.33,16.37868702629019
1003,2019-03-22,SPY_PUT,BUY_LONG PUT,121.75517919154935,293.81589652349794,-35773.60713054421,Delta:-0.09,15620.8,13.831686053589461
1004,2019-03-29,SPY_PUT,BUY_LONG PUT,142.80472127586856,208.6307245706084,-29793.452471888235,Delta:-0.09,15632.51,16.21080858839712
1005,2019-04-05,SPY_PUT,BUY_LONG PUT,183.66671715085607,162.1336527793081,-29778.55574565229,Delta:-0.09,15591.69,20.90394689856737
1006,2019-04-12,SPY_PUT,BUY_LONG PUT,192.09131126162845,154.94540732892042,-29763.66646777946,Delta:-0.09,15346.51,22.21207065301974
1007,2019-04-19,SPY_PUT,BUY_LONG PUT,195.22502985094764,152.38202118477574,-29748.784634545576,Delta:-0.09,15735.65,22.016175859763393
1008,2019-04-26,SPY_PUT,BUY_LONG PUT,195.78945064366738,151.86676373255364,-29733.910242228303,Delta:-0.09,16906.97,20.550121881123395
1009,2019-05-03,SPY_PUT,BUY_LONG PUT,179.71138472821235,165.37095483434717,-29719.043287107193,Delta:-0.09,16652.26,19.15107929322436
1010,2019-05-10,SPY_PUT,BUY_LONG PUT,222.08313870754682,133.7525394243459,-29704.183765463637,Delta:-0.09,16650.88,23.668423941085027
1011,2019-05-17,SPY_PUT,BUY_LONG PUT,197.58185576866876,150.26345186443405,-29689.331673580906,Delta:-0.09,16654.34,21.0528314446402
1012,2019-05-24,SPY_PUT,BUY_LONG PUT,199.47674065403027,148.76163963001147,-29674.487007744112,Delta:-0.09,16481.02,21.478258796882926
1013,2019-05-31,SPY_PUT,BUY_LONG PUT,170.7338139885751,173.71866223421307,-29659.64976424024,Delta:-0.09,16459.75,18.407173865144017
1014,2019-06-07,SPY_PUT,BUY_LONG PUT,168.5329947368433,175.89920588337714,-29644.819939358116,Delta:-0.09,16816.34,17.78461343781766
1015,2019-06-14,SPY_PUT,BUY_LONG PUT,121.1983336638816,293.37034561773174,-35555.99703526612,Delta:-0.09,16405.68,13.109715494762522
1016,2019-06-21,SPY_PUT,BUY_LONG PUT,187.47319797483144,157.9544161552431,-29612.219530870803,Delta:-0.09,17022.38,19.5438408006639
1017,2019-06-28,SPY_PUT,BUY_LONG PUT,191.53367798976473,154.52850763241236,-29597.413421105368,Delta:-0.09,16859.17,20.160431492128996
1018,2019-07-05,SPY_PUT,BUY_LONG PUT,223.5962936237424,132.30368998949098,-29582.614714394815,Delta:-0.09,17324.1,22.9036637932202
1019,2019-07-12,SPY_PUT,BUY_LONG PUT,229.10785374675143,129.056350201425,-29567.823407037617,Delta:-0.09,16863.38,24.109394802018386
1020,2019-07-19,SPY_PUT,BUY_LONG PUT,236.51682791081677,124.95110710041163,-29553.039495334095,Delta:-0.09,16623.49,25.248223087500108
1021,2019-07-26,SPY_PUT,BUY_LONG PUT,229.82710933059025,128.5238415155703,-29538.26297558643,Delta:-0.09,17096.99,23.854625875479385
1022,2019-08-02,SPY_PUT,BUY_LONG PUT,267.59831818647035,110.3276509515497,-29523.493844098633,Delta:-0.09,16753.45,28.344585562260622
1023,2019-08-09,SPY_PUT,BUY_LONG PUT,247.1605344756016,119.39095438430336,-29508.732097176588,Delta:-0.09,16867.17,26.003262513982143
1024,2019-08-16,SPY_PUT,BUY_LONG PUT,253.67720343191718,116.26577923484442,-29493.977731127998,Delta:-0.09,17054.62,26.395522751327224
1025,2019-08-23,SPY_PUT,BUY_LONG PUT,207.48928712915287,142.07591702752788,-29479.230742262433,Delta:-0.09,16776.23,21.947859780042204
1026,2019-08-30,SPY_PUT,BUY_LONG PUT,142.55553681004344,206.68780593315716,-29464.491126891302,Delta:-0.09,16647.71,15.195693741632606
1027,2019-09-06,SPY_PUT,BUY_LONG PUT,154.30009390491904,190.86027840964917,-29449.758881327856,Delta:-0.09,16773.47,16.324281995998113
1028,2019-09-13,SPY_PUT,BUY_LONG PUT,115.61340991025082,305.51854520755563,-35322.04080226463,Delta:-0.09,16771.59,12.23277518141597
1029,2019-09-20,SPY_PUT,BUY_LONG PUT,195.16362949281958,150.73184003563725,-29417.372981486056,Delta:-0.09,17092.62,20.261952414685755
1030,2019-09-27,SPY_PUT,BUY_LONG PUT,226.3450304375824,129.90196532326112,-29402.664294995317,Delta:-0.09,17287.2,23.234704868994637
1031,2019-10-04,SPY_PUT,BUY_LONG PUT,230.04863248885292,127.7467405257096,-29387.96296284782,Delta:-0.09,17417.67,23.43800148800981
1032,2019-10-11,SPY_PUT,BUY_LONG PUT,235.32709223680433,124.81890079961019,-29373.268981366396,Delta:-0.09,17800.9,23.459613873367193
1033,2019-10-18,SPY_PUT,BUY_LONG PUT,262.3900978407,111.88906360597359,-29358.58234687571,Delta:-0.09,17588.65,26.47317088300589
1034,2019-10-25,SPY_PUT,BUY_LONG PUT,236.0451007685351,124.31481509322573,-29343.903055702274,Delta:-0.09,17276.66,24.245215770930205
1035,2019-11-01,SPY_PUT,BUY_LONG PUT,178.4773534052012,164.33026680750694,-29329.23110417442,Delta:-0.09,16919.57,18.71908967165666
1036,2019-11-08,SPY_PUT,BUY_LONG PUT,208.39985090452748,140.6650070112189,-29314.566488622335,Delta:-0.09,16641.88,22.222140231988757
1037,2019-11-15,SPY_PUT,BUY_LONG PUT,203.40189485291074,144.04934244376696,-29299.909205378022,Delta:-0.09,16855.52,21.41429340322476
1038,2019-11-22,SPY_PUT,BUY_LONG PUT,188.5794842733478,155.29398313724343,-29285.259250775336,Delta:-0.09,16611.82,20.145042564496745
1039,2019-11-29,SPY_PUT,BUY_LONG PUT,189.2076511548777,154.70101997720067,-29270.61662114995,Delta:-0.09,16125.66,20.821501969591285
1040,2019-12-06,SPY_PUT,BUY_LONG PUT,156.46194058784246,186.98465072669975,-29255.981312839373,Delta:-0.09,16208.4,17.130086287461967
1041,2019-12-13,SPY_PUT,BUY_LONG PUT,214.33889382651947,136.42579188567694,-29241.353322182953,Delta:-0.09,16710.9,22.76103605845937
1042,2019-12-20,SPY_PUT,BUY_LONG PUT,201.3479495993782,145.15535272981055,-29226.73264552186,Delta:-0.09,16831.84,21.22787926391526
1043,2019-12-27,SPY_PUT,BUY_LONG PUT,192.8619994537824,151.46643383316948,-29212.1192791991,Delta:-0.09,16770.63,20.4074268140286
1044,2020-01-03,SPY_PUT,BUY_LONG PUT,196.57888699888665,148.52822531101657,-29197.513219559503,Delta:-0.09,16502.86,21.13822680375546
1045,2020-01-10,SPY_PUT,BUY_LONG PUT,185.04860265986255,157.70405203540378,-29182.91446294972,Delta:-0.09,17244.56,19.04253072057779
1046,2020-01-17,SPY_PUT,BUY_LONG PUT,189.02335532978546,154.31068269224627,-29168.323005718245,Delta:-0.09,17359.82,19.322405680915043
1047,2020-01-24,SPY_PUT,BUY_LONG PUT,132.5258133558085,263.98243275920345,-34984.48661305846,Delta:-0.09,17652.22,13.322691789354092
1048,2020-01-31,SPY_PUT,BUY_LONG PUT,140.971933907939,248.01742412020366,-34963.49592109062,Delta:-0.09,18293.59,13.67491596784331
1049,2020-02-07,SPY_PUT,BUY_LONG PUT,164.57190655342941,176.93642531567016,-29118.764852948312,Delta:-0.09,18629.49,15.676374633170676
1050,2020-02-14,SPY_PUT,BUY_LONG PUT,235.42932554794393,123.62183599168881,-29104.205470521836,Delta:-0.09,18441.47,22.654573620456734
1051,2020-02-21,SPY_PUT,BUY_LONG PUT,162.98527073102568,178.48025921184734,-29089.653367786577,Delta:-0.09,17537.49,16.491947133872937
1052,2020-02-28,SPY_PUT,BUY_LONG PUT,155.23782862233756,187.29396564697245,-29075.108541102687,Delta:-0.09,17161.49,16.052165362500713
1053,2020-03-06,SPY_PUT,BUY_LONG PUT,158.23948180465746,183.64930582057045,-29060.570986832132,Delta:-0.09,17670.94,15.890812375140321
1054,2020-03-13,SPY_PUT,BUY_LONG PUT,158.1607759506663,183.64882523337386,-29046.040701338716,Delta:-0.09,17501.52,16.03665675065139
1055,2020-03-20,SPY_PUT,BUY_LONG PUT,150.2044109339097,231.93607298599488,-34837.82121718565,Delta:-0.09,18154.25,14.682340466913569
1056,2020-03-27,SPY_PUT,BUY_LONG PUT,158.16918838600427,183.43710975851977,-29014.098770379453,Delta:-0.09,17604.3,15.943884619473694
1057,2020-04-03,SPY_PUT,BUY_LONG PUT,143.31975987129266,242.81027331084408,-34799.51006519311,Delta:-0.09,18325.65,13.878342007464761
1058,2020-04-10,SPY_PUT,BUY_LONG PUT,138.14118211025652,251.76149376943687,-34778.63035915399,Delta:-0.09,18535.96,13.225101805424464
1059,2020-04-17,SPY_PUT,BUY_LONG PUT,125.48739053081334,276.9821177563156,-34757.7631809385,Delta:-0.09,18764.71,11.867222474125288
1060,2020-04-24,SPY_PUT,BUY_LONG PUT,175.33099667314104,165.10157541142905,-28947.423769191613,Delta:-0.09,19157.82,16.240655997893036
1061,2020-05-01,SPY_PUT,BUY_LONG PUT,176.55012644501696,163.87952045062744,-28932.950057307015,Delta:-0.09,19323.17,16.213642070136043
1062,2020-05-08,SPY_PUT,BUY_LONG PUT,117.0216781659571,296.54488674756743,-34702.180298734034,Delta:-0.09,18966.41,10.948942755965913
1063,2020-05-15,SPY_PUT,BUY_LONG PUT,181.29224749997258,159.417365555763,-28901.132492128992,Delta:-0.09,18914.44,17.00892130078817
1064,2020-05-22,SPY_PUT,BUY_LONG PUT,171.58388080072882,168.3531214650102,-28886.68192588293,Delta:-0.09,18563.43,16.402463738575477
1065,2020-05-29,SPY_PUT,BUY_LONG PUT,191.75417769564086,150.56901983510915,-28872.238584919993,Delta:-0.09,18697.82,18.19888134672795
1066,2020-06-05,SPY_PUT,BUY_LONG PUT,150.71803253827218,229.7625730349122,-34629.36295875304,Delta:-0.09,18364.91,14.563552364709095
1067,2020-06-12,SPY_PUT,BUY_LONG PUT,169.6737384593671,169.9761438983958,-28840.487784148154,Delta:-0.09,18357.72,16.401622268727923
1068,2020-06-19,SPY_PUT,BUY_LONG PUT,121.45523635979823,284.8068315954225,-34591.2810483073,Delta:-0.09,18072.46,11.925864214755002
1069,2020-06-26,SPY_PUT,BUY_LONG PUT,132.5910661491339,260.7304344381285,-34570.52627967831,Delta:-0.09,17405.12,13.518490888045672
1070,2020-07-03,SPY_PUT,BUY_LONG PUT,94.97406033849623,363.78126659818395,-34549.78396391051,Delta:-0.09,16853.73,10.0
1071,2020-07-10,SPY_PUT,BUY_LONG PUT,111.81394158352062,308.80812897325785,-34529.054093532155,Delta:-0.09,17234.71,11.5128518027923
1072,2020-07-17,SPY_PUT,BUY_LONG PUT,133.02606257158973,259.41034406325394,-34508.33666107604,Delta:-0.09,16497.98,14.30858976641901
1073,2020-07-24,SPY_PUT,BUY_LONG PUT,134.84146727568537,255.7642864310347,-34487.63165907939,Delta:-0.09,16319.84,14.662182944260678
1074,2020-07-31,SPY_PUT,BUY_LONG PUT,169.5302920230161,169.4236993911614,-28722.449233403284,Delta:-0.09,16466.5,18.26993692111979
1075,2020-08-07,SPY_PUT,BUY_LONG PUT,194.06058186372968,147.93363872806248,-28708.08800878658,Delta:-0.09,15881.01,21.68453222288656
1076,2020-08-14,SPY_PUT,BUY_LONG PUT,178.3559757210973,160.87901652172158,-28693.733964782186,Delta:-0.09,16110.81,19.6454176821735
1077,2020-08-21,SPY_PUT,BUY_LONG PUT,144.41462888329235,198.59059514654044,-28679.387097799798,Delta:-0.09,16206.83,15.812627730534642
1078,2020-08-28,SPY_PUT,BUY_LONG PUT,157.1940417129739,182.3545415073137,-28665.0474042509,Delta:-0.09,15528.37,17.963917680651974
1079,2020-09-04,SPY_PUT,BUY_LONG PUT,147.81999971190902,193.82164075488458,-28650.714880548774,Delta:-0.09,15230.65,17.222873926129473
1080,2020-09-11,SPY_PUT,BUY_LONG PUT,163.78584836143688,174.84043835041666,-28636.389523108497,Delta:-0.09,15281.53,19.01956247615232
1081,2020-09-18,SPY_PUT,BUY_LONG PUT,166.72674204455362,171.67054893148696,-28622.071328346945,Delta:-0.09,14967.94,19.76669633637209
1082,2020-09-25,SPY_PUT,BUY_LONG PUT,197.0818356496714,145.15675784314965,-28607.760292682768,Delta:-0.09,15080.01,23.191877722063452
1083,2020-10-02,SPY_PUT,BUY_LONG PUT,174.9861644428753,163.4040982815578,-28593.456412536427,Delta:-0.09,14799.59,20.981909163532105
1084,2020-10-09,SPY_PUT,BUY_LONG PUT,182.72709984424415,156.4035094339642,-28579.159684330156,Delta:-0.09,14211.34,22.817011593406654
1085,2020-10-16,SPY_PUT,BUY_LONG PUT,150.63590579821053,189.62856135211905,-28564.870104487993,Delta:-0.09,14140.6,18.90390897206142
1086,2020-10-23,SPY_PUT,BUY_LONG PUT,138.3941870304986,206.29903814633425,-28550.58766943575,Delta:-0.09,13995.06,17.548258172553638
1087,2020-10-30,SPY_PUT,BUY_LONG PUT,137.7370386251125,207.17965668820642,-28536.31237560103,Delta:-0.09,13866.33,17.627074186951038
1088,2020-11-06,SPY_PUT,BUY_LONG PUT,164.00064310864423,173.91422179069417,-28522.044219413234,Delta:-0.09,14013.38,20.767951746867958
1089,2020-11-13,SPY_PUT,BUY_LONG PUT,131.75949599607233,216.36226658117548,-28507.783197303525,Delta:-0.09,13715.94,17.046970249980188
1090,2020-11-20,SPY_PUT,BUY_LONG PUT,121.98533264954365,233.58160105662068,-28493.52930570487,Delta:-0.09,13583.74,15.935999758706187
1091,2020-11-27,SPY_PUT,BUY_LONG PUT,126.61938828745151,224.92039273162743,-28479.28254105202,Delta:-0.09,13801.43,16.280479650050385
1092,2020-12-04,SPY_PUT,BUY_LONG PUT,151.63748995160753,187.7177135342033,-28465.042899781496,Delta:-0.09,13692.04,19.65302634874861
1093,2020-12-11,SPY_PUT,BUY_LONG PUT,128.57255593610907,221.282140431816,-28450.810378331604,Delta:-0.09,13541.9,16.848440751539133
1094,2020-12-18,SPY_PUT,BUY_LONG PUT,153.44900264070807,185.31619289650942,-28436.58497314244,Delta:-0.09,13607.56,20.011268559836076
1095,2020-12-25,SPY_PUT,BUY_LONG PUT,164.8239523233116,172.4407543929281,-28422.36668065587,Delta:-0.09,13761.45,21.25431823019279
1096,2021-01-01,SPY_PUT,BUY_LONG PUT,142.53667003717064,199.30418951072224,-28408.15549731554,Delta:-0.09,14118.34,17.91570425224907
1097,2021-01-08,SPY_PUT,BUY_LONG PUT,97.99464246085591,347.7000461233445,-34072.74170348026,Delta:-0.09,14157.2,12.283326552432221
1098,2021-01-15,SPY_PUT,BUY_LONG PUT,110.49704984750984,308.1738209793985,-34052.29805845817,Delta:-0.09,14207.41,13.801508652201033
1099,2021-01-22,SPY_PUT,BUY_LONG PUT,181.54604197673666,156.2132040494717,-28359.888899685917,Delta:-0.09,14697.95,21.919004619075793
1100,2021-01-29,SPY_PUT,BUY_LONG PUT,147.23316068603248,192.52258678112543,-28345.70895523607,Delta:-0.09,14252.02,18.332436910574472
1101,2021-02-05,SPY_PUT,BUY_LONG PUT,192.0586199557705,147.51504570470712,-28331.536100758458,Delta:-0.09,14187.08,24.023241418875163
1102,2021-02-12,SPY_PUT,BUY_LONG PUT,177.3850781259674,159.6378378151905,-28317.370332708077,Delta:-0.09,13681.04,23.008528100032024
1103,2021-02-19,SPY_PUT,BUY_LONG PUT,169.27289128813368,167.20463289874596,-28303.211647541724,Delta:-0.09,14189.23,21.169940346335032
1104,2021-02-26,SPY_PUT,BUY_LONG PUT,130.20852176556284,217.25966671099832,-28289.060041717952,Delta:-0.09,13679.79,16.89082681035802
1105,2021-03-05,SPY_PUT,BUY_LONG PUT,139.07408608651886,203.3082963716698,-28274.915511697094,Delta:-0.09,13348.72,18.488329676928956
1106,2021-03-12,SPY_PUT,BUY_LONG PUT,145.19575094932645,194.6391534818695,-28260.77805394125,Delta:-0.09,13399.13,19.22951490513969
1107,2021-03-19,SPY_PUT,BUY_LONG PUT,171.873381556583,164.34567941292934,-28246.647664914275,Delta:-0.09,13723.25,22.22504621924181
1108,2021-03-26,SPY_PUT,BUY_LONG PUT,172.81679904815644,163.36678202918603,-28232.52434108182,Delta:-0.09,13871.42,22.108333206628252
1109,2021-04-02,SPY_PUT,BUY_LONG PUT,164.6316281647843,171.40332263899316,-28218.408078911278,Delta:-0.09,14571.58,20.049226419599144
1110,2021-04-09,SPY_PUT,BUY_LONG PUT,212.67965696236888,132.61399457618194,-28204.298874871824,Delta:-0.09,14881.37,25.3614382882692
1111,2021-04-16,SPY_PUT,BUY_LONG PUT,161.84309879981484,174.18226006845737,-28190.196725434387,Delta:-0.09,14867.03,19.317938559374287
1112,2021-04-23,SPY_PUT,BUY_LONG PUT,143.54179520931103,196.29196908109998,-28176.10162707167,Delta:-0.09,14957.0,17.030401932284843
1113,2021-04-30,SPY_PUT,BUY_LONG PUT,102.37070809231813,330.1180281085277,-33794.41629150976,Delta:-0.09,14807.97,12.267928340875457
1114,2021-05-07,SPY_PUT,BUY_LONG PUT,90.06691916054629,374.9893962902372,-33774.13964173485,Delta:-0.09,15136.32,10.559321467260077
1115,2021-05-14,SPY_PUT,BUY_LONG PUT,161.73794009718958,173.91237505182173,-28128.22929829151,Delta:-0.09,14750.61,19.45776569667709
1116,2021-05-21,SPY_PUT,BUY_LONG PUT,134.4012180467682,209.18088088948232,-28114.165183642363,Delta:-0.09,14113.18,16.8993225972592
1117,2021-05-28,SPY_PUT,BUY_LONG PUT,119.38264851762975,282.45419363669964,-33720.129721260644,Delta:-0.09,15204.86,13.933163545579006
1118,2021-06-04,SPY_PUT,BUY_LONG PUT,166.02356621390072,169.1521792756104,-28083.248036189907,Delta:-0.09,14969.93,19.6807194698988
1119,2021-06-11,SPY_PUT,BUY_LONG PUT,215.41703139870893,130.30170469770962,-28069.206412171814,Delta:-0.09,14975.31,25.526736571640654
1120,2021-06-18,SPY_PUT,BUY_LONG PUT,203.42619971847924,137.913267060935,-28055.171808965726,Delta:-0.09,14804.8,24.3834653159017
1121,2021-06-25,SPY_PUT,BUY_LONG PUT,185.25259534932633,151.3670789344934,-28041.144223061245,Delta:-0.09,14977.54,21.94899386918053
1122,2021-07-02,SPY_PUT,BUY_LONG PUT,183.94534940245822,152.36657921494137,-28027.123650949718,Delta:-0.09,14904.17,21.901403306818434
1123,2021-07-09,SPY_PUT,BUY_LONG PUT,210.77685866224704,132.904106584172,-28013.11008912424,Delta:-0.09,15474.65,24.170919167193194
1124,2021-07-16,SPY_PUT,BUY_LONG PUT,170.17602981662347,164.5302429739997,-27999.103534079677,Delta:-0.09,14976.24,20.164454873236323
1125,2021-07-23,SPY_PUT,BUY_LONG PUT,134.60106784598202,207.91145590564508,-27985.103982312634,Delta:-0.09,14839.59,16.095982267370456
1126,2021-07-30,SPY_PUT,BUY_LONG PUT,183.7918009969086,152.18911441426027,-27971.111430321478,Delta:-0.09,14986.7,21.762618163746644
1127,2021-08-06,SPY_PUT,BUY_LONG PUT,170.63515681700537,163.84153416044526,-27957.125874606318,Delta:-0.09,14964.22,20.235100364783268
1128,2021-08-13,SPY_PUT,BUY_LONG PUT,188.64648200401356,148.12440186970733,-27943.147311669014,Delta:-0.09,15283.45,21.90374573486949
1129,2021-08-20,SPY_PUT,BUY_LONG PUT,189.98839558753716,147.00464021311663,-27929.175738013175,Delta:-0.09,15209.69,22.16653133502545
1130,2021-08-27,SPY_PUT,BUY_LONG PUT,172.5728264493728,161.7590192180898,-27915.21115014417,Delta:-0.09,15520.81,19.730993202132414
1131,2021-09-03,SPY_PUT,BUY_LONG PUT,144.92232084040785,192.5255777217001,-27901.2535445691,Delta:-0.09,15541.63,16.547401006673216
1132,2021-09-10,SPY_PUT,BUY_LONG PUT,102.43829152603927,326.68217131334734,-33464.763501356174,Delta:-0.09,15719.89,11.563885584351532
1133,2021-09-17,SPY_PUT,BUY_LONG PUT,125.39803185592605,266.70821023475924,-33444.68464325536,Delta:-0.09,15190.87,14.648696977583038
1134,2021-09-24,SPY_PUT,BUY_LONG PUT,103.93810645821748,321.58193920827216,-33424.61783246941,Delta:-0.09,15129.24,12.191262004021926
1135,2021-10-01,SPY_PUT,BUY_LONG PUT,110.60122749406042,302.02705538294174,-33404.56306176993,Delta:-0.09,15776.5,12.440571534619732
1136,2021-10-08,SPY_PUT,BUY_LONG PUT,92.35686047310872,361.4730963451637,-33384.52032393287,Delta:-0.09,16060.98,10.204410781566013
1137,2021-10-15,SPY_PUT,BUY_LONG PUT,87.58671886331986,380.93092245873714,-33364.48961173851,Delta:-0.09,15542.8,10.0
1138,2021-10-22,SPY_PUT,BUY_LONG PUT,123.0997293255173,270.87363311577565,-33344.47091797146,Delta:-0.09,15157.9,14.411493928523319
1139,2021-10-29,SPY_PUT,BUY_LONG PUT,121.8048844158372,273.5888991253605,-33324.46423542068,Delta:-0.09,15049.29,14.362815570080262
1140,2021-11-05,SPY_PUT,BUY_LONG PUT,87.38010818817698,381.14475076131475,-33304.469556879434,Delta:-0.09,15043.88,10.307267516573232
1141,2021-11-12,SPY_PUT,BUY_LONG PUT,127.02175844701775,218.36473321634796,-27737.072395954423,Delta:-0.09,14855.87,15.17297882663491
1142,2021-11-19,SPY_PUT,BUY_LONG PUT,111.49055668577249,298.3915913656309,-33267.84463170773,Delta:-0.09,14926.52,13.254717202245875
1143,2021-11-26,SPY_PUT,BUY_LONG PUT,100.28274882306143,331.54140981507373,-33247.88392492871,Delta:-0.09,15067.53,11.810682664022963
1144,2021-12-03,SPY_PUT,BUY_LONG PUT,142.87409849741258,193.8066191611322,-27689.94599547813,Delta:-0.09,14798.27,17.13300661572265
1145,2021-12-10,SPY_PUT,BUY_LONG PUT,151.22581448107607,183.01175045708675,-27676.10102248039,Delta:-0.09,14719.06,18.232107852200286
1146,2021-12-17,SPY_PUT,BUY_LONG PUT,130.2327736184057,212.40631066510326,-27662.262971969147,Delta:-0.09,14115.86,16.372077145564266
1147,2021-12-24,SPY_PUT,BUY_LONG PUT,105.65524103100277,314.0224553445885,-33178.1182085798,Delta:-0.09,14156.54,13.244170656503123
1148,2021-12-31,SPY_PUT,BUY_LONG PUT,108.46103620798112,305.7154209191918,-33158.21133765465,Delta:-0.09,14372.97,13.39115871266721
1149,2022-01-07,SPY_PUT,BUY_LONG PUT,140.10025253049295,197.11073446994365,-27615.263675710048,Delta:-0.09,13734.72,18.10130948669627
1150,2022-01-14,SPY_PUT,BUY_LONG PUT,95.0370310460696,348.51412010746344,-33121.74725264663,Delta:-0.09,13615.62,12.386440406651106
1151,2022-01-21,SPY_PUT,BUY_LONG PUT,108.72132051996667,304.46534355895614,-33101.87420429504,Delta:-0.09,13395.89,14.402377898229698
1152,2022-01-28,SPY_PUT,BUY_LONG PUT,158.7585476186821,173.64951145408176,-27568.34423314372,Delta:-0.09,13334.07,21.128331227537252
1153,2022-02-04,SPY_PUT,BUY_LONG PUT,158.8040491003553,173.5129564839635,-27554.56006102715,Delta:-0.09,13072.73,21.556895402333033
1154,2022-02-11,SPY_PUT,BUY_LONG PUT,163.9355202658404,167.99765381130382,-27540.782780996637,Delta:-0.09,12900.17,22.551135069399294
1155,2022-02-18,SPY_PUT,BUY_LONG PUT,173.2435142315489,158.89202266362983,-27527.01238960614,Delta:-0.09,13209.88,23.272816799906522
1156,2022-02-25,SPY_PUT,BUY_LONG PUT,161.08676193896872,170.7977027549622,-27513.248883411336,Delta:-0.09,13147.22,21.74287175987332
1157,2022-03-04,SPY_PUT,BUY_LONG PUT,156.0341021798621,176.24026975379195,-27499.492258969633,Delta:-0.09,13239.64,20.913863518310002
1158,2022-03-11,SPY_PUT,BUY_LONG PUT,167.5853972490397,164.01036703690272,-27485.742512840145,Delta:-0.09,13376.52,22.232274033446863
1159,2022-03-18,SPY_PUT,BUY_LONG PUT,132.32482333882174,207.61032547340594,-27471.999641583723,Delta:-0.09,12765.44,18.39486515082605
1160,2022-03-25,SPY_PUT,BUY_LONG PUT,166.09317421369278,165.31843509978063,-27458.263641762926,Delta:-0.09,13182.33,22.358901506295503
1161,2022-04-01,SPY_PUT,BUY_LONG PUT,144.41067606703453,190.04505246691366,-27444.53450994205,Delta:-0.09,13620.67,18.814464999876428
1162,2022-04-08,SPY_PUT,BUY_LONG PUT,153.52076802882877,178.67818533539386,-27430.812242687076,Delta:-0.09,13625.12,19.994834976285823
1163,2022-04-15,SPY_PUT,BUY_LONG PUT,118.75731937478129,230.8665855789592,-27417.09683656573,Delta:-0.09,13555.05,15.54713431591515
1164,2022-04-22,SPY_PUT,BUY_LONG PUT,123.53202896232898,221.83225288482956,-27403.388288147453,Delta:-0.09,13331.44,16.44347471011656
1165,2022-04-29,SPY_PUT,BUY_LONG PUT,142.85294022364178,191.73344665586697,-27389.686594003375,Delta:-0.09,13310.79,19.044796026611518
1166,2022-05-06,SPY_PUT,BUY_LONG PUT,163.2146554121599,167.72998528578697,-27375.991750706373,Delta:-0.09,13287.96,21.79675632668155
1167,2022-05-13,SPY_PUT,BUY_LONG PUT,151.43594127664082,180.68566500237873,-27362.30375483102,Delta:-0.09,13228.92,20.314000264369795
1168,2022-05-20,SPY_PUT,BUY_LONG PUT,147.03755265847118,185.99753674135968,-27348.622602953605,Delta:-0.09,12820.1,20.35296504368352
1169,2022-05-27,SPY_PUT,BUY_LONG PUT,154.63632128643405,176.7692613497924,-27334.948291652126,Delta:-0.09,12270.5,22.36351241920551
1170,2022-06-03,SPY_PUT,BUY_LONG PUT,155.76990296385247,175.39511996644435,-27321.2808175063,Delta:-0.09,12268.18,22.531717767251255
1171,2022-06-10,SPY_PUT,BUY_LONG PUT,121.79833456345773,224.2035597200231,-27307.62017709755,Delta:-0.09,11992.84,18.022297446001474
1172,2022-06-17,SPY_PUT,BUY_LONG PUT,121.39130179633942,224.8428508724672,-27293.966367009005,Delta:-0.09,11241.84,19.16200834583535
1173,2022-06-24,SPY_PUT,BUY_LONG PUT,88.4426195537316,370.1426238364891,-32736.38326059059,Delta:-0.09,11222.88,13.984537477726787
1174,2022-07-01,SPY_PUT,BUY_LONG PUT,104.21860215832237,261.60350098322675,-27263.951192195203,Delta:-0.09,10837.57,17.064923039377607
1175,2022-07-08,SPY_PUT,BUY_LONG PUT,110.31193056366486,247.02966467323313,-27250.319216599106,Delta:-0.09,10886.7,17.981144412817656
1176,2022-07-15,SPY_PUT,BUY_LONG PUT,96.80262056691504,281.363189317415,-27236.694056990807,Delta:-0.09,10548.49,16.284994078767017
1177,2022-07-22,SPY_PUT,BUY_LONG PUT,150.24125476078729,181.19574249633789,-27223.07570996231,Delta:-0.09,10146.87,26.275329351454484
1178,2022-07-29,SPY_PUT,BUY_LONG PUT,147.85046881257304,184.03366854791784,-27209.46417210733,Delta:-0.09,9854.93,26.62320093602547
1179,2022-08-05,SPY_PUT,BUY_LONG PUT,130.52865007288457,208.351648659782,-27195.859440021275,Delta:-0.09,9633.09,24.045357120904182
1180,2022-08-12,SPY_PUT,BUY_LONG PUT,115.21249805643572,235.93153493630786,-27182.261510301265,Delta:-0.09,9835.13,20.78788048626755
1181,2022-08-19,SPY_PUT,BUY_LONG PUT,107.18694890183974,253.46994814104463,-27168.670379546118,Delta:-0.09,9545.07,19.927550584772913
1182,2022-08-26,SPY_PUT,BUY_LONG PUT,86.41122644667477,314.25414452500587,-27155.086044356343,Delta:-0.09,9250.71,16.576234591006905
1183,2022-09-02,SPY_PUT,BUY_LONG PUT,111.13732325491947,244.21596369636111,-27141.508501334163,Delta:-0.09,9467.59,20.831069038324422
1184,2022-09-09,SPY_PUT,BUY_LONG PUT,101.15112012709471,268.1921634975242,-27127.937747083495,Delta:-0.09,9205.55,19.498972086721302
1185,2022-09-16,SPY_PUT,BUY_LONG PUT,127.60776846996808,212.48215608904093,-27114.373778209952,Delta:-0.09,9257.69,24.460499212566564
1186,2022-09-23,SPY_PUT,BUY_LONG PUT,127.55760918919451,212.45942726258446,-27100.816591320847,Delta:-0.09,9442.36,23.97269376273212
1187,2022-09-30,SPY_PUT,BUY_LONG PUT,121.07389941355287,223.72506637870023,-27087.26618302519,Delta:-0.09,9194.45,23.367679072007146
1188,2022-10-07,SPY_PUT,BUY_LONG PUT,90.08405258642225,300.5384612771552,-27073.722549933675,Delta:-0.09,9605.84,16.6419229026719
1189,2022-10-14,SPY_PUT,BUY_LONG PUT,71.01524771908082,457.2570521029895,-32472.222826390444,Delta:-0.09,9432.6,13.360137288504507
1190,2022-10-21,SPY_PUT,BUY_LONG PUT,79.58088310471761,339.82972445353937,-27043.949577245512,Delta:-0.09,9244.37,15.276447330029168
1191,2022-10-28,SPY_PUT,BUY_LONG PUT,63.06116835324799,514.3658763385029,-32436.513122948265,Delta:-0.09,9341.3,11.979690486302166
1192,2022-11-04,SPY_PUT,BUY_LONG PUT,99.55646703547968,271.345600645593,-27014.209345895415,Delta:-0.09,9687.09,18.23756632346786
1193,2022-11-11,SPY_PUT,BUY_LONG PUT,95.27870029690344,283.3865507934515,-27000.70224122247,Delta:-0.09,9851.63,17.162424066058144
1194,2022-11-18,SPY_PUT,BUY_LONG PUT,106.1648000033945,254.20103357458376,-26987.201890101856,Delta:-0.09,10094.56,18.66312240780188
1195,2022-11-25,SPY_PUT,BUY_LONG PUT,94.30322915572687,286.0316505664296,-26973.708289156802,Delta:-0.09,10099.27,16.570191817234758
1196,2022-12-02,SPY_PUT,BUY_LONG PUT,86.2434531225708,375.1272073491194,-32352.265722014672,Delta:-0.09,10400.26,14.715426649828707
1197,2022-12-09,SPY_PUT,BUY_LONG PUT,101.34361534365588,265.8682069983792,-26944.045302151222,Delta:-0.09,11001.43,16.34701093252227
1198,2022-12-16,SPY_PUT,BUY_LONG PUT,111.97159548357672,240.51254394647032,-26930.573279500142,Delta:-0.09,10844.0,18.32352965662591
1199,2022-12-23,SPY_PUT,BUY_LONG PUT,86.73214029585928,372.4170703184474,-32300.529591432467,Delta:-0.09,11016.02,13.971607523756104
1200,2022-12-30,SPY_PUT,BUY_LONG PUT,88.05732255808671,366.5924461010435,-32281.149273677605,Delta:-0.09,10948.51,14.272549959815244
1201,2023-01-06,SPY_PUT,BUY_LONG PUT,113.89159084409557,236.05620884012447,-26884.817153427834,Delta:-0.09,10515.1,19.22069906550369
1202,2023-01-13,SPY_PUT,BUY_LONG PUT,103.41288353789267,259.8455223908816,-26871.37474485112,Delta:-0.09,10429.23,17.59597389827476
1203,2023-01-20,SPY_PUT,BUY_LONG PUT,90.89862834973997,295.4713348824205,-26857.939057478696,Delta:-0.09,10713.88,15.055722747299665
1204,2023-01-27,SPY_PUT,BUY_LONG PUT,91.75839988456133,351.0677185529252,-32213.41210553994,Delta:-0.09,11028.45,14.764626758444615
1205,2023-02-03,SPY_PUT,BUY_LONG PUT,100.13835926584755,267.91335087359556,-26828.403381897184,Delta:-0.09,11382.23,15.612193663619305
1206,2023-02-10,SPY_PUT,BUY_LONG PUT,92.97545295401471,346.0912100332825,-32177.98701624748,Delta:-0.09,11007.76,14.988575419200634
1207,2023-02-17,SPY_PUT,BUY_LONG PUT,85.87652564325445,374.4757951390617,-32158.680224037733,Delta:-0.09,10518.28,14.488413158438798
1208,2023-02-24,SPY_PUT,BUY_LONG PUT,76.4769196824243,420.24947068166887,-32139.385015903314,Delta:-0.09,10639.86,12.755140455216921
1209,2023-03-03,SPY_PUT,BUY_LONG PUT,81.77851927386808,392.7694175695058,-32120.10138489377,Delta:-0.09,11191.39,12.967202367327532
1210,2023-03-10,SPY_PUT,BUY_LONG PUT,90.89343397299223,353.1699477170284,-32100.829324062837,Delta:-0.09,11057.32,14.587255841255278
1211,2023-03-17,SPY_PUT,BUY_LONG PUT,80.21887459923697,399.92544132217927,-32081.5688264684,Delta:-0.09,11505.77,12.372334391162273
1212,2023-03-24,SPY_PUT,BUY_LONG PUT,69.61411652270696,460.5721006990633,-32062.319885172517,Delta:-0.09,12353.45,10.0
1213,2023-03-31,SPY_PUT,BUY_LONG PUT,78.78648673012066,406.7078483014919,-32043.082493241414,Delta:-0.09,12815.17,10.9098365727159
1214,2023-04-07,SPY_PUT,BUY_LONG PUT,107.87789866197411,296.85280340961594,-32023.856643745472,Delta:-0.09,12883.29,14.859244174352645
1215,2023-04-14,SPY_PUT,BUY_LONG PUT,148.2534526505438,179.89824046571047,-26670.53527479935,Delta:-0.09,13116.7,20.057237414325638
1216,2023-04-21,SPY_PUT,BUY_LONG PUT,146.14765138958657,182.39909949768338,-26657.200007161948,Delta:-0.09,12673.99,20.462997965433573
1217,2023-04-28,SPY_PUT,BUY_LONG PUT,133.17215060049816,200.07089535624502,-26643.871407158367,Delta:-0.09,13172.09,17.941124617956596
1218,2023-05-05,SPY_PUT,BUY_LONG PUT,95.53417270765055,334.50500967374364,-31956.659365745745,Delta:-0.09,12877.64,13.164773793310063
1219,2023-05-12,SPY_PUT,BUY_LONG PUT,103.69129529987886,308.0054625391839,-31937.485370126295,Delta:-0.09,12871.53,14.295618322746627
1220,2023-05-19,SPY_PUT,BUY_LONG PUT,134.57797465613245,197.64454374536695,-26598.602399086856,Delta:-0.09,12760.91,18.714721780542167
1221,2023-05-26,SPY_PUT,BUY_LONG PUT,152.22238467472332,174.64779017025757,-26585.30309788731,Delta:-0.09,12465.36,21.670293968170192
1222,2023-06-02,SPY_PUT,BUY_LONG PUT,173.87514661695522,152.82236112143258,-26572.01044633837,Delta:-0.09,12834.31,24.041191671107033
1223,2023-06-09,SPY_PUT,BUY_LONG PUT,159.1859638028495,166.84086841983103,-26558.7244411152,Delta:-0.09,12720.79,22.206578640976677
1224,2023-06-16,SPY_PUT,BUY_LONG PUT,183.35782838468648,144.773993631742,-26545.44507889464,Delta:-0.09,12606.14,25.811200737736918
1225,2023-06-23,SPY_PUT,BUY_LONG PUT,163.66622483737663,162.11147035815307,-26532.172356355197,Delta:-0.09,12772.96,22.738332527042036
1226,2023-06-30,SPY_PUT,BUY_LONG PUT,178.16803118993118,148.8421132178716,-26518.906270177016,Delta:-0.09,12727.66,24.84118293288697
1227,2023-07-07,SPY_PUT,BUY_LONG PUT,156.72425250951522,169.12281534367304,-26505.64681704193,Delta:-0.09,12871.9,21.606506766810774
1228,2023-07-14,SPY_PUT,BUY_LONG PUT,162.72720192216735,162.80249202776042,-26492.39399363341,Delta:-0.09,12942.3,22.31206303584903
1229,2023-07-21,SPY_PUT,BUY_LONG PUT,155.83803045534012,169.91454344788423,-26479.147796636593,Delta:-0.09,13068.81,21.16061619021822
1230,2023-07-28,SPY_PUT,BUY_LONG PUT,179.46077849754025,147.47460946237356,-26465.908222738275,Delta:-0.09,12810.3,24.860004526234526
1231,2023-08-04,SPY_PUT,BUY_LONG PUT,182.10512204511477,145.26046808322894,-26452.675268626906,Delta:-0.09,12836.87,25.174108333979408
1232,2023-08-11,SPY_PUT,BUY_LONG PUT,147.07897039350752,179.7636253521102,-26439.448930992596,Delta:-0.09,12529.89,20.830231333546656
1233,2023-08-18,SPY_PUT,BUY_LONG PUT,139.7251919591574,189.13002613194948,-26426.229206527096,Delta:-0.09,12513.97,19.813930020467975
1234,2023-08-25,SPY_PUT,BUY_LONG PUT,140.78250660324898,187.6157537552629,-26413.01609192383,Delta:-0.09,12624.07,19.789748671807004
1235,2023-09-01,SPY_PUT,BUY_LONG PUT,122.16757794379042,216.09505589137964,-26399.809583877868,Delta:-0.09,12319.87,17.59709072267157
1236,2023-09-08,SPY_PUT,BUY_LONG PUT,114.68978475314964,230.06939751328892,-26386.609679085926,Delta:-0.09,12456.77,16.33842024468413
1237,2023-09-15,SPY_PUT,BUY_LONG PUT,70.9625892421699,445.9828761474871,-31648.099649095657,Delta:-0.09,12592.74,10.0
1238,2023-09-22,SPY_PUT,BUY_LONG PUT,122.001654474006,216.04290891020378,-26357.592324421836,Delta:-0.09,12925.58,16.749679213680132
1239,2023-09-29,SPY_PUT,BUY_LONG PUT,120.16767327491603,219.2304536677652,-26344.413528259625,Delta:-0.09,12567.85,16.967495877179157
1240,2023-10-06,SPY_PUT,BUY_LONG PUT,104.08575855910733,252.97640797364923,-26331.24132149549,Delta:-0.09,12177.31,15.168084017943197
1241,2023-10-13,SPY_PUT,BUY_LONG PUT,125.0293887764881,210.49511605533723,-26318.075700834743,Delta:-0.09,12388.26,17.909876367705685
1242,2023-10-20,SPY_PUT,BUY_LONG PUT,139.12670484604675,189.07165732195355,-26304.916662984324,Delta:-0.09,12488.59,19.769152399083186
1243,2023-10-27,SPY_PUT,BUY_LONG PUT,147.54607017084257,178.19359183345097,-26291.764204652834,Delta:-0.09,12268.51,21.341598104777432
1244,2023-11-03,SPY_PUT,BUY_LONG PUT,146.77215630719496,179.04362096819787,-26278.61832255051,Delta:-0.09,12029.72,21.65106101252876
1245,2023-11-10,SPY_PUT,BUY_LONG PUT,148.36341226899685,177.03474604484995,-26265.479013389235,Delta:-0.09,12555.35,20.9695411268046
1246,2023-11-17,SPY_PUT,BUY_LONG PUT,125.08165026591541,209.88167503444163,-26252.346273882536,Delta:-0.09,12393.84,17.909302767763794
1247,2023-11-24,SPY_PUT,BUY_LONG PUT,103.37821840936918,253.81768523849442,-26239.220100745595,Delta:-0.09,11972.44,15.322769463603828
1248,2023-12-01,SPY_PUT,BUY_LONG PUT,103.33700860374869,253.7919458386938,-26226.100490695222,Delta:-0.09,11983.7,15.302273351935893
1249,2023-12-08,SPY_PUT,BUY_LONG PUT,130.13604546148028,201.4275702592239,-26212.987440449873,Delta:-0.09,12068.0,19.136097831680328
1250,2023-12-15,SPY_PUT,BUY_LONG PUT,121.57559371813942,215.50280073047716,-26199.88094672965,Delta:-0.09,12224.42,17.64855829286582
1251,2023-12-22,SPY_PUT,BUY_LONG PUT,83.16328794666265,377.8606880918612,-31424.137207507538,Delta:-0.09,12477.74,11.827330385830953
1252,2023-12-29,SPY_PUT,BUY_LONG PUT,135.81616323177727,192.69480387978751,-26171.06893765253,Delta:-0.09,11977.14,20.12284207898644
1253,2024-01-05,SPY_PUT,BUY_LONG PUT,107.67541509547765,242.9336667055239,-26157.983403183705,Delta:-0.09,12242.05,15.608224699338153
1254,2024-01-12,SPY_PUT,BUY_LONG PUT,124.98098492983883,209.1910575529486,-26144.904411482115,Delta:-0.09,12649.17,17.53367519643993
1255,2024-01-19,SPY_PUT,BUY_LONG PUT,105.53487114892015,247.6132455063291,-26131.831959276373,Delta:-0.09,12481.14,15.004880349389875
1256,2024-01-26,SPY_PUT,BUY_LONG PUT,99.12924426587978,316.1783334884573,-31342.519251956084,Delta:-0.09,12442.58,14.137820053858384
1257,2024-02-02,SPY_PUT,BUY_LONG PUT,95.4586080494197,328.13922579080946,-31323.71374040491,Delta:-0.09,12703.16,13.33504034087903
1258,2024-02-09,SPY_PUT,BUY_LONG PUT,109.55941603719373,238.11219400753538,-26087.432926800557,Delta:-0.09,12742.78,15.25725193860201
1259,2024-02-16,SPY_PUT,BUY_LONG PUT,83.17534094832641,376.18441590571166,-31289.26705240459,Delta:-0.09,12905.84,11.436661142793433
1260,2024-02-23,SPY_PUT,BUY_LONG PUT,106.7990638124005,243.9978745748636,-26058.744576810954,Delta:-0.09,12564.51,15.083874177633065
1261,2024-03-01,SPY_PUT,BUY_LONG PUT,115.45935039466661,225.5834206193981,-26045.71520452255,Delta:-0.09,12349.25,16.591270026909182
1262,2024-03-08,SPY_PUT,BUY_LONG PUT,118.46629421200538,219.74767185958058,-26032.69234692029,Delta:-0.09,12508.62,16.806467949806024
1263,2024-03-15,SPY_PUT,BUY_LONG PUT,96.15120353557037,324.7344812417794,-31223.61120089619,Delta:-0.09,12748.03,13.384508377271269
1264,2024-03-22,SPY_PUT,BUY_LONG PUT,134.11041681559422,193.90040544652643,-26004.064195146377,Delta:-0.09,13286.34,17.91215884600483
1265,2024-03-29,SPY_PUT,BUY_LONG PUT,133.80873129231097,194.24040503209167,-25991.062163048802,Delta:-0.09,13565.98,17.503475544554487
1266,2024-04-05,SPY_PUT,BUY_LONG PUT,155.91740732407254,166.61428045665335,-25978.06663196728,Delta:-0.09,13610.98,20.32807524459445
1267,2024-04-12,SPY_PUT,BUY_LONG PUT,162.4138029295991,159.86989486297716,-25965.077598651296,Delta:-0.09,13480.44,21.38009712980704
1268,2024-04-19,SPY_PUT,BUY_LONG PUT,108.06493979624764,288.1833287515858,-31142.514071822363,Delta:-0.09,13562.78,14.139271240281008
1269,2024-04-26,SPY_PUT,BUY_LONG PUT,107.36285414775953,289.8938260391689,-31123.82856337927,Delta:-0.09,13363.55,14.256835614059506
1270,2024-05-03,SPY_PUT,BUY_LONG PUT,133.20584663926067,194.59327456347933,-25920.96188853437,Delta:-0.09,13221.42,17.878701941278575
1271,2024-05-10,SPY_PUT,BUY_LONG PUT,127.83537740787881,202.66691375210291,-25908.0014075901,Delta:-0.09,13083.94,17.338178960381082
1272,2024-05-17,SPY_PUT,BUY_LONG PUT,137.28672680777134,188.6201820744442,-25895.047406886308,Delta:-0.09,12616.42,19.310048853635244
1273,2024-05-24,SPY_PUT,BUY_LONG PUT,140.75656160772354,183.87846070944852,-25882.099883182862,Delta:-0.09,13184.04,18.945713271743802
1274,2024-05-31,SPY_PUT,BUY_LONG PUT,136.23029191323732,189.89285327023217,-25869.158833241272,Delta:-0.09,12883.01,18.76494139618498
1275,2024-06-07,SPY_PUT,BUY_LONG PUT,159.70638316934813,161.89850236860877,-25856.22425382465,Delta:-0.09,13173.51,21.51353653013521
1276,2024-06-14,SPY_PUT,BUY_LONG PUT,172.74307478701516,149.60539618483358,-25843.296141697738,Delta:-0.09,13588.19,22.55952365049005
1277,2024-06-21,SPY_PUT,BUY_LONG PUT,187.08760024007097,138.0656679570497,-25830.374493626892,Delta:-0.09,13670.05,24.28655586438805
1278,2024-06-28,SPY_PUT,BUY_LONG PUT,199.17877221002803,129.6195323423138,-25817.45930638008,Delta:-0.09,13918.69,25.394258319358737
1279,2024-07-05,SPY_PUT,BUY_LONG PUT,177.65631184230162,145.2498383487357,-25804.550576726888,Delta:-0.09,13105.0,24.056623187624943
1280,2024-07-12,SPY_PUT,BUY_LONG PUT,138.78220703492488,185.8426152204655,-25791.648301438523,Delta:-0.09,12975.13,18.98072859400083
1281,2024-07-19,SPY_PUT,BUY_LONG PUT,123.02882912641988,209.53424217992446,-25778.752477287806,Delta:-0.09,13015.6,16.773886267641757
1282,2024-07-26,SPY_PUT,BUY_LONG PUT,132.41343614040846,194.5864698634327,-25765.863101049163,Delta:-0.09,13234.32,17.755026721815483
1283,2024-08-02,SPY_PUT,BUY_LONG PUT,132.62029002630638,194.18582303198335,-25752.980169498638,Delta:-0.09,13126.26,17.92915461655781
1284,2024-08-09,SPY_PUT,BUY_LONG PUT,127.65922637633865,201.63136194741,-25740.10367941389,Delta:-0.09,13103.76,17.288097810974957
1285,2024-08-16,SPY_PUT,BUY_LONG PUT,167.01440733528452,154.04200175333548,-25727.233627574184,Delta:-0.09,12949.65,22.886887003223503
1286,2024-08-23,SPY_PUT,BUY_LONG PUT,170.75384951682568,150.59320819719827,-25714.370010760395,Delta:-0.09,13290.6,22.799047594983318
1287,2024-08-30,SPY_PUT,BUY_LONG PUT,138.704093750482,185.2974352147822,-25701.512825755017,Delta:-0.09,12389.7,19.866413178117224
1288,2024-09-06,SPY_PUT,BUY_LONG PUT,138.5251026573482,185.44409335602435,-25688.66206934214,Delta:-0.09,12265.99,20.04087464993382
1289,2024-09-13,SPY_PUT,BUY_LONG PUT,99.27642779010685,310.35545871080734,-30810.981285968955,Delta:-0.09,12026.66,14.648461557756816
1290,2024-09-20,SPY_PUT,BUY_LONG PUT,136.940636195915,187.38347477043447,-25660.412247664484,Delta:-0.09,11468.68,21.188967676937473
1291,2024-09-27,SPY_PUT,BUY_LONG PUT,167.91373538143404,152.74260907411426,-25647.58204154065,Delta:-0.09,11137.29,26.754541227782653
1292,2024-10-04,SPY_PUT,BUY_LONG PUT,101.18214360694441,253.3525910471074,-25634.75825051988,Delta:-0.09,10914.88,16.450383204607522
1293,2024-10-11,SPY_PUT,BUY_LONG PUT,114.94786731494112,222.9005328232326,-25621.940871394618,Delta:-0.09,10612.16,19.221537537054232
1294,2024-10-18,SPY_PUT,BUY_LONG PUT,158.1019625042286,161.97857063459273,-25609.129900958924,Delta:-0.09,10539.44,26.620164632026345
1295,2024-10-25,SPY_PUT,BUY_LONG PUT,145.07007720621067,176.44110921388983,-25596.325336008445,Delta:-0.09,10012.42,25.711639382314722
1296,2024-11-01,SPY_PUT,BUY_LONG PUT,113.0828716131352,226.23697831855176,-25583.52717334044,Delta:-0.09,10118.31,19.832610197768375
1297,2024-11-08,SPY_PUT,BUY_LONG PUT,130.3997051246599,196.09504013301705,-25570.73540975377,Delta:-0.09,9906.06,23.359652755787614
1298,2024-11-15,SPY_PUT,BUY_LONG PUT,118.94552608898023,214.87104965116234,-25557.950042048895,Delta:-0.09,10228.6,20.635873538720748
1299,2024-11-22,SPY_PUT,BUY_LONG PUT,110.68913554033864,230.7830027068772,-25545.17106702787,Delta:-0.09,10213.9,19.231107898361557
1300,2024-11-29,SPY_PUT,BUY_LONG PUT,110.94542159572791,230.13476459201192,-25532.398481494358,Delta:-0.09,10489.58,18.769049851163853
1301,2024-12-06,SPY_PUT,BUY_LONG PUT,124.02274021195709,205.7657510117911,-25519.632282253613,Delta:-0.09,10519.12,20.92246111070915
1302,2024-12-13,SPY_PUT,BUY_LONG PUT,112.60238826380176,226.5215938968869,-25506.872466112487,Delta:-0.09,10747.09,18.592921959672726
1303,2024-12-20,SPY_PUT,BUY_LONG PUT,148.13716110691206,172.09806667943414,-25494.119029879428,Delta:-0.09,10954.73,23.99679706432743
1304,2024-12-27,SPY_PUT,BUY_LONG PUT,156.23897853142674,163.09228471587218,-25481.37197036449,Delta:-0.09,10804.89,25.660192491417156
1305,2025-01-03,SPY_PUT,BUY_LONG PUT,122.28382450480917,208.27473615185855,-25468.631284379306,Delta:-0.09,10964.02,19.79201383515661
1306,2025-01-10,SPY_PUT,BUY_LONG PUT,106.18117892291369,239.74019903487604,-25455.896968737114,Delta:-0.09,10859.65,17.35092327225168
1307,2025-01-17,SPY_PUT,BUY_LONG PUT,83.04038953687572,367.6741281511576,-30531.802824303293,Delta:-0.09,11289.16,13.053246996656739
1308,2025-01-24,SPY_PUT,BUY_LONG PUT,66.82389492582865,456.6253400295991,-30513.48374260871,Delta:-0.09,11169.07,10.617096864002509
1309,2025-01-31,SPY_PUT,BUY_LONG PUT,94.40730455865024,269.18093357047144,-25412.646376969293,Delta:-0.09,10625.55,15.766854295404418
1310,2025-02-07,SPY_PUT,BUY_LONG PUT,99.15081094327797,256.1748089817597,-25399.940053780807,Delta:-0.09,10409.7,16.902429378222518
1311,2025-02-14,SPY_PUT,BUY_LONG PUT,88.43039093272917,344.50473167849975,-30464.6881005047,Delta:-0.09,10484.08,14.967937711842037
1312,2025-02-21,SPY_PUT,BUY_LONG PUT,72.14949762859895,421.99059298197955,-30446.409287644397,Delta:-0.09,10709.37,11.955295423317638
1313,2025-02-28,SPY_PUT,BUY_LONG PUT,99.443808109796,254.9860571214589,-25356.78453505984,Delta:-0.09,11020.03,16.013483204852577
1314,2025-03-07,SPY_PUT,BUY_LONG PUT,120.8638220646666,209.6914172483498,-25344.106142792312,Delta:-0.09,11503.7,18.644454904321826
1315,2025-03-14,SPY_PUT,BUY_LONG PUT,110.58874567805647,229.0597830222727,-25331.434089720915,Delta:-0.09,11567.58,16.96522044020962
1316,2025-03-21,SPY_PUT,BUY_LONG PUT,77.93006106904103,389.86909070036916,-30382.522047211263,Delta:-0.09,11304.6,12.233219577685759
1317,2025-03-28,SPY_PUT,BUY_LONG PUT,117.60664487839504,215.1543149438221,-25303.57711165245,Delta:-0.09,11280.38,18.501171261637896
1318,2025-04-04,SPY_PUT,BUY_LONG PUT,114.69669586504811,220.50264946475767,-25290.925323096624,Delta:-0.09,11381.97,17.882343779634265
1319,2025-04-11,SPY_PUT,BUY_LONG PUT,119.80070026254432,211.00277214605168,-25278.279860435076,Delta:-0.09,11071.73,19.201487887828616
1320,2025-04-18,SPY_PUT,BUY_LONG PUT,128.0321680630734,197.33822446916673,-25265.64072050486,Delta:-0.09,11108.32,20.453225742290403
1321,2025-04-25,SPY_PUT,BUY_LONG PUT,108.94695608918447,231.79177102912706,-25253.007900144607,Delta:-0.09,11125.26,17.377849240522742
1322,2025-05-02,SPY_PUT,BUY_LONG PUT,109.32680072855312,230.8709413244766,-25240.381396194534,Delta:-0.09,10754.55,18.03953374653405
1323,2025-05-09,SPY_PUT,BUY_LONG PUT,131.74470027229287,191.4897612834151,-25227.761205496437,Delta:-0.09,11211.22,20.853123667421972
1324,2025-05-16,SPY_PUT,BUY_LONG PUT,129.18828355420086,195.18137892369077,-25215.14732489369,Delta:-0.09,11466.0,19.994109904595682
1325,2025-05-23,SPY_PUT,BUY_LONG PUT,145.06686365405685,173.73050686014776,-25202.53975123124,Delta:-0.09,11136.38,23.116128246185276
1326,2025-05-30,SPY_PUT,BUY_LONG PUT,132.48297227793262,190.13717799529965,-25189.938481355624,Delta:-0.09,11097.94,21.184038266993486
1327,2025-06-06,SPY_PUT,BUY_LONG PUT,127.09531073854176,198.0981309680995,-25177.34351211495,Delta:-0.09,10712.74,21.053278264287254
1328,2025-06-13,SPY_PUT,BUY_LONG PUT,132.0635777971926,190.55030357426708,-25164.754840358888,Delta:-0.09,10499.11,22.321394235508546
1329,2025-06-20,SPY_PUT,BUY_LONG PUT,111.22974808328604,226.12810778017223,-25152.17246293871,Delta:-0.09,10284.6,19.192189163717828
1330,2025-06-27,SPY_PUT,BUY_LONG PUT,129.9209596474319,193.49915860326823,-25139.59637670724,Delta:-0.09,10636.68,21.675250879062407
1331,2025-07-04,SPY_PUT,BUY_LONG PUT,123.86726129685681,202.85446142463874,-25127.026578518886,Delta:-0.09,10514.77,20.904885424843023
1332,2025-07-11,SPY_PUT,BUY_LONG PUT,132.85508493366768,189.03652109190145,-25114.46306522963,Delta:-0.09,10816.12,21.79705032068187
1333,2025-07-18,SPY_PUT,BUY_LONG PUT,137.63942387188726,182.37438901997655,-25101.905833697016,Delta:-0.09,10524.57,23.20754916001855
1334,2025-07-25,SPY_PUT,BUY_LONG PUT,134.94152174697018,185.92761187194404,-25089.354880780167,Delta:-0.09,10371.52,23.088417897063746
1335,2025-08-01,SPY_PUT,BUY_LONG PUT,109.12525804331528,229.79840463136398,-25076.810203339774,Delta:-0.09,10507.8,18.429109810536556
1336,2025-08-08,SPY_PUT,BUY_LONG PUT,110.38711486415953,227.05794810455697,-25064.271798238104,Delta:-0.09,10356.42,18.914701130355336
1337,2025-08-15,SPY_PUT,BUY_LONG PUT,103.9232637342075,241.05997793151414,-25051.739662338983,Delta:-0.09,10445.83,17.654721357042284
1338,2025-08-22,SPY_PUT,BUY_LONG PUT,93.36810813593786,268.1773711860195,-25039.213792507813,Delta:-0.09,9996.35,16.574796244171882
1339,2025-08-29,SPY_PUT,BUY_LONG PUT,134.35774459325782,186.26908527956505,-25026.69418561156,Delta:-0.09,10068.93,23.679384467913838
1340,2025-09-05,SPY_PUT,BUY_LONG PUT,119.82654755469635,208.7532466634801,-25014.180838518754,Delta:-0.09,9969.68,21.328619712501258
1341,2025-09-12,SPY_PUT,BUY_LONG PUT,113.92580881973174,219.45574937861883,-25001.673748099493,Delta:-0.09,9647.06,20.956463077410923
1342,2025-09-19,SPY_PUT,BUY_LONG PUT,110.14915191661197,226.86668463996355,-24989.172911225443,Delta:-0.09,9613.67,20.332127496653477
1343,2025-09-26,SPY_PUT,BUY_LONG PUT,95.35898805667483,261.9226444593289,-24976.678324769833,Delta:-0.09,9887.5,17.114577110232176
1344,2025-10-03,SPY_PUT,BUY_LONG PUT,88.99143865397575,280.5235016221659,-24964.189985607445,Delta:-0.09,10388.11,15.202064496547749
1345,2025-10-10,SPY_PUT,BUY_LONG PUT,91.0353236888368,274.08819872932844,-24951.70789061464,Delta:-0.09,10273.98,15.72396183384384
1346,2025-10-17,SPY_PUT,BUY_LONG PUT,114.83567410724794,217.1732105946272,-24939.232036669335,Delta:-0.09,10396.58,19.60095083043678
1347,2025-10-24,SPY_PUT,BUY_LONG PUT,93.72748385544959,265.9493394604947,-24926.762420651,Delta:-0.09,10517.39,15.814304666619863
1348,2025-10-31,SPY_PUT,BUY_LONG PUT,87.57949803980152,341.37166250646584,-29897.15884732881,Delta:-0.09,10987.51,14.144712519856348
1349,2025-11-07,SPY_PUT,BUY_LONG PUT,91.9542337502443,270.77981561616633,-24899.350460017013,Delta:-0.09,10214.15,15.97572607309916
1350,2025-11-14,SPY_PUT,BUY_LONG PUT,111.68831495632918,222.82457027414134,-24886.900784787,Delta:-0.09,9976.6,19.866264576096025
1351,2025-11-21,SPY_PUT,BUY_LONG PUT,90.3868863969244,275.1998473004267,-24874.45733439461,Delta:-0.09,9783.46,16.394722307977986
1352,2025-11-28,SPY_PUT,BUY_LONG PUT,56.43479511890067,528.6530067844793,-29834.42412687289,Delta:-0.09,9872.96,10.143566755319938
1353,2025-12-05,SPY_PUT,BUY_LONG PUT,56.00317628490775,532.407721317621,-29816.523472396773,Delta:-0.09,9938.11,10.0
1354,2025-12-12,SPY_PUT,BUY_LONG PUT,104.94838253237874,236.61340968515196,-24832.194631927778,Delta:-0.09,10418.76,17.875197591746215
1355,2025-12-19,SPY_PUT,BUY_LONG PUT,141.78108207607943,175.0570539537396,-24819.778534611818,Delta:-0.09,9883.17,25.457329613527627
1356,2025-12-26,SPY_PUT,BUY_LONG PUT,145.42566887099335,170.58452498747693,-24807.36864534451,Delta:-0.09,10216.17,25.260605553802023
1357,2026-01-02,SPY_PUT,BUY_LONG PUT,143.67045817190277,172.58220845481316,-24794.964961021837,Delta:-0.09,10435.58,24.431026155300536
1358,2026-01-09,SPY_PUT,BUY_LONG PUT,124.52387893060593,199.01859540010022,-24782.56747854133,Delta:-0.09,10322.86,21.406402624126855
1359,2026-01-16,SPY_PUT,BUY_LONG PUT,151.97842559657474,162.98481904631814,-24770.176194802058,Delta:-0.09,10276.32,26.24431068867532
1360,2026-01-23,SPY_PUT,BUY_LONG PUT,170.47723699897273,145.22637474969073,-24757.791106704655,Delta:-0.09,10983.07,27.54442866500296
1361,2026-01-30,SPY_PUT,BUY_LONG PUT,156.1106795043662,158.51197554014365,-24745.412211151302,Delta:-0.09,10554.85,26.24650471543229
1362,2026-02-06,SPY_PUT,BUY_LONG PUT,135.18611142340376,182.95547704291673,-24733.03950504573,Delta:-0.09,10312.12,23.26350272111697
1363,2026-02-13,SPY_PUT,BUY_LONG PUT,134.20274519378395,184.20392928324557,-24720.672985293204,Delta:-0.09,9679.36,24.603994769332306
1364,2026-02-20,SPY_PUT,BUY_LONG PUT,111.49501706635509,221.6091202900634,-24708.31264880056,Delta:-0.09,9255.69,21.376551120065006
1365,2026-02-27,SPY_PUT,BUY_LONG PUT,90.41039503816359,273.1539717534872,-24695.95849247616,Delta:-0.09,9751.41,16.45288363337269
